product_id,category_name_portuguese,category_name_english,product_weight_g,product_length_cm,product_height_cm,product_width_cm,base_price
408aa0349beb458386099bee4de73f2f,cool_stuff,cool_stuff,1897,28,25,37,154.46
9a0b66b0a9894462a677a7753ec15993,cama_mesa_banho,bed_bath_table,1312,45,26,21,108.56
12d7b58f736e462198d4e09ab96b02ae,beleza_saude,health_beauty,1129,25,21,10,69.63
76f89498635440efb588ffa6c2ba5516,ferramentas_jardim,garden_tools,1050,19,22,17,85.57
935afd843cf044f5b377806802d8fc57,moveis_decoracao,furniture_decor,2672,27,20,13,132.78
bc30296f02f24b4b93b3866baa8d5cf2,informatica_acessorios,computers_accessories,1588,18,23,20,131.87
ec9c7eab7d7547b283acef3f61ba2bb0,informatica_acessorios,computers_accessories,1018,48,19,16,182.01
19cc7db5c3c446b4a1a0fdf3cf9e61b6,esporte_lazer,sports_leisure,523,32,5,14,120.91
e7e22254334c4241a4f7f10b94e9cca5,ferramentas_jardim,garden_tools,2090,31,19,22,83.25
35623c8345d24cb68bfa16e7657dd3e9,cama_mesa_banho,bed_bath_table,924,25,28,27,50.92
fd8c0fba06714c3a9c415e0e8a80fd18,cool_stuff,cool_stuff,1759,26,14,29,211.39
6df17696d73342739ad864d09cae209a,ferramentas_jardim,garden_tools,2245,21,17,27,169.14
79103318b4aa4d129894f8af4696a764,eletronicos,electronics,1116,28,11,15,110.31
b1c820d0d63841c0849fda9d65decdc1,automotivo,auto,2584,29,28,27,114.2
2e31fe13b09d4dcc8ee9c6a18d466b48,cama_mesa_banho,bed_bath_table,1789,45,19,37,29.51
eb64248b53324ce690a8e6996c3a7688,brinquedos,toys,2157,30,17,25,50.37
c227f3d90f144132b849fac930f459f2,utilidades_domesticas,housewares,1324,33,31,20,68.83
bdb096843dc74d8e93c7d91b7172af4f,beleza_saude,health_beauty,1098,39,22,20,147.96
2a337b6391aa44e894709bdc5bcb65b3,beleza_saude,health_beauty,1577,39,14,22,116.28
b965be3126b644c78e3c5e72f94fc559,cama_mesa_banho,bed_bath_table,329,32,22,25,89.14
51edbe8f96ce4a23896c6929928e3a8a,informatica_acessorios,computers_accessories,367,25,17,18,137.74
ee54c878e5234c548abc2c4229bf7f30,informatica_acessorios,computers_accessories,1823,48,21,27,141.65
464c79d853b0432ba4b83d1781a73aa8,automotivo,auto,100,29,20,44,132.31
87ee03b5ead34912a6bf482ca54a45c9,brinquedos,toys,1741,29,10,34,132.56
8b693d0a6330457988fa1a1535cf109f,beleza_saude,health_beauty,2132,20,31,13,150.54
3faa1d6f690a430f81107478344cc374,automotivo,auto,3252,20,15,25,119.86
b5747eff176f4fc4b7de7b2842e3cadc,informatica_acessorios,computers_accessories,259,30,11,28,103.63
2f8d54dd93b24111928889c1b7738d9b,ferramentas_jardim,garden_tools,2739,22,17,31,91.92
2febb4fb8f8e43219dc5b830cacd0a1c,cool_stuff,cool_stuff,1681,43,7,26,176.69
8268ae6824484a398cadfa24b80fef98,ferramentas_jardim,garden_tools,2125,17,9,29,145.39
c69f02bae4604cc8bed4597e18265124,automotivo,auto,1700,33,14,26,151.72
b3c9398d1e0c423d926ed69bc0efd3b6,utilidades_domesticas,housewares,928,48,23,15,98.13
3f9265784cf1404eadcbb327d3f675fe,informatica_acessorios,computers_accessories,720,37,29,18,188.35
d35f2adaec774473b3f7657c8f0a12b1,telefonia,telephony,1830,38,35,23,59.93
13886f338f61467a9b6fcaf7b6c1563a,brinquedos,toys,788,21,19,27,118.3
06391db549d54ae28db1bd44ab13bba9,moveis_decoracao,furniture_decor,2161,30,31,22,296.01
5cf165be0d5e49a8bf687dd8c25a9a26,perfumaria,perfumery,2000,21,11,28,118.3
de123d69ebbd46d6b4078f7da28623ec,bebes,baby,2071,34,19,18,76.98
5a69b329cc5c4ad2a834356ecb930bda,beleza_saude,health_beauty,1142,38,21,15,136.06
2d9b7552b7b5492a8f412f776473d89f,perfumaria,perfumery,1808,21,21,25,90.71
e70b20f48329438a8575fead53ec326a,perfumaria,perfumery,1786,35,28,33,83.67
82ed6fefa4594dfe819fbf60e298e82e,esporte_lazer,sports_leisure,749,35,24,29,230.58
8c9fb4db71cc49a2bb4c0b3dc019e31f,ferramentas_jardim,garden_tools,1956,41,27,30,123.97
e4c5631c14d24ece9d7435de091b1c2a,utilidades_domesticas,housewares,2107,22,18,21,86.64
352f793322c444ea8d7ad6165d075c4d,relogios_presentes,watches_gifts,3351,11,25,12,181.68
744ecca200cb4a88aaeb031b1c943a29,moveis_decoracao,furniture_decor,2371,30,11,19,193.98
3304103de15e4571bd1249df31f0d128,esporte_lazer,sports_leisure,915,32,20,19,179.32
b98fab56f0b24f60833e742eed97aaaf,informatica_acessorios,computers_accessories,2007,10,21,19,183.36
332f7e0d457b40a281ee366deaaf23b5,perfumaria,perfumery,865,28,24,31,88.99
22e8a1a8a9024d25b9478cdb9c998cc9,relogios_presentes,watches_gifts,1232,25,14,39,234.3
f800d10980c64c8385fa974562203660,cama_mesa_banho,bed_bath_table,491,39,36,33,57.02
3abee6f0d04744f0828ab4cda3d571ee,cama_mesa_banho,bed_bath_table,1112,42,14,28,114.37
4c871aa077094bca9cb7d74d1f5f2bd4,utilidades_domesticas,housewares,758,29,5,16,79.95
884216cd526242ddb42e60c2c69096ba,cama_mesa_banho,bed_bath_table,501,46,8,21,98.27
92fb86efa1054d568b5037e6f8d29180,relogios_presentes,watches_gifts,2653,15,29,25,151.11
d3abe4a20b0943e9a467413da47e207f,bebes,baby,1869,31,15,25,116.51
b78d017b3e3a48a59adb0a83c8235247,relogios_presentes,watches_gifts,1590,36,32,15,337.98
c4d426e8c03d484b99d694a721bfdb77,brinquedos,toys,100,28,24,27,91.32
6d823adb8c234e41b0b26ab0d7bdeb05,moveis_decoracao,furniture_decor,1333,25,15,31,177.85
a999061804cb45aca912d9f53b138a46,perfumaria,perfumery,945,38,22,31,143.89
b7a93288518147c09fd6c9b087a78d6b,beleza_saude,health_beauty,836,24,25,29,129.27
66aefe529ea04a8eb19089556f7fc11c,ferramentas_jardim,garden_tools,1593,42,15,29,127.92
fede3e4a25ef443f898f85ecaf955d5b,telefonia,telephony,1325,40,26,31,101.11
3a50b7eb6118406ebdbcd638cca12c6b,automotivo,auto,1516,36,17,27,134.79
81e4c84f657340a5ada519d16a06bb00,cama_mesa_banho,bed_bath_table,1577,35,13,41,69.85
9cd9e203c2f04bf18fd1d3eb4ad304d6,eletronicos,electronics,528,41,26,29,105.71
71a05342d2e44764a3ae4a420dbaaaaf,utilidades_domesticas,housewares,1490,21,20,19,104.5
513c8d3d219c45349d0cea11384f06e3,cama_mesa_banho,bed_bath_table,1382,21,17,28,80.91
65b69e50909743bf919c58e5d7e9007e,automotivo,auto,842,32,21,20,121.16
c873aaa98e534bebad85266d6a26c861,moveis_decoracao,furniture_decor,1685,15,8,19,149.33
67352e9bd15d425ab0e6522afca5099b,bebes,baby,1748,44,26,23,129.33
e1ffa9ed91d44a049f502380cc3c511d,cool_stuff,cool_stuff,697,29,17,27,127.77
586bf61be6944a7d9dcbff42b83604bc,brinquedos,toys,1915,45,19,28,130.7
969e8163401547d2bf737d4b83aa41ed,eletronicos,electronics,1179,32,20,25,70.67
2cda163c4c4f445586fae43571fa3ecc,bebes,baby,1519,34,31,32,205.36
af3f0c917e14474e8d4a5ff75cc49f66,relogios_presentes,watches_gifts,886,38,21,42,161.5
942d4697f5284a98875bc1a545d8a1d8,brinquedos,toys,828,24,5,20,87.23
889a1425c6784070bad3e9898086e61b,informatica_acessorios,computers_accessories,1620,33,35,32,119.04
727c6f605f3f454cb053dfc6ef79fb99,ferramentas_jardim,garden_tools,781,34,9,39,176.28
4b3b2aa018e04a2d8d4210e46275645f,cama_mesa_banho,bed_bath_table,1124,12,30,24,125.95
d91cd6b6dfd54b3ea813c1f82e8b5755,beleza_saude,health_beauty,224,24,20,25,114.25
0191fbea77b14f97a1cfdd2cdd715ac0,cool_stuff,cool_stuff,1998,19,18,25,188.15
c2d69630ad084c3283f5db2cff0556ad,informatica_acessorios,computers_accessories,2069,18,7,35,159.95
a95826db73174737bad76c80cc53ac55,perfumaria,perfumery,901,45,20,34,127.03
8d061a2a718145618aa9efeb6e90e46a,moveis_decoracao,furniture_decor,3148,47,18,32,192.27
022654afa913432f938317e11e55c89e,cama_mesa_banho,bed_bath_table,2594,20,25,33,51.03
dc02254490d14ed09f9eb5e1caba82c3,bebes,baby,553,10,17,30,182.58
5b4a1f4d3941434197268e8cfd96d647,informatica_acessorios,computers_accessories,1559,46,8,11,142.5
6c1062c279b04405bc8561884821022b,bebes,baby,1807,29,5,24,84.34
39a0beecf9b04d4ca35969e12b307da5,cama_mesa_banho,bed_bath_table,2035,33,12,20,68.52
8c66bcd44d124a3885ffb91d1a5f746a,utilidades_domesticas,housewares,1449,39,12,29,74.39
aec32d820dfd48a38e2baa00dba491a3,moveis_decoracao,furniture_decor,865,28,11,20,100.11
a81443ff0cd44306a9b254efb7a420d5,telefonia,telephony,3071,30,14,26,72.75
5f47e6074b3c4b93a226be334a6864fe,cool_stuff,cool_stuff,1323,36,26,20,139.09
8bdda09b55fd4035bfe0d5f8cff2569a,bebes,baby,1279,10,7,35,187.57
9c9021c478084db9b3a5f3c4f017fb91,relogios_presentes,watches_gifts,1300,35,22,49,277.17
b7857bd27d41442fb3aa75fe26f39f16,esporte_lazer,sports_leisure,1397,20,7,26,92.31
33dcf4c17a6640bab0c11afceea55a79,relogios_presentes,watches_gifts,362,23,11,38,262.9
52165ab55bd144af836efeddd7197b03,relogios_presentes,watches_gifts,1493,44,20,18,301.39
f8f591e857b745a4919ed7c6f2d26ff0,informatica_acessorios,computers_accessories,1931,19,18,17,82.77
b11e8c25d1f8434da00da55acbd0f0a4,cool_stuff,cool_stuff,2240,49,8,29,135.72
e8da86d57b7f45328e90bf2cf4ed16b1,moveis_decoracao,furniture_decor,1110,24,13,25,118.45
7a80bd7ba8364749a7001b3a9db80f6c,ferramentas_jardim,garden_tools,1716,29,18,17,114.81
0c615d7fc97a43e8b0586ae15c72e541,eletronicos,electronics,2104,35,12,25,108.78
7f3c5310d53142d58f2a4d19c180ac42,cool_stuff,cool_stuff,164,35,14,29,130.65
f95401380a8647549354f3330747e7c1,cool_stuff,cool_stuff,100,13,20,27,124.31
8cec706422c1417d955a6339a41e8579,cama_mesa_banho,bed_bath_table,2010,13,19,15,78.7
9115b00b1af14f68b6067e7cb49737f5,brinquedos,toys,1537,21,16,33,92.69
8c9a184b78134cac84d95069435e54c6,cool_stuff,cool_stuff,2168,18,24,36,53.78
9a4789496f0447bda0813361d716fd60,esporte_lazer,sports_leisure,862,35,18,27,96.88
39546dec0b1d4165b6e82e14afc11507,automotivo,auto,1569,28,29,27,153.5
9c9e994fcf12478b94f62bc3792814a9,ferramentas_jardim,garden_tools,1170,25,16,28,120.27
20c38c08a88f4a9c96325eb01df624bd,informatica_acessorios,computers_accessories,1731,50,26,22,199.05
4532ed2e7dbb4b4da28c3b2239707308,esporte_lazer,sports_leisure,1173,10,11,10,104.45
0a938f575033413f8ec8ec6ab543c83d,telefonia,telephony,1514,46,22,23,91.59
e8bc5f3dea59422eaf00a0f32b415d3b,utilidades_domesticas,housewares,100,32,26,13,107.88
b6bb179022cf48a392cdb5379660a084,moveis_decoracao,furniture_decor,1770,25,25,43,169.09
c8e37553dba345d28a0f42029cfb25b2,eletronicos,electronics,1698,25,13,31,68.6
5562726beea8496c80f07f8581bd4cdb,cool_stuff,cool_stuff,1557,25,23,27,211.69
70ee568530044ec4a574a00b4d3f4e5d,ferramentas_jardim,garden_tools,1091,27,12,21,148.21
24c86bc37f074f0e8f63af6e2b848902,automotivo,auto,2105,20,26,35,156.54
9471aa25e5de49dfb0b2dcd256ab79e1,informatica_acessorios,computers_accessories,3001,22,10,10,212.32
ce867b3c29d24f48944e01ff313e062e,cool_stuff,cool_stuff,2023,29,22,15,275.06
eb7ed48493594e35b3d37e0d59e892c9,relogios_presentes,watches_gifts,1603,31,25,28,223.43
b84d080077354ef38b8b30c22bab7317,bebes,baby,867,34,35,35,185.76
e684d93a23fc460a99214724e8cad5fa,perfumaria,perfumery,1091,20,18,25,157.83
57e3953a84b94fd5aa2a52a0b386c910,perfumaria,perfumery,146,45,18,21,94.64
9da74d128a074024be834e285e7a74f2,beleza_saude,health_beauty,176,38,20,14,84.67
3761375421cb454ca571efe1162b7833,informatica_acessorios,computers_accessories,1231,46,17,12,133.94
f3989ceb79aa446f9a7605fa93003d07,bebes,baby,1281,10,19,23,154.37
96a5fb3eaab440bc8310b2d91ea72c7a,beleza_saude,health_beauty,2979,41,17,16,220.07
d44f9659c0354027aaa8ee1be3d6b368,perfumaria,perfumery,1547,30,19,26,120.67
f8ff3473ae6f4a0d93f3f4030eb09d41,relogios_presentes,watches_gifts,1041,24,19,20,167.23
78d277aeab6b45cd93fa8cbf52d19ace,utilidades_domesticas,housewares,1585,27,32,10,106.83
81747c29a4d24ca49b742b5029623dec,moveis_decoracao,furniture_decor,2496,10,17,22,89.62
9748c658f6074327aad9b97aa023568b,cama_mesa_banho,bed_bath_table,877,18,34,32,126.79
6599d780ca264adc87df78dc7cf2ae30,informatica_acessorios,computers_accessories,2077,18,15,28,90.0
7fc6eaa88edc4fcbb1a9968dee54ccf3,eletronicos,electronics,2070,27,17,30,101.11
4f6115f35030412d9421e68828de741e,brinquedos,toys,1211,41,11,29,127.79
7f373e8e8eef4794bce48f6062b7822d,eletronicos,electronics,1252,33,9,32,85.38
d36a76385f7f4b50b8473639202b40f0,ferramentas_jardim,garden_tools,1081,40,14,13,80.52
30f900b394ff4339b693348e2c7b1a79,relogios_presentes,watches_gifts,1984,17,34,10,311.79
01ae7304b9494e879dced70cacdf8fbe,informatica_acessorios,computers_accessories,1668,29,15,28,143.31
cbd0c4b43e5f4775bfa54d64beb923a7,cool_stuff,cool_stuff,2382,31,21,22,162.44
5841cc6731a947bfb397341a6635b74b,telefonia,telephony,1746,12,9,30,78.42
0c327610fc71410ba1179caa3400341d,utilidades_domesticas,housewares,1352,30,22,20,69.43
76582da77c6248ceb3e6613a03180841,eletronicos,electronics,1656,20,23,11,115.73
6f79030f8ac14c62bb83ce09f6606e1f,eletronicos,electronics,1878,32,27,38,115.36
650485dde504468b9fa4e2e60c04b78f,cool_stuff,cool_stuff,100,17,15,25,188.29
8066ac70fbf84afc83a52832221b88e1,telefonia,telephony,919,31,13,20,46.87
faf8f1381b7340ebb0ac03c78ab99001,esporte_lazer,sports_leisure,761,16,12,33,86.52
b452a725ce3c44f1b1a8b0db0e9ef16b,moveis_decoracao,furniture_decor,3605,34,21,18,195.02
ecd6598ebade4efbb05c3ab863176c8f,esporte_lazer,sports_leisure,1039,31,40,24,149.48
f2d27684f17246d0855fd1cd1b42998e,informatica_acessorios,computers_accessories,937,29,34,19,226.56
90ad6deb04c941229d55fe3e66b27411,ferramentas_jardim,garden_tools,2066,24,25,32,156.76
e161ec8f585b43fa943608516ae0ae0f,automotivo,auto,243,22,18,24,164.83
dd712ddcbf06462b93a13af6be2d3aa8,automotivo,auto,1642,16,23,29,162.39
40bb8af6f4c04cbb941f4107a486a202,moveis_decoracao,furniture_decor,2364,38,23,24,76.95
7b1fcce4ddc740ac94d261320b894990,ferramentas_jardim,garden_tools,1843,32,22,14,97.16
65133e38e47e45978b46c5ef79c02106,brinquedos,toys,2342,29,25,25,110.89
99c5efdf54ff44ff930340614dd5ec27,utilidades_domesticas,housewares,2250,24,20,21,76.31
bf3cac9968b74607a908df1dbb191e23,eletronicos,electronics,1252,32,16,35,67.63
3570801a2d834e50bb0c9d6fc073a5f3,brinquedos,toys,1350,25,31,26,140.96
31e1a3c7cf46426b884dfbfd853af501,utilidades_domesticas,housewares,311,32,27,25,106.31
3957502b23db443c9623425fe29ea250,relogios_presentes,watches_gifts,1086,44,38,22,183.27
b72af93ddb2b4a31a6d06201647af482,informatica_acessorios,computers_accessories,2662,45,15,21,132.32
938587c6fad74bf2916c82c1252ae0f6,esporte_lazer,sports_leisure,424,20,11,18,113.96
f22ac6d1250e46dd9f009e8eebaf5924,automotivo,auto,1687,45,12,32,131.44
add94a05df564ad988af16de3e80f06c,telefonia,telephony,1460,36,11,28,78.33
32d35cd3c2724879a407214282f482b9,cama_mesa_banho,bed_bath_table,1893,32,39,19,81.73
d82817d132874b9b965e15469fd0a265,perfumaria,perfumery,1001,24,14,34,167.62
8fac383abde04858b8435e991b4bef37,beleza_saude,health_beauty,1043,21,23,20,152.15
ae416605f1004c4786cc1d727315c6d4,bebes,baby,1662,14,32,39,108.55
6ca9b730dda24cd981833331687fc569,cama_mesa_banho,bed_bath_table,1189,32,22,30,145.26
525bd9e2dd44472ea53389d0ef782646,esporte_lazer,sports_leisure,1358,22,8,19,114.01
b6ee2801c8bd483990428303c6a0e0e7,cool_stuff,cool_stuff,2935,24,21,24,218.48
7048953763b343d58456166f98c3ed6e,esporte_lazer,sports_leisure,3521,24,16,33,135.46
e1fb86e000904489a9425f81d2ccbe63,perfumaria,perfumery,2977,35,17,29,158.26
c371a1fb24a348cea8b2d64dd72f8ba6,cool_stuff,cool_stuff,2156,35,28,34,227.2
ead480e028704d1ebd733bf4e555bd5b,utilidades_domesticas,housewares,2018,28,21,34,68.66
ac6cdacb7a684028a6e476c747cfe511,brinquedos,toys,1794,26,20,35,115.73
22acc4f5f05644c88c7f3b9511719a11,cama_mesa_banho,bed_bath_table,1537,16,25,30,149.08
21d7c4a5cedd4be9a8e916e492853e76,utilidades_domesticas,housewares,1253,32,21,37,83.09
e821bd3e316d4a47ba1e1e3a227a5eee,utilidades_domesticas,housewares,1723,36,21,21,88.88
4d1b7d3438664361b8a5615715ed86f3,brinquedos,toys,2358,19,21,19,145.85
4eabd552e8cc47d6b76f92e872d8c072,telefonia,telephony,281,24,23,37,73.68
09499ccf0534472a9f22b08d2ab752a2,automotivo,auto,1055,48,8,10,157.6
02c4d93ae765418190276e9c09ca75c4,moveis_decoracao,furniture_decor,1098,19,25,26,131.8
e05694ca57694e9887ec20a19491e993,automotivo,auto,475,38,25,24,213.87
2ed942992ef24e06966e0ee7d3ab58f6,bebes,baby,643,14,14,24,138.52
0e049aec9c5f433582e0614b1aec6b0a,beleza_saude,health_beauty,1307,33,9,36,127.12
67a6ec2602564d528097cae168f5d6d5,cool_stuff,cool_stuff,2393,33,23,29,185.15
b2b13745dc1144189c928f80dbe47933,ferramentas_jardim,garden_tools,2014,43,21,30,131.86
3f83b6de39ab496dac5251a73cffe52c,cama_mesa_banho,bed_bath_table,2652,23,34,24,59.23
59cad92210ac43d583c74eeb8f31c109,cool_stuff,cool_stuff,1602,23,26,19,144.92
06ca41b0055b41dfbce39147bd3d10aa,eletronicos,electronics,100,25,5,12,109.01
6c1b70fe73894db1aa03f02f13887234,automotivo,auto,2128,34,12,24,139.86
1dd60ce201794c19a3acb33b4a38c680,perfumaria,perfumery,573,45,27,23,125.81
c75e3ca27ddc4004835c5a3219dbcf0f,moveis_decoracao,furniture_decor,1666,10,18,19,109.92
34700a9b93514314802ce5a67d1fbbe5,perfumaria,perfumery,1275,47,25,20,142.18
fbf532d47ecb4bd4a9f27ba2fd663cf0,cool_stuff,cool_stuff,2619,39,20,19,196.42
d3e002f8af124c97872bb4e1e5d8477a,relogios_presentes,watches_gifts,1814,38,25,33,177.89
10282edd8f914dd8b65931fc25cdc977,cama_mesa_banho,bed_bath_table,2553,31,36,19,138.4
ca59c43881a145faab163fe64c7f26bb,moveis_decoracao,furniture_decor,1658,23,16,22,181.21
eca24290569343b09f7790da070d395e,utilidades_domesticas,housewares,1918,24,19,42,119.55
cbcc8bb8fef145e285bb483784790841,esporte_lazer,sports_leisure,1849,30,20,29,84.32
20f99a230af744b688a551c13542f86a,telefonia,telephony,1294,13,23,30,65.34
497c84b8525d44b8b7d55aaae0dfced7,beleza_saude,health_beauty,2759,17,8,26,166.65
dd9dd0428a21423c8ab289648507a4a3,ferramentas_jardim,garden_tools,2847,25,28,24,128.96
2e50c3b1575d44e2b291cd98466c53d8,eletronicos,electronics,2206,36,7,36,124.5
6d1754f715ab430ab1754055fa050147,ferramentas_jardim,garden_tools,999,33,23,27,115.74
59177763200b499bb96d90d4adc6019b,moveis_decoracao,furniture_decor,962,29,29,29,141.47
656532e5228843ddbaa500038c3d1731,automotivo,auto,2117,10,29,11,125.5
a5fcd1fbe3ab4ed98390b8925007fbae,perfumaria,perfumery,604,17,29,21,135.4
2e84f0bdbf614f6b9d201d7165d3446a,esporte_lazer,sports_leisure,1462,34,20,14,144.89
5c45c2ad35bc4ff691aa497edcc7b0ba,automotivo,auto,1104,14,16,37,174.01
b8ad1d322e0e4bbab1ffafbb3cf0223a,eletronicos,electronics,1221,26,17,41,99.55
de311dc9ba7747c4a0234e63f6656132,cama_mesa_banho,bed_bath_table,1844,40,21,22,90.09
af1df9f484aa48b5afd386dee19f6b79,bebes,baby,1442,29,25,25,155.64
e3dec3e7b1e54a269821dac2ad66b1ae,cool_stuff,cool_stuff,1435,30,5,32,180.59
b2bb767104b84a11b913746f513cdda1,moveis_decoracao,furniture_decor,2298,10,36,23,215.41
db859800e92a4423a09596402c678c5c,bebes,baby,668,36,11,20,196.99
cba9e3e813f94298a3d2192059eb393a,cool_stuff,cool_stuff,1347,32,26,28,171.77
1f3b2a3137b44ca796a1cccdc6db24f6,automotivo,auto,1791,54,19,26,182.03
216794c51e8549fd8292d1101eea4987,brinquedos,toys,2384,41,25,15,159.0
7b43a3fc5f73489891df9c14bc6231fc,informatica_acessorios,computers_accessories,582,33,13,24,159.79
d19dc7ce1a9a4dedbaab8fcde47e0b5d,esporte_lazer,sports_leisure,1757,34,32,28,107.68
6108fd3a1e5244ef9051dbcca0af28f2,relogios_presentes,watches_gifts,2271,41,10,29,252.07
8211812da7a34249972d9b100bb250c3,perfumaria,perfumery,1261,43,18,26,119.81
aeaf65f4d93541f0b197a545925a1692,esporte_lazer,sports_leisure,1512,19,8,37,89.59
9a7be58810d243b3929ad4ae08a8e94d,automotivo,auto,706,10,14,14,205.68
c29d8d82c6424a6399c2cf177f500b65,perfumaria,perfumery,2307,23,38,32,115.26
c1dd7aba826d4b428d0a4b3533a84937,eletronicos,electronics,100,52,8,11,115.56
5b919c5581fc41fb99d83687de207cd5,automotivo,auto,3451,43,24,29,174.14
a5dd243476cb4e8ba1028351cf54f44b,eletronicos,electronics,2107,32,20,24,71.15
7fefc8f2095d42eb808a8c2df6f0d026,beleza_saude,health_beauty,1275,13,19,17,91.37
c4f49e150c9b4c0a8088900729d3a564,brinquedos,toys,1643,43,27,12,80.31
683db2638d8148389f59adff6acdf08c,relogios_presentes,watches_gifts,2252,20,18,29,151.9
3d1e5669e681471e82ea20ead8d43b12,telefonia,telephony,1584,16,15,27,43.14
e02ec419bc034924bf2ba55350d0c3f3,beleza_saude,health_beauty,1852,29,24,26,177.74
5a27bf7db7ec491db8a3e524af0fe3e6,cama_mesa_banho,bed_bath_table,1600,25,20,29,96.22
551bd0387c6445b2a8e2e804628511b9,eletronicos,electronics,1532,22,14,13,133.74
e6a99017c8cb4876a0352457843c2b21,relogios_presentes,watches_gifts,504,23,14,32,192.3
4d14dbcbd3824037ac03c5746fc4651d,eletronicos,electronics,2498,23,22,18,143.63
5971b24ab1d84318afe3262ef5bccfbc,bebes,baby,549,33,25,28,123.51
7cd18f4b44294e6c9ba3ab74dc03e5bc,perfumaria,perfumery,1396,30,18,32,191.32
a5b76e997f8448efad27ad739268b854,moveis_decoracao,furniture_decor,1054,16,19,45,119.82
ca76b96e9b22442cb8e5061542ff7a1d,informatica_acessorios,computers_accessories,2811,46,15,29,218.28
74c4a8d1dbdc4849a73898483e3c473c,beleza_saude,health_beauty,1196,27,15,16,107.28
efca339ce2f4407d93bfbbf648610f42,informatica_acessorios,computers_accessories,520,30,13,26,74.98
16fb4c03135f4c1dbcce7ef3c3e0c23c,eletronicos,electronics,1764,38,5,27,120.69
1ede3b6e9582447197c947e3572164dd,brinquedos,toys,532,46,23,19,108.33
9becfb73561e43e6a43241b150def51e,cama_mesa_banho,bed_bath_table,1946,30,24,17,99.23
319bfc5dfa1945b883b3e12959a00b45,cama_mesa_banho,bed_bath_table,369,28,12,19,125.9
42780f672b7b41b6870311969f388e9a,ferramentas_jardim,garden_tools,2373,36,11,22,177.46
1b8b312a4ba54268aefd8c89d716c63b,telefonia,telephony,1613,53,23,26,68.82
ee6b621df612453db2c20614fc8f87a2,bebes,baby,1606,28,25,32,102.49
6353a7fab15d48f3aca39a505c8f84cc,cama_mesa_banho,bed_bath_table,435,11,24,16,41.18
013e613d98524cecadb9a51a34e15097,perfumaria,perfumery,1810,54,19,31,127.45
3fb956ac906045899aa6f0b28284cbde,automotivo,auto,1420,39,17,27,152.87
741183346c37469081ca216796464732,perfumaria,perfumery,965,39,18,18,141.1
f0c74a1557c841d3a13220790e4cb3f6,esporte_lazer,sports_leisure,781,30,19,33,129.24
91dc8bd3ca1047eca4d8c32479fa6960,esporte_lazer,sports_leisure,1479,38,31,29,115.31
1b5fa02652d24dce8a590fd8f6423864,cool_stuff,cool_stuff,450,19,17,20,156.59
4eda1c2c692f4059b982672485a1b3b3,telefonia,telephony,1545,35,19,28,76.29
95f139103895462c83dcfa5b65fd8766,automotivo,auto,100,20,18,15,164.0
aac1ac98c7a44132bb2c71fd4777142e,esporte_lazer,sports_leisure,2724,42,18,36,119.46
115c3af861e14953a7eb4d5e89e02d39,moveis_decoracao,furniture_decor,1230,23,17,21,168.52
fb45966e106342f990fea78540456214,automotivo,auto,1628,30,23,34,177.98
059032a363384b46a7f3d37254517b88,bebes,baby,312,10,27,14,122.13
2a107d4729f841709705b47d5415a7cf,brinquedos,toys,563,11,24,31,92.7
17922b24692e49df937598c358d03be4,utilidades_domesticas,housewares,100,24,23,13,88.67
9cc2452fa40b49c0bb712540239fc766,informatica_acessorios,computers_accessories,1487,35,20,17,198.85
d20b4d9e0a824327ac97a2cd5d5f8f64,eletronicos,electronics,1373,29,12,21,67.88
d12ae5cce0214c2792e5c253cf69c661,automotivo,auto,1361,47,9,12,198.85
d5f5d841a7494c9ca7ea418967113526,perfumaria,perfumery,1332,23,28,20,179.78
c5ac60796c6a453d883f3d12a5461c26,ferramentas_jardim,garden_tools,2042,25,37,20,160.97
2345f67f96334a3692a22faf46b69ac4,ferramentas_jardim,garden_tools,1739,43,32,25,108.63
2378eec8f65c4e93a6d887b02c071f0d,informatica_acessorios,computers_accessories,1867,23,36,26,128.56
692e76c8fcb344e9bfc03d1145216775,ferramentas_jardim,garden_tools,1647,16,12,34,112.01
5eb78fab306f4e47877e9ae13de6608d,moveis_decoracao,furniture_decor,662,35,29,30,209.8
9b75efbd4075448bbfaa18ac950fdb1f,utilidades_domesticas,housewares,894,15,32,22,79.98
0dc555bd1f764dfdb0680f7c2250a707,cool_stuff,cool_stuff,2562,35,23,42,136.04
6c144d6799354bf3af1be0a3f4cf5cae,cool_stuff,cool_stuff,2242,30,22,37,187.85
02ab35fe26e7452097eaba0afcba6551,relogios_presentes,watches_gifts,1930,40,17,18,147.31
f568754e700345cba23b86e024029967,telefonia,telephony,100,50,11,23,69.46
b64a8db245c84622bd9046f37ca9a9b9,eletronicos,electronics,1745,38,26,20,85.82
89b38040663f4504809d8c0d0a9c7623,automotivo,auto,1726,27,32,28,169.4
59e89ee3b30f46e29d77973fb5f17939,telefonia,telephony,2030,41,21,14,82.99
407b67e233444b83a9f2d2ac67c82a62,cama_mesa_banho,bed_bath_table,978,24,24,34,95.53
427235066f53440685dbac154b729b46,informatica_acessorios,computers_accessories,1747,47,21,45,170.45
377982fd97b849e094f09c09d5e1e21b,informatica_acessorios,computers_accessories,100,37,23,35,175.29
fd44b2db32274e96972de934e47044cd,cama_mesa_banho,bed_bath_table,1389,17,18,18,80.49
234f0bfd4a524278be0fc3a5022a3a4b,relogios_presentes,watches_gifts,1970,46,23,15,236.68
f3ef6120ea634fa2ac86620a95d82655,beleza_saude,health_beauty,2457,23,18,25,102.53
1953c8ae05854e5cad4e3ab70afa703a,brinquedos,toys,2018,28,23,17,96.88
100908d2e1f2454db030aa701a5f5281,automotivo,auto,2077,26,33,21,148.99
93d0f1276301401aacb36c4cf6204722,informatica_acessorios,computers_accessories,2246,15,5,12,201.82
35fb91e3ab6c4fcc9f158f2b14d9bb8f,brinquedos,toys,1058,55,15,26,156.26
c2601755f9b746439d06e1332224fc27,informatica_acessorios,computers_accessories,3104,50,29,33,171.66
3fadc8ba8eca4e70ae61aca91ea9d806,beleza_saude,health_beauty,2122,24,13,24,124.04
45771dad943f4d6da126727132e2cfbe,cama_mesa_banho,bed_bath_table,1137,36,27,25,131.94
5a330851dcd74b9cb765e480ea083e31,ferramentas_jardim,garden_tools,586,28,14,10,132.11
af516ff039af44e89096b2f43255219c,cool_stuff,cool_stuff,1402,45,25,16,248.43
4b0f33d828974d179f71cd57a5739e6d,beleza_saude,health_beauty,2476,35,18,17,116.97
14cc97b97d6a4689a3f27fade28a81a2,informatica_acessorios,computers_accessories,2370,48,32,21,94.62
31527b652c9246dbba485d353dd9a467,cama_mesa_banho,bed_bath_table,1612,12,22,23,83.35
720d19dc7864465eb77372f011212849,eletronicos,electronics,224,35,15,15,18.19
54c3ca2f08d5446793cfa3a6baee11d9,beleza_saude,health_beauty,1477,47,33,21,108.92
4a1751c6fafc449e98fa3af6d9d3bd2c,bebes,baby,1875,20,22,31,172.94
aea937e5e0e243a0afc8e3445e83dffa,relogios_presentes,watches_gifts,1419,27,12,18,196.41
30bc7e4b32f442bf833f84375ba43b7e,cama_mesa_banho,bed_bath_table,1793,39,13,36,88.22
855a0dbf9cc941bc94672c92e0f4dac6,automotivo,auto,1482,22,5,32,169.47
ba9d2b9e9fa84742927b6e322b117466,informatica_acessorios,computers_accessories,1274,30,24,12,121.19
b9eb869e409c459c95c351410925a814,moveis_decoracao,furniture_decor,2135,17,22,14,183.32
7728533ffc2349228bf1f4f552a85277,cool_stuff,cool_stuff,1471,13,29,19,128.54
2d57c3e13b1d41368e17f563ee3e62df,telefonia,telephony,1660,41,11,25,83.58
bc37c71a66ac46b79bc8b0688169595f,informatica_acessorios,computers_accessories,2054,31,17,18,148.88
a84d206aa9784c82af8092a3a6663bdb,automotivo,auto,642,10,23,32,45.48
e643cb54c30a4b7abde6b4d8ee75279e,esporte_lazer,sports_leisure,692,36,36,25,93.16
d6714d900d4c4a7ebf510dd25fbc50f9,ferramentas_jardim,garden_tools,1353,43,14,18,118.1
4fcb9e0a5980493f94b8259d51a91b62,eletronicos,electronics,737,31,32,27,83.69
9fe4916e2af942d5b5e32cbe3669ba5e,eletronicos,electronics,1266,14,27,24,85.49
d994ce7607a244f4af79ac2451557876,brinquedos,toys,4054,32,13,21,144.45
05a7224c9f62408da1d5c3daede5c15f,brinquedos,toys,1590,15,27,19,166.2
fd1d1a66d6794265b03c84c7a44e1ae6,telefonia,telephony,2364,25,30,25,92.06
d50b825fa83749f9962e1e12dc75cce8,informatica_acessorios,computers_accessories,1887,21,14,33,129.94
a65aa61ad3b84f3aa620736d6f713c0c,perfumaria,perfumery,1177,20,23,41,92.97
15979b13a6544c22965cfe74ce99c92d,telefonia,telephony,1519,44,19,28,53.75
706af549f8da4a5a953f30c5bb5e1fd2,perfumaria,perfumery,1842,28,27,34,202.69
56bec761082d4767bb5246dd2979e003,utilidades_domesticas,housewares,1963,33,21,22,91.77
7678bd0769c64594b2e2aac7471d2c32,informatica_acessorios,computers_accessories,1263,31,30,16,196.29
395b9994678a4d40bbae23342513cd95,cama_mesa_banho,bed_bath_table,2553,28,5,20,127.42
465231c3e961474cae281d3539808e54,cama_mesa_banho,bed_bath_table,1481,20,15,31,108.67
ecc98516a3c440f796571c1ab99e68cc,cool_stuff,cool_stuff,1308,26,16,17,237.69
e93d43eb7fb14b2495f56a08e64c18c4,utilidades_domesticas,housewares,1242,42,32,32,76.37
2f6d084f86b143c696f6d9da90895fb8,relogios_presentes,watches_gifts,1822,29,12,27,139.26
c6cc845d1af84ad1a794b9c114dbc626,utilidades_domesticas,housewares,2450,25,21,27,79.82
f83e14e2c5914db6b77a1b23998a271d,utilidades_domesticas,housewares,1969,25,26,14,87.53
b7b53e8cfe1a4492b8e09bfc4e395966,telefonia,telephony,3051,19,14,29,78.59
6fa53456a3e24245bc3f720f1831f393,bebes,baby,1780,34,25,33,144.34
99391af0307541fbb736d06249a9eb94,ferramentas_jardim,garden_tools,1306,36,35,23,100.89
c9251ae8fcea474f888d399674756bdc,beleza_saude,health_beauty,2385,28,5,31,111.26
8c4b35ef012541b5ac87ebe0e58adcf3,cool_stuff,cool_stuff,1427,33,21,30,145.4
e3db39c9440c40cb8f2a44c2ab44a721,cool_stuff,cool_stuff,1910,27,25,29,122.91
2b38665fc8a54be6bbd6c952de709472,cool_stuff,cool_stuff,2368,24,26,27,247.72
4adaa0853d69466892fd5aef8c32643e,cama_mesa_banho,bed_bath_table,1321,26,19,22,115.0
ead43d3ff2ef45049722d77f80fd9630,beleza_saude,health_beauty,206,19,11,32,189.87
b53888976d864e54bac0abfec2d8acac,utilidades_domesticas,housewares,1416,28,20,34,66.45
b2e8702d21b348b3849da7c5c483c30f,ferramentas_jardim,garden_tools,1690,39,24,26,170.04
da3442f506f540628c3279174a451d17,relogios_presentes,watches_gifts,100,36,14,10,240.67
095e954dac3c4ded97a51e5131328112,perfumaria,perfumery,2598,28,27,37,164.45
7f25c7aebdb043e09b843d15a6e0b186,bebes,baby,2811,37,20,12,121.39
6d071c8ea0244735a5442215954c8a04,cama_mesa_banho,bed_bath_table,825,51,18,25,108.79
c5555a87cd1c44f8a52683cb0ce071b0,informatica_acessorios,computers_accessories,1534,46,15,26,111.59
44d6aac87a5e4121a8ceef9ef0db64b5,informatica_acessorios,computers_accessories,443,23,19,21,113.84
3af5e69a16e54f179f5792981f1c3ab8,informatica_acessorios,computers_accessories,374,29,7,31,148.71
61a78bdd572241b1aa9ffc5863e78617,automotivo,auto,333,26,13,27,193.62
c94c5b64bcbf4173bcc9daaa42bf539d,telefonia,telephony,100,31,18,30,79.26
d6b90fae979a4a38bb3b9136191bb53e,esporte_lazer,sports_leisure,898,26,13,33,115.64
87fe0b31e70143e39e61930b9a176292,utilidades_domesticas,housewares,3020,29,14,12,48.94
98112c761c3e48f49f1104e861e5274d,esporte_lazer,sports_leisure,232,32,24,12,141.85
5298c41c7a514920906d0248b31e285f,moveis_decoracao,furniture_decor,1113,31,32,32,146.57
1b203f2581354ad59e84bd332dcd065e,telefonia,telephony,787,10,14,23,55.26
77006def8c5d459db110e5b84349d732,informatica_acessorios,computers_accessories,1394,30,18,19,152.59
f2a5974039be4286810a502e03f44f93,bebes,baby,1853,19,31,24,130.66
b1884c0e49ad4434971b7aa6ba9e29d7,eletronicos,electronics,2066,32,27,27,74.69
6b7782e742fd4cc09e9171219485fb9e,cama_mesa_banho,bed_bath_table,1789,18,20,24,89.8
67c7a1d3beff4425a72f7e61410be82c,telefonia,telephony,1397,11,15,25,78.2
d7c141dd867145c1b846a7a6b43290a3,perfumaria,perfumery,677,42,13,32,137.82
e004d828df6f48f5b2edabf7987d9e16,bebes,baby,983,47,10,32,165.02
e34c731a78fa426c876631951c607e7a,bebes,baby,963,43,17,27,139.11
d8843754531a46c99bbd8c77de277e9c,automotivo,auto,1392,38,26,11,192.17
2ebcd37755dc43fa943268d1e9562bdb,cama_mesa_banho,bed_bath_table,170,40,29,16,84.73
f2c31072af614796828b858d5095a73f,beleza_saude,health_beauty,615,27,17,31,175.86
90c3532b101e408ea695872bb94b14b4,cool_stuff,cool_stuff,2616,24,18,11,128.74
088d4bce5e0f474b8b5ba4bab5962289,automotivo,auto,2271,46,10,20,138.94
32ad2e5dacab4c9e8ea9e988dc48bf64,bebes,baby,1724,21,23,21,129.49
678ee0f0911843c3b50101f70fd37a2d,beleza_saude,health_beauty,1937,30,16,24,126.91
8a11ce0f4aa94b5d9e6eb5a4c74fdc9b,cama_mesa_banho,bed_bath_table,1203,27,32,29,87.61
64531164cc1548188433e1ee3b214f53,eletronicos,electronics,2057,26,29,27,87.32
153a0c198ad54c6ab1e6db1f0e690d7f,perfumaria,perfumery,1858,14,10,15,129.29
a5406af3eb1a4d44b11de82e9358f68a,bebes,baby,2886,52,25,29,66.96
197c57c9bc474cd4b50cfd6c1da0df80,informatica_acessorios,computers_accessories,1065,22,15,23,123.76
63946600fcaa41ef9fdc21f328f89bcf,esporte_lazer,sports_leisure,100,37,11,26,177.22
a665ccb87402452c9e5709ef67a6ad86,utilidades_domesticas,housewares,764,10,17,33,124.17
ea26034e0b464fc6889f24c6bce7c79a,telefonia,telephony,516,34,16,24,127.89
08b16f3be8064e909dc8f83b647e21b1,telefonia,telephony,297,32,23,33,76.96
97e47c485db841c98a9cd848d23e4bd1,informatica_acessorios,computers_accessories,1746,26,22,22,172.97
601339f27daa4a5f82ba545d93b7eb17,bebes,baby,1204,33,19,34,128.2
6f20e4f5ade846b08019618dfbd441f4,utilidades_domesticas,housewares,100,42,12,19,73.09
eab3b375ac24451788a9d62050495b5e,eletronicos,electronics,2599,10,45,33,95.58
6b9d31fae056457597e6b6f553a22a35,beleza_saude,health_beauty,1456,32,24,30,149.45
0443fa2b808645e39923c5c9bc82e23b,esporte_lazer,sports_leisure,1571,28,18,23,149.01
a0b6f542b048405e8fd1e86ccdb9130d,utilidades_domesticas,housewares,1974,10,25,26,84.63
ac71531ffd15423c860b95164e213816,beleza_saude,health_beauty,1189,41,27,18,144.25
641977f17cf94d56abf73420389bbcd8,utilidades_domesticas,housewares,722,16,14,31,104.06
d8e3627eb2804cb2a491841a0221aab6,moveis_decoracao,furniture_decor,1910,37,24,19,181.6
069f012c25c44c6197de35b62f0887d1,eletronicos,electronics,2140,37,29,30,98.79
f3743c446f06491c9800661ec810ab75,perfumaria,perfumery,2356,29,12,23,102.65
2a6724ee52d844c39c578fcd13abfb54,perfumaria,perfumery,959,28,13,22,68.19
e1f76d357daa459bae18b8199c6be8b1,telefonia,telephony,1670,30,13,30,93.75
8558080323a0440ba8f688a23678947b,moveis_decoracao,furniture_decor,213,22,13,17,201.47
12db2b689cb549dfaba80ab449d36e95,utilidades_domesticas,housewares,1344,27,5,30,60.21
11e867f0afb94b16b657ce836fc9f1f3,ferramentas_jardim,garden_tools,1547,32,30,14,29.32
e5ada28120194a26855740f184075475,ferramentas_jardim,garden_tools,1647,48,29,26,117.79
bab00a893feb49d49e8e152ace830b61,perfumaria,perfumery,2145,20,23,29,156.81
eaaef2b1e59447d28fa6447a1a97ae31,automotivo,auto,3707,33,15,24,69.24
8d49c12955fa4cc79c4f678edf3ea588,cool_stuff,cool_stuff,944,25,15,26,127.99
2ee48c4d139d4ddba429ce72d37773fa,ferramentas_jardim,garden_tools,2396,30,19,22,140.43
4ea702d5f6174608b4fcfee3721c0a3f,telefonia,telephony,2160,21,14,22,48.08
b704536070a34e40bc98e156aefb4b2d,esporte_lazer,sports_leisure,844,25,26,27,120.81
c12ba3eb9c424e5ebbf1ffb8130d3dd5,informatica_acessorios,computers_accessories,2180,28,23,24,156.94
edb7e60ccff9454893653f44a830eb82,moveis_decoracao,furniture_decor,1033,10,18,36,206.31
f463ee44d3cb476eb7717a31fb6b41c8,informatica_acessorios,computers_accessories,2272,42,20,26,117.21
070219d89e464893bb7f7dacc1ba94a0,beleza_saude,health_beauty,1247,36,29,23,114.24
0f985eaa540049b18f4127f7a145235b,brinquedos,toys,1500,36,8,10,93.48
1daffe5e1bc541b79df3c6c3ee9b1166,ferramentas_jardim,garden_tools,523,24,18,21,185.84
4a578f7e51844995b9435a1be5d4515d,automotivo,auto,1761,33,24,15,181.56
ee17c79029e8479f85a3dee368e2484c,beleza_saude,health_beauty,1439,36,11,12,158.63
fc392a6fdb994a00bf74b6adccf673a8,ferramentas_jardim,garden_tools,1801,20,13,34,93.37
125907d5d93546d8b8f21dbf1736905b,relogios_presentes,watches_gifts,2814,20,25,22,246.19
31c8bd7a46db4e12862bbae3b7d1504b,beleza_saude,health_beauty,1064,28,20,16,155.93
f6ec17c9bf6d49368822b347172f5d8c,beleza_saude,health_beauty,1089,27,12,10,123.31
f156532196b14b3aaf4d9350ef0734dd,brinquedos,toys,3430,37,19,22,110.67
989060138d2240648d0c732f8dbdb2c5,telefonia,telephony,1937,18,28,30,89.36
b10439175484428dab8a3a8a6b925d05,automotivo,auto,1850,30,25,29,125.84
21a9721e12ab4ed085a064013f5967b9,eletronicos,electronics,1041,31,32,15,53.31
65218653a47c42e9aa8be69fbe3c2774,bebes,baby,1631,30,21,26,122.19
e81f7256ad664cbdb61e0367def33919,automotivo,auto,2691,13,13,24,74.27
723419491640497ea7ed86b7caa01748,esporte_lazer,sports_leisure,1359,46,20,26,77.2
933ff5e8900f457ca4d47736c12b64bc,beleza_saude,health_beauty,1006,26,17,35,149.52
e82e14f980b94b318d7d8da8bffd88fe,automotivo,auto,610,32,23,34,203.22
28f93eaac0314e93b19ac8d7b6934eec,cama_mesa_banho,bed_bath_table,687,21,9,23,106.66
a9e70490205c46769e77f1397f58559a,bebes,baby,2289,29,17,26,100.77
1c77cf4fdf234005b2693b2b4ecac0ce,esporte_lazer,sports_leisure,3171,13,21,41,115.2
e40cc8aebe264f4cadc74e2bf8608be7,cama_mesa_banho,bed_bath_table,1347,26,18,35,39.7
544cdfb549394688b37a6dfa9ca29152,brinquedos,toys,2726,15,17,21,127.66
5ce74acbeb294a4580ae1a236d71933d,cama_mesa_banho,bed_bath_table,221,34,36,14,99.74
4947edd4205d45d0a5ff6918e538532e,cool_stuff,cool_stuff,970,34,20,19,186.95
eff527e9fa674ae2a6c01c2b2869c68b,bebes,baby,2943,28,25,14,96.52
f912fd498af04ec2bf743d89b7812544,informatica_acessorios,computers_accessories,1877,44,22,22,144.97
0a455d3f473948908bfaab42526e9351,utilidades_domesticas,housewares,499,36,27,21,75.6
5cc83453bab94ffa8016492ab0f58d84,cama_mesa_banho,bed_bath_table,1712,25,19,41,88.82
0e8e6d6bf0364a9e9919c5ac9683c722,eletronicos,electronics,1213,23,25,23,73.77
43e7bd94b4eb4550b5e677adaa09d882,brinquedos,toys,2557,44,15,10,140.23
d23546da311646f690ce5164a2ba163f,informatica_acessorios,computers_accessories,952,37,5,32,90.5
63c90137bbe140dc89d8d48fd8737e8c,brinquedos,toys,2084,30,12,21,130.59
830c31f98c0d46c282835367b8224a8c,brinquedos,toys,1584,35,35,12,158.52
06166281d5ae47029240859375cd0835,beleza_saude,health_beauty,1583,21,9,23,162.26
27336cf0339a467687607e48828155d2,brinquedos,toys,1397,45,8,24,72.43
f55c5d5a37f64cd29b63c0704d43254d,cama_mesa_banho,bed_bath_table,1790,38,16,10,99.97
c5dc6b8b87a94e2aacfc8edeb3dabe0d,utilidades_domesticas,housewares,1849,34,29,16,98.6
6c65efd9bf02431f99cf7f1d225b4481,cool_stuff,cool_stuff,2454,12,22,20,161.33
773f229ca43e4bafbb08c6a79e2de38d,brinquedos,toys,1778,25,14,25,77.38
242a2851923b47a7aa990f86dbc799ca,brinquedos,toys,631,36,10,30,123.88
79fe44a3b1d149eaa26e17e1834bba37,automotivo,auto,119,23,29,17,121.42
3c55ff58dad841119490e40c30104a1d,relogios_presentes,watches_gifts,1869,37,17,20,295.34
859ab5aa37d5409cb8b9a57fd52b1a56,eletronicos,electronics,2891,39,20,18,69.24
6f8e79bffc2d4118830ed343016d4284,moveis_decoracao,furniture_decor,1918,34,31,30,84.85
1aab061f984c437b9db2f2132086a1ae,informatica_acessorios,computers_accessories,2341,20,16,27,234.81
b048cfb59a944f959f9cccc3e695cd46,cool_stuff,cool_stuff,3987,36,18,29,204.94
5db108c22ca443f9976aca0fb328bf0a,ferramentas_jardim,garden_tools,1243,47,21,28,158.31
b579604c3b734df3b4adc97028accd96,relogios_presentes,watches_gifts,1837,38,15,20,143.99
e84f7d40d02c4a53a4571c2908c945a9,informatica_acessorios,computers_accessories,1851,37,23,38,144.75
44f1db8dbd6d4e2f9b24ef13e04e9755,moveis_decoracao,furniture_decor,2034,19,16,30,202.46
ea9aea380e00431fab04a2b5fac91a80,utilidades_domesticas,housewares,1264,29,7,22,102.81
8e19c9c0b5c044d8933880e3f289faf1,esporte_lazer,sports_leisure,1960,35,20,25,95.19
216112217c67465697c47556683a4fca,cool_stuff,cool_stuff,2059,34,23,20,68.1
cfe663532be642e3b13dd57054719c66,cool_stuff,cool_stuff,2377,25,13,30,147.36
16649efed43e49c1bf57011cb8813228,moveis_decoracao,furniture_decor,2347,36,25,14,220.6
5b24fc44fcd04b1cb416af861faa0db3,telefonia,telephony,1709,26,21,10,83.17
a7c71c2fd2d144e4a64f5e0470a757e0,relogios_presentes,watches_gifts,676,16,7,33,172.24
f498a68e91394ba8b4c1650680837fed,eletronicos,electronics,2726,24,6,16,120.9
869b93c010884ee6ac147f453d5c7dd1,perfumaria,perfumery,1375,24,21,29,158.52
e337052803da42babbe02c087467b04e,eletronicos,electronics,2658,26,9,21,96.51
a61b54b2370f4fa2a1d2ca0a9aaa53d2,cama_mesa_banho,bed_bath_table,728,20,22,24,95.82
6303acfe48c04e6fbd1107af20675170,beleza_saude,health_beauty,893,27,12,32,166.23
467721066a974907b17ce601ab285cec,telefonia,telephony,100,20,8,19,73.33
a606bfdb0f5643ccb4404c74b0b5de58,brinquedos,toys,340,20,11,26,112.08
50aa0a148f18466b98a9cc21c47bc48a,brinquedos,toys,922,31,15,22,160.2
3fa43d1eeff842f693a919136e8f3f06,cama_mesa_banho,bed_bath_table,2572,17,26,31,66.29
ac780d6334cb4a078df9e96d97bcf5a8,cama_mesa_banho,bed_bath_table,2155,45,11,17,120.44
7a7295772bf947ca8afcc9a02fc611d4,automotivo,auto,1717,35,22,28,86.94
08a117d7b0a34a898c6103fdb3bda008,informatica_acessorios,computers_accessories,2337,41,18,24,76.1
43bb57ef51dd4c37b53072e0c5c2801e,automotivo,auto,1911,35,19,33,126.64
def1a5c7f9474b3ab768e818be0358be,moveis_decoracao,furniture_decor,1951,19,19,23,171.27
0785c5de5ed946218693f1d47331dd53,esporte_lazer,sports_leisure,1204,28,26,21,66.8
5ee0516dd8244d1ca3179804f288c200,eletronicos,electronics,2899,43,9,30,77.43
f12c37819d044f44ac9faab79f52353a,relogios_presentes,watches_gifts,1710,32,18,18,168.57
d53ee3316e034215972c5ab3007076e0,eletronicos,electronics,767,21,19,19,107.05
51a1c5a512e04b1cbd07d54c57ab9bfe,cama_mesa_banho,bed_bath_table,2689,24,21,28,106.8
d2f48fd3fe914a249b5b97990bd9d028,eletronicos,electronics,1560,37,23,15,111.73
44c166375b384d96b5fab44f5cd592c5,informatica_acessorios,computers_accessories,2209,22,20,30,135.58
edfe343df5ef414189c0d7b1b98a1a83,relogios_presentes,watches_gifts,2358,53,13,13,228.23
164285209b724b1abd93655ab998b5ae,moveis_decoracao,furniture_decor,2077,27,31,14,194.65
e5e916374cd14c3799176ef18280ad1e,esporte_lazer,sports_leisure,1015,47,35,18,98.51
c3b51e47d0814303acea16993396a72c,telefonia,telephony,2187,26,19,25,36.61
20533c8a63ac41528679ae0ade2842c6,bebes,baby,1488,23,16,36,86.02
06c578b9d82f44b38ecb0db203b20d84,automotivo,auto,2150,27,17,31,153.6
448cc8f47117456bbbaf74a6de6c3947,ferramentas_jardim,garden_tools,1956,39,17,20,97.02
3019f9e8ec724fc0b50662585ffea35b,moveis_decoracao,furniture_decor,839,59,29,14,93.88
13a794a71c97411d94afc2862247d666,brinquedos,toys,1885,35,24,22,106.24
2f1ca86096494b15afd6e257b26e77c8,perfumaria,perfumery,1762,30,5,23,99.46
2dfab723853b4e0eb703f23ec3757194,cool_stuff,cool_stuff,1640,59,22,22,206.48
24f8262c68a44349b4fc26100a1f64ed,automotivo,auto,1886,34,24,41,94.76
3bb9e7f8ac344ee0b6b44fc13200fe26,beleza_saude,health_beauty,1878,20,24,17,115.39
6cb292efd2bf46aab9db34bcce1e6a72,cool_stuff,cool_stuff,1263,39,27,15,167.47
8114cb8fc17a4b5a99fb3153958de67e,bebes,baby,932,17,18,22,214.94
38b6bf5998904d31a80cb7ec02ff3f96,automotivo,auto,1846,16,15,33,223.54
7b6c1b577df94308b9db2eb5d9e61393,moveis_decoracao,furniture_decor,231,11,34,28,116.59
8e4ddba1817c4f76a598595608593dff,eletronicos,electronics,1927,10,20,27,113.11
0408c9c3e6124e75aab1c005f98f2c39,cool_stuff,cool_stuff,688,30,12,27,124.71
badd4f48f7cf49a18210626e344cf895,cama_mesa_banho,bed_bath_table,1173,20,25,31,89.13
c2def63553494b8d8692b56cc026a1e7,eletronicos,electronics,1530,15,17,24,155.52
32b6ba24d95f4ae28ac5efdae7e4a501,esporte_lazer,sports_leisure,610,44,27,27,167.76
3029d45444b148e581cd0fb689153f39,moveis_decoracao,furniture_decor,1797,33,19,34,214.82
ca3133aad8ff42c386a5dcf7fcd3400b,cama_mesa_banho,bed_bath_table,999,16,18,18,93.41
87ce348d4eca43f4aa5b9700abb6f622,eletronicos,electronics,2489,25,19,25,111.21
cafd68b56c824fd484eee5d33dc66567,cama_mesa_banho,bed_bath_table,100,23,21,34,82.7
d2a97faeb36b41bca75e21148b610b7c,ferramentas_jardim,garden_tools,100,36,14,15,113.15
56dba9a5b3e446568fdc6c9b5ac0c6ef,automotivo,auto,1352,23,5,32,191.0
f9c71abf7d9d48e9a191c72161347d38,esporte_lazer,sports_leisure,2021,18,18,24,132.96
6cd3b3ac3ead43029765b0d578d8d6d6,moveis_decoracao,furniture_decor,2034,22,20,28,232.79
b3188dc6ab77454694a3d37433a2d7f8,moveis_decoracao,furniture_decor,2063,37,20,36,180.49
18a1aca5bfce4e92a2f0ec79899a906b,brinquedos,toys,811,44,25,21,95.62
3aada027db384ed0bf96c5ca0bcf88b6,informatica_acessorios,computers_accessories,1737,34,21,27,221.5
48e7cb41c61041d88776c594fd1e02fa,ferramentas_jardim,garden_tools,2357,31,27,16,148.93
30f51699cb06475ebc7038466a8cca1f,relogios_presentes,watches_gifts,2947,27,13,19,144.62
bb858cbf74fe4062a5fdfc7407ded533,informatica_acessorios,computers_accessories,872,26,8,25,185.6
4167bd31f0884c4698fb80c70c2ba329,cool_stuff,cool_stuff,773,45,24,33,135.4
7b771aff3bbb45d5a8856e806edb3045,cool_stuff,cool_stuff,2183,19,27,26,189.9
1d461dfbc9c742309c094b16eaf01cca,bebes,baby,559,21,24,17,146.21
e78ee750a78f432a86452eac771050ee,moveis_decoracao,furniture_decor,406,38,10,29,191.28
2697bd6a9fd94b2aa6c9cdf270a1ff55,automotivo,auto,942,35,22,20,99.66
dab02ac11440481fa404b442fd03995d,telefonia,telephony,100,33,7,25,69.73
a5ce953d9adc4f1ab7969adf5e03136b,moveis_decoracao,furniture_decor,2043,26,17,30,176.75
6556625328d447c08b1eab42652728d6,eletronicos,electronics,1752,34,7,31,105.31
c8936a37394c4604a6062204462861d3,eletronicos,electronics,686,27,19,23,98.35
88b07c4efeaf4d999b89cfa0f021e4fb,bebes,baby,2645,40,9,29,176.51
aa9af8bb6be34e6b8618f46a96458876,beleza_saude,health_beauty,1809,40,36,33,138.73
8a3ccf03c94543a19067eb731aefaa84,cama_mesa_banho,bed_bath_table,2336,31,20,22,134.09
c92f6de9a63e4029882ad85f1dcc4c6a,cool_stuff,cool_stuff,845,45,23,13,181.54
f5428518b09b4d59a29b65f33216d9ca,utilidades_domesticas,housewares,100,36,27,20,87.47
0d54e88c6bb3427393654d0c5fe90c99,bebes,baby,3063,24,11,36,198.69
de19865e65724af78219b5ba4db81055,moveis_decoracao,furniture_decor,1502,40,30,19,135.73
045138b334bc42fc843e140119d899a3,beleza_saude,health_beauty,2484,46,24,17,199.55
b6f60a89c7b046ae9df7b4b0e380f4e4,beleza_saude,health_beauty,1075,26,22,37,159.89
77ba5e877fdb49f08686e7d805165b76,relogios_presentes,watches_gifts,1831,34,20,29,58.23
93c3314be61a450082df3be4ed1156b7,perfumaria,perfumery,1262,32,10,28,118.87
b7df3c5ad73b4f5c9c6aacbc7fb928c6,esporte_lazer,sports_leisure,2904,45,16,23,112.78
e90734e5a01044988a6a15e3a4d381c5,cool_stuff,cool_stuff,1138,31,13,15,193.02
704538965a0d41ccacef23ff0f2bfde9,moveis_decoracao,furniture_decor,2003,21,27,19,172.66
39b1a40af3b7459c932f07934f521a96,esporte_lazer,sports_leisure,2156,29,23,20,109.11
61e7734c002c4ae9aa67493c5d19cc41,ferramentas_jardim,garden_tools,1335,22,18,12,117.81
4f48d7a4f2924e1ea95d9ec8cf6064db,telefonia,telephony,1272,27,18,24,84.59
1adf064845fe47f8830d1a01af69e1a8,automotivo,auto,2199,23,10,16,120.51
a5510d7822aa440ea39ac3482ded5bbd,ferramentas_jardim,garden_tools,1218,22,9,21,141.35
4f8fcbae31224db5a887d6cb6d7a7d25,utilidades_domesticas,housewares,1976,24,16,17,84.37
95d2a490cf2d45cfa2e2d45fcd7a9455,automotivo,auto,821,35,5,22,152.04
b41da44da21147a999aeb0aa35b3e4cf,beleza_saude,health_beauty,1647,56,22,16,126.66
88a37c7829874e41a0fa13cd0e2a74b7,cama_mesa_banho,bed_bath_table,100,29,13,32,81.26
9a630e8291b948459e7cf483fb699fa0,cama_mesa_banho,bed_bath_table,1406,23,33,22,140.81
c61e6a298e034e5a9560ae0a92bd7699,eletronicos,electronics,2151,34,22,28,41.81
a2ff062ea2db4f14bbd3da3c1d189f4d,ferramentas_jardim,garden_tools,1276,38,19,13,133.17
a616bd7f71804ddcb3fbcad0403c2aa0,eletronicos,electronics,2863,42,19,32,80.84
63d45436f7ec4a2498b94de9d1a7c33d,esporte_lazer,sports_leisure,136,20,32,22,107.7
0177f5e922134ae0b3b56a05fcc7edbe,automotivo,auto,1260,49,33,42,133.64
77e25597418743339a1c4e50bab985ac,beleza_saude,health_beauty,1736,14,31,15,137.59
b64339a2dbc448b0b9f3502494a1d651,bebes,baby,622,24,13,20,111.13
203fa6b4b99b4081b714bed7e3c2385e,relogios_presentes,watches_gifts,1061,38,11,26,283.08
393012b59aa5400ea5993668e5b72f06,brinquedos,toys,1089,22,18,34,115.82
8dba1f87fe98454e99987a46d4a679c2,automotivo,auto,1075,34,11,30,156.34
574b0e0aa83d4988a499026f032f9213,esporte_lazer,sports_leisure,1253,21,12,29,151.87
478c21d92f8a464da0a53bcc7421a810,utilidades_domesticas,housewares,990,34,5,20,84.38
0b84a602f27d4bd78aeb2c4fb03b80a9,esporte_lazer,sports_leisure,772,20,14,27,109.38
452c7ba1941c4286b0918e4a396ca6ba,beleza_saude,health_beauty,100,10,15,28,33.84
1a984f6893b240e98c078f23d93111cc,moveis_decoracao,furniture_decor,1100,24,31,21,179.15
b1f2185ac810431dac33d5f14ed52efe,relogios_presentes,watches_gifts,1613,10,26,26,240.5
10e0493fe36b45bc94ced78563fdc669,eletronicos,electronics,4640,10,33,22,97.18
74e95a11eabc491d87270690bc86d203,eletronicos,electronics,1463,25,15,27,52.07
8a0beab1f5ca4ed0b31bba635226cf29,perfumaria,perfumery,2100,25,10,21,162.71
90a3a98a59b34257b483f05bf1cd3a87,bebes,baby,1071,33,14,31,153.99
84a6be1e458a4e9a9329a14a9bccf68f,beleza_saude,health_beauty,2978,28,25,25,175.36
e520e964c5f541b693992b664bb29186,eletronicos,electronics,924,37,18,24,92.29
23949c470fc34b62ab8506b5b3770ec2,relogios_presentes,watches_gifts,1701,28,21,37,269.13
56fe42f85f4b4674b64c09cc26c7c0f5,informatica_acessorios,computers_accessories,2195,25,12,32,184.42
a059882b0c5a49c5a1f033c5afe18002,cool_stuff,cool_stuff,2678,23,18,11,147.34
027967afa1064f248457dbcca70396a3,informatica_acessorios,computers_accessories,2297,25,25,23,159.58
768f3e9998db47cc894e8d4c54a70312,cool_stuff,cool_stuff,581,30,5,23,91.63
5557285ddd244d05ac0cd703c3f32cb1,cama_mesa_banho,bed_bath_table,2464,37,23,37,71.28
d4de85bc18ec4d73b2f4613fc04f8657,relogios_presentes,watches_gifts,2897,39,18,34,143.62
5fc4390cc41140ef8810449450ff7eca,perfumaria,perfumery,840,23,15,16,161.69
aa9b5de7054b44b69ca91d454b5e8af6,automotivo,auto,1292,33,15,10,150.8
06e9d3825bd64d7fbbe918211de1478f,eletronicos,electronics,100,29,9,40,112.78
57988d0765574faa95ccdb75d29975fc,bebes,baby,1584,42,13,29,136.99
6511979f7dad4524bc56fcba4be3dbb9,utilidades_domesticas,housewares,1711,42,25,27,51.9
e7d83f779f2547be99ba5215eba92eac,brinquedos,toys,731,28,20,15,182.35
faebb9d2896a44c390452a054da21aa3,ferramentas_jardim,garden_tools,2713,36,20,23,101.68
05252d9a502348a1b6558cb3c5658257,esporte_lazer,sports_leisure,1561,32,10,27,110.34
c76fc27bd1e84db095a202f4e32c32d6,eletronicos,electronics,100,21,16,40,103.91
89c77b046813409ca3710e7044af8cf4,eletronicos,electronics,431,34,7,33,78.22
b26ef79bab984c0f81065e913e6f33db,informatica_acessorios,computers_accessories,1425,43,9,13,118.74
647ab3316f2e474fad8d71bfb2c5a959,bebes,baby,2330,14,5,21,149.31
1f45b8640fde449eaed8c135b79e5901,esporte_lazer,sports_leisure,2460,25,16,34,58.91
84577943f4224e968b2af63d9a0ac975,perfumaria,perfumery,1189,31,23,20,126.03
23429fa729ed4645b413b68c4f11a4e5,perfumaria,perfumery,100,23,23,17,126.77
6816490ad3664b6f9f3d72d309afd2fb,esporte_lazer,sports_leisure,1857,26,21,17,108.8
68e9c30750144d21a82386c4a6819174,eletronicos,electronics,1988,31,15,26,107.87
741eb1a7620946089bfdcf5b75452688,utilidades_domesticas,housewares,100,41,17,28,108.94
af7dc93498ca4e00b44b821957a347c8,beleza_saude,health_beauty,402,22,17,18,190.72
215465eee1fa43b99e90bfe7f6c37a4f,esporte_lazer,sports_leisure,814,24,21,15,103.13
06ba94b0185a48098c9295c5aa226070,ferramentas_jardim,garden_tools,1753,26,19,20,81.99
704cedd55e7b4967976e5c7ec2672393,eletronicos,electronics,1757,47,20,26,107.32
44e573bfe94f4eeaae4ea4a9032def69,relogios_presentes,watches_gifts,484,47,21,38,166.02
e647b39dd4aa48bb978e2109e2e7cd3b,perfumaria,perfumery,2954,37,24,26,117.54
22cbf1c6bf41412b888178686c240f63,eletronicos,electronics,2460,31,5,16,85.35
799444cd51e843d5a04c7b357f750a51,utilidades_domesticas,housewares,1747,29,29,10,87.87
604f404d44374747870b5fe8f60e7f12,perfumaria,perfumery,100,37,19,28,99.08
3d63ab70d0394374833ea09686c3c230,cool_stuff,cool_stuff,2523,40,24,23,191.09
1dc69b484c5a413ebcd600452ba18037,bebes,baby,934,38,33,33,104.46
b40457ba6f0a4cb18a949e24b8d08a31,ferramentas_jardim,garden_tools,1789,17,24,28,69.56
26545e069c424cc98f2ac19d23e99d78,perfumaria,perfumery,570,27,17,15,136.67
0bbc60c2703d446ab70b1646c6fa0c9b,informatica_acessorios,computers_accessories,1701,28,13,33,219.49
04c79448c42d4ffb9fc34c496bf1a6d7,moveis_decoracao,furniture_decor,1113,23,23,22,153.03
5f3eea1abeb740db9c5224d496b24d98,esporte_lazer,sports_leisure,2091,10,30,25,102.66
bb0343f0c7364d078ba4aea2e1d74490,perfumaria,perfumery,1428,29,6,36,126.24
83f8866b6bbb40e3a9dce79c242bbded,ferramentas_jardim,garden_tools,1854,39,11,28,125.63
d5517fb14a5d447c846d0026bc1ec481,cama_mesa_banho,bed_bath_table,2177,10,19,20,105.81
087c5635b6614298addc6d97f08a3f40,utilidades_domesticas,housewares,1876,22,14,24,67.07
4d196a544ec84c8a849d3d4a13b1507a,bebes,baby,2173,26,5,22,93.65
7d7f649367784c1e8678d5fa604c6ed0,beleza_saude,health_beauty,194,17,20,35,140.96
4d1f552d60d54d44840b0310674c9cdc,bebes,baby,1014,34,16,19,89.6
0c386f02abad4c76a9a5818db0e714c0,telefonia,telephony,100,26,21,24,66.68
2cb3ccc3aafd482f8bffd9b9dade9a09,informatica_acessorios,computers_accessories,743,36,9,31,99.9
2995f4bf0fbe4f2eb566f765ec0c98e0,informatica_acessorios,computers_accessories,898,15,15,32,168.2
31612c759fdf4490956253b2ad6e3cc6,bebes,baby,2282,35,11,22,102.69
b2d2013aecdb4f3e874819035c55fd4b,eletronicos,electronics,2564,18,27,32,135.74
09a61dae591c400bb54f83ede74cb7b5,telefonia,telephony,1172,37,38,20,44.3
c057dab9d1914b80b3ae447cd3cf6d5f,relogios_presentes,watches_gifts,100,37,5,22,236.24
0525105dac6042e8960514004ed30b48,moveis_decoracao,furniture_decor,1648,34,21,35,112.38
baee13c20fa74035810e9d4e77dd8458,bebes,baby,958,22,26,32,145.79
daed8a5f08474e0a98bb70a359a3d0f7,perfumaria,perfumery,2446,18,33,37,147.07
515c98253aaf4480b50f32f4456fc92d,bebes,baby,2925,13,15,19,155.25
af7819dac05347368e359c1aef04bfeb,informatica_acessorios,computers_accessories,659,37,30,30,157.77
50509d21ffca4f4c8aafc756753182e1,informatica_acessorios,computers_accessories,709,21,29,31,143.24
d2a5eb855f4b49a9ad37392a22e9fde6,beleza_saude,health_beauty,1165,10,11,40,85.18
c62ce430764e40a295be5382bbdf00b8,cool_stuff,cool_stuff,1651,40,9,26,207.21
e381044414704eb4b735f798bb117fd0,informatica_acessorios,computers_accessories,1509,58,6,33,137.22
7145eba6e0d54bf88c779464a2aa0bfd,utilidades_domesticas,housewares,2117,34,14,26,47.84
3035947a527f4053a1b6e9aaf3f4523a,relogios_presentes,watches_gifts,1982,32,25,33,232.06
04ebb66dee4a441aba43dcc630e61921,moveis_decoracao,furniture_decor,1618,21,14,34,231.82
5534a232bc5947f49b78b607352f1b46,bebes,baby,1309,30,12,34,153.29
565f771b6f8045e6a67ed7d9a8470cc5,cama_mesa_banho,bed_bath_table,3052,21,16,26,111.16
49b231be351042c7858ee10c727ba5d7,perfumaria,perfumery,1327,21,27,30,97.51
16650446053b4ba4953ea0e54385c9de,moveis_decoracao,furniture_decor,2584,41,21,25,187.7
9bfc006108e44ce896a9c265ab10bb13,relogios_presentes,watches_gifts,810,30,5,32,116.31
e95457b312af47919f2cf98d7ef4949f,cool_stuff,cool_stuff,2702,26,18,19,152.04
62803d3761084368be3809d41151fc86,automotivo,auto,2634,10,30,27,91.72
84b71273e0e44bcb87e02b6a0866233a,utilidades_domesticas,housewares,639,46,12,15,107.75
24cf745a7e6140afbc8541156da848e4,cool_stuff,cool_stuff,1770,20,21,16,214.54
ec8db0d2bb854709a9fb1582ba4df6e7,bebes,baby,2349,35,22,39,129.99
e6539f837954438d98cd42e75b2ac096,automotivo,auto,554,34,36,16,125.54
1a93cd935cdc44fda618ae960e946e31,relogios_presentes,watches_gifts,1833,29,12,33,349.2
2cd199cda38c456face2b2dd5de362ce,beleza_saude,health_beauty,1656,20,7,27,168.64
d75fb36377214348be6ad528abeb33f4,cama_mesa_banho,bed_bath_table,1880,29,15,16,115.87
d6e47672f63c45288300ca0dde9486d2,eletronicos,electronics,2231,14,32,29,124.99
f38265e9649d4269ae13d982d9f4eb5d,moveis_decoracao,furniture_decor,426,16,18,29,249.82
8ee7ddf3a5d543848c75ffcf7f70a4e9,esporte_lazer,sports_leisure,2064,27,11,34,86.06
d6afd8937a754a0f86615cfab292116b,brinquedos,toys,2802,27,32,30,105.89
de35d27a5d454c8b8a393921ca47ed4c,moveis_decoracao,furniture_decor,1084,26,23,25,130.31
1748e61a96f84b74b2ca443d5a8406af,beleza_saude,health_beauty,1367,30,5,28,95.71
8c97c6ec5ee04cbeaf5011d0fe200f19,cama_mesa_banho,bed_bath_table,577,13,5,14,77.27
60245045c48c45448b3835c5f0725098,brinquedos,toys,3062,24,21,28,113.93
23093531828e480cbcbe01ff8d6ac445,utilidades_domesticas,housewares,1438,18,31,39,51.35
775d4da757524fcf8d1a3e266b443e33,relogios_presentes,watches_gifts,680,27,12,29,166.3
f30e98fe3dd64258a88e049e43519e46,ferramentas_jardim,garden_tools,3232,41,21,33,173.71
c4522a7559d14c0584161c3926cf14b1,perfumaria,perfumery,1048,21,20,31,129.17
9514d1823b6e44cbb0b8f4e901d8e0a5,relogios_presentes,watches_gifts,238,21,19,24,328.35
8f1b8913bb9b493e9abab8382c7fbf8f,utilidades_domesticas,housewares,391,35,31,43,76.91
3becef877fe44824aa3eb4d409ca05bc,brinquedos,toys,1893,35,21,24,123.08
59f4ed7458404cb0a70025d3d5b234c1,automotivo,auto,100,36,21,23,221.87
f36e4627c21748e884504d30b1773acb,cama_mesa_banho,bed_bath_table,960,25,35,18,81.25
d77e9e00554e459ba8d769bf6c0b81c8,utilidades_domesticas,housewares,1382,38,21,14,74.36
2f239a0c83814c6f83da5498b9cc3a31,eletronicos,electronics,1014,29,23,28,45.6
d68ae29b60c6495c840281fcd471b805,brinquedos,toys,2351,32,31,28,143.04
4f87bde73f0847069239c123b34959e7,informatica_acessorios,computers_accessories,1873,43,24,24,247.26
1ba3b4f65d0a404e970205c13278b37f,moveis_decoracao,furniture_decor,2211,35,9,14,174.64
cd60f869932a442da7247626f648d135,beleza_saude,health_beauty,1616,23,21,37,154.34
a954001244144c898c23788177296871,ferramentas_jardim,garden_tools,587,28,13,21,120.52
90070608f1364a7ca5df9c7461037849,utilidades_domesticas,housewares,1117,17,18,20,26.41
2521c5de9c7046e7a6a3584396f0a1e4,beleza_saude,health_beauty,3142,40,16,25,88.99
c2e62b237e0a4f2e8f1193ad73b69a98,automotivo,auto,2856,48,21,33,147.01
011329758afb414281bb173bc33ea5c5,eletronicos,electronics,430,25,21,21,84.53
1afa89089b1b42f08e453f5d17bb9805,perfumaria,perfumery,1426,29,20,16,103.49
5b967a12cb974583afa783c5c38c9ac6,automotivo,auto,472,39,5,34,195.45
3cc2cf6ab300416fab3ccd2c32ac762a,cool_stuff,cool_stuff,1258,10,17,24,119.52
e1a462387adf42bfbfd7248657a42e1e,ferramentas_jardim,garden_tools,1087,45,25,17,79.08
41e4b9d050a64f15a7cb1337014f0485,ferramentas_jardim,garden_tools,1238,27,23,20,152.9
311898abf3944c20af914256c3553451,ferramentas_jardim,garden_tools,3048,38,19,23,122.52
71680e3f73f64bf6be83f0d050c66ebf,cool_stuff,cool_stuff,2444,23,20,25,142.42
3e1b4d5a342248879cb0165a8bffc7fd,informatica_acessorios,computers_accessories,402,33,19,29,120.99
872fc4dea43b42a79c5fec4fb25994bf,relogios_presentes,watches_gifts,2476,21,33,11,236.09
deb96d1e815e4088934bad44c43fa15a,utilidades_domesticas,housewares,1880,22,23,35,40.66
75cc1c7a2a5e460e87ef888fce3c3ce5,cama_mesa_banho,bed_bath_table,1902,10,12,38,80.46
dea211b9115c4eacaac3fc3586a31fda,cool_stuff,cool_stuff,560,28,36,10,117.69
007cbe2562864bb5ac313c2def166864,eletronicos,electronics,2697,48,19,15,142.4
6416d3639e0e41ab91cc3eaa2a010f28,relogios_presentes,watches_gifts,2775,36,13,24,200.38
c618f6ea49124e10aeebbb46e7e17733,brinquedos,toys,1764,44,27,16,151.29
e791ad578401495d857515f7e9b29d93,relogios_presentes,watches_gifts,1750,36,31,16,207.85
3e4ccd729dee45a987cc9b0864504240,cool_stuff,cool_stuff,1074,14,22,45,82.2
3f081ab3b4494f92a2f9e44d33ee16e1,bebes,baby,1474,36,20,24,84.53
7c7e5d372cf840ba910218c7961ebc7b,cama_mesa_banho,bed_bath_table,1686,22,5,34,118.96
cf0a2e14821d4d259d3bbf789ade62ad,ferramentas_jardim,garden_tools,1541,32,28,26,166.64
60c5104da2a9414ba8e74be3471f45bb,eletronicos,electronics,1262,43,22,26,58.25
6ed1561f9de5463781097a12c5b25c9c,moveis_decoracao,furniture_decor,1729,21,14,18,106.69
e0cc5dd0fb364b43b5c4f0a5c0873fcd,automotivo,auto,3199,43,35,15,142.85
e883b86dc0784647915827c1feca4e9c,moveis_decoracao,furniture_decor,465,23,12,34,140.19
1f62efef8c1741c8a621d9d5d29157aa,cool_stuff,cool_stuff,2354,36,38,13,221.67
a619cdfc21074c73b05bbe3d4cbf4d7f,utilidades_domesticas,housewares,2417,20,28,27,80.45
b487e4a23a1543ecb56e4e92d03d9304,relogios_presentes,watches_gifts,840,22,36,25,256.93
a85ed291c7e94789b2d3a1c847348c0a,utilidades_domesticas,housewares,867,22,28,14,76.7
9c34387e263049b29ed5357daa809e65,ferramentas_jardim,garden_tools,1527,31,18,28,159.25
016fa99a0b7142529783f3d0bb415aa6,moveis_decoracao,furniture_decor,2087,20,17,34,204.73
622751b0c95f4bc6b988568c822101c3,automotivo,auto,401,33,5,25,215.91
ff217d77c3ff4d3598f1be7ac4689c95,esporte_lazer,sports_leisure,741,21,26,12,96.02
12a15cd70ec746fe9e1ae167ec69ea02,informatica_acessorios,computers_accessories,1977,23,18,30,163.97
a1df16bee7dc46c4850d5c1e2ccbc790,utilidades_domesticas,housewares,1713,26,22,24,94.16
0fd079c3b0b8452bb063004bfc8ca602,cool_stuff,cool_stuff,1102,28,12,24,128.5
b975b42b8f634ddb83ea8a66dad0df7c,utilidades_domesticas,housewares,608,32,21,31,76.38
c2afe143118949a6bdb17c9c6ce48134,cool_stuff,cool_stuff,1826,35,23,18,171.72
4b4d7d488dc44e01ab2c02944d4ef858,ferramentas_jardim,garden_tools,1791,30,5,26,212.44
191017e43df141169c0b62c8b025471b,eletronicos,electronics,1211,22,22,27,119.82
c2d2c1a4d767423582e1f09c9e85d179,esporte_lazer,sports_leisure,493,37,24,23,125.16
6fdea75d644048d088a8e678ebd6a7bc,brinquedos,toys,2323,38,10,31,108.06
40d6da25b0ec424c9c2f583fc20bd3ee,brinquedos,toys,1558,30,18,34,107.49
1f73a1f6bf4e421597bc95ba2572d319,moveis_decoracao,furniture_decor,604,26,21,34,190.15
49dc6e745be44d57892285918e2d8f44,utilidades_domesticas,housewares,819,54,22,35,81.97
755ecce489c749ad8060b83e8392032c,automotivo,auto,1926,38,29,33,174.89
86c58e5ab8024f2a9d8ac51df70944cd,bebes,baby,1247,24,22,32,122.2
9b46ec96e9b2492f842d61faa3287890,beleza_saude,health_beauty,2352,44,12,18,125.09
fbc730bd90be4facbbea1c4aefeb3baf,moveis_decoracao,furniture_decor,1746,24,30,28,161.97
37578550891b4957a2bf03c84f033b96,moveis_decoracao,furniture_decor,351,16,22,10,210.63
9dd500cb3eb348ddbdf6920086e922bb,informatica_acessorios,computers_accessories,1373,62,38,23,140.21
f242ea386e8d42208178bf46e6b20c41,utilidades_domesticas,housewares,2296,47,6,10,72.56
1caf1d66f2874492a8d718c4ac9ed9b9,perfumaria,perfumery,1966,34,28,15,55.52
2d67c17e19754cb3b13f4f6013f2314d,brinquedos,toys,2186,21,5,26,133.8
030745a590d54fd0b3fe11bc21ca3162,brinquedos,toys,1402,25,18,22,69.56
5b0e1a05f7704461bbc283e1c55e8303,cool_stuff,cool_stuff,928,35,22,26,120.22
a3022f6f0cf74dad923a089ead357adb,relogios_presentes,watches_gifts,1354,10,21,36,121.55
8f257228893b4aec9cac86c5905757d6,telefonia,telephony,1031,33,30,21,61.15
aedf739a6bb2490ca6a8ce2b25b37735,telefonia,telephony,100,31,36,27,74.55
6bb6f9d884ec4c0e857c30ad5cf44481,telefonia,telephony,1757,29,13,31,79.52
13fa244e86db4ae2bd64ce385a39c056,cool_stuff,cool_stuff,1514,20,30,30,140.12
4a007f32b5c24181b9e772615d5f97ac,informatica_acessorios,computers_accessories,2301,25,13,18,65.3
fb75ed01bdf94db1b2f32b0994bc6f42,automotivo,auto,1877,11,10,10,136.56
f92bce93dfae4304a76ec21c2eb40514,telefonia,telephony,1379,26,11,15,84.29
2aac40398b2d41ab8512a8e081337b97,perfumaria,perfumery,1059,33,12,26,164.1
c55c6e80264748ef91b029f7153a45b2,eletronicos,electronics,1968,25,22,23,90.2
867a0b5fa85a4ade9575f19dedde640d,perfumaria,perfumery,1239,28,21,17,94.52
ae69c8c9d95143fab3b805e2126427b8,ferramentas_jardim,garden_tools,389,13,10,26,103.75
45c47aaa7421493186c304fc60b1a342,esporte_lazer,sports_leisure,1910,30,5,30,139.32
83ea8f5522854dc9a854fbbb44140dd9,cool_stuff,cool_stuff,704,34,13,25,108.1
f6986667b53e49e49213ed3a87802f94,cama_mesa_banho,bed_bath_table,100,26,19,21,65.4
78aa7ae31c584e8d895bd1e9bca12627,moveis_decoracao,furniture_decor,1180,32,19,26,126.49
9229db67f29e4149b63f4d57c097b123,automotivo,auto,2437,18,23,34,159.24
8aef28d41fcd4f638b638b60c9593f7d,cool_stuff,cool_stuff,1337,24,28,13,121.34
9f133feca74d4c0e83c3edbeff7eb54a,cool_stuff,cool_stuff,1181,42,23,17,151.04
e2a6c69dc0e24c16b4220fb37a6e961f,brinquedos,toys,1008,22,27,14,158.26
3fc91ce0978f41938afc537ae6c7e0f6,relogios_presentes,watches_gifts,2162,40,16,23,124.01
270f32f2cac24268999fd9646683ac05,cama_mesa_banho,bed_bath_table,1080,34,30,16,85.86
d69dfefd29d34c518c2674aaada9c1c2,bebes,baby,1378,16,24,19,123.16
dba7b464331042f9b60481bfb88d396a,perfumaria,perfumery,1138,22,19,23,113.84
b0c5e9a5428c4a99b7cdfc990aa8d985,informatica_acessorios,computers_accessories,917,33,33,26,189.83
1ad13e70dc3944e6853eb5c48831f1ec,cool_stuff,cool_stuff,387,31,11,13,131.73
5525b85d5a504b4faa623fde44f1e896,moveis_decoracao,furniture_decor,2453,39,21,12,150.19
bb4c38728ae54403a5e44d2fd4b34574,informatica_acessorios,computers_accessories,1741,31,5,17,142.12
80e0ba6efa4948898fde13b7d1f0b145,perfumaria,perfumery,1929,10,18,26,150.49
88d710bf0610430680f37a824e2fd7dd,informatica_acessorios,computers_accessories,2054,35,13,10,127.31
1476b1c4c4474c2ebc44a249bcd4c4bf,esporte_lazer,sports_leisure,2301,43,25,28,126.39
7efe1114924e44898e49efef9bfdb6ec,beleza_saude,health_beauty,1055,28,33,17,186.52
228ad413a13c43909ef1e156e41c1cbc,beleza_saude,health_beauty,1242,43,8,29,104.21
b6ff70c7efe6413297b8eabf65f1d9f0,informatica_acessorios,computers_accessories,367,32,28,18,77.54
530b2c3c3b40459c96c3e04cbd61bb5a,telefonia,telephony,1426,29,24,32,73.81
b31f33d7cdb74418bdf10aa7ed0532fa,brinquedos,toys,2984,32,17,12,102.12
01fc220d5bf74f16a88c1d83e6f4769d,bebes,baby,1230,39,23,15,136.03
ab1fd9a852b341b2aaa8a6ded4176ec4,perfumaria,perfumery,2037,45,27,31,126.8
e497366fc9104832bd5ea6c1b464cd89,cama_mesa_banho,bed_bath_table,1810,42,9,22,75.69
b1a884566b1d4279a8d4764403260601,telefonia,telephony,1803,42,15,10,66.76
07eb7a058ec74daab80bbad03e37c52f,utilidades_domesticas,housewares,2230,35,23,22,59.42
a0bd326499144f6aa329c989696e873b,eletronicos,electronics,1912,21,37,29,75.48
d16a58da5ec845189e1332ac429cf7a1,cool_stuff,cool_stuff,1010,29,18,33,173.39
ff856e40fd0a499397dfbd787d93372a,brinquedos,toys,914,48,20,31,91.75
4b2aea4cb39b48238396e50b35bd9cf8,informatica_acessorios,computers_accessories,1790,33,5,41,203.08
40b43f4f90c9402d9bd087812091f949,ferramentas_jardim,garden_tools,1182,18,22,25,147.45
10792adfaa974f76af4377465ee6e96a,ferramentas_jardim,garden_tools,1653,35,31,29,98.26
d89e447d3afe4b248b1ac170365c004a,utilidades_domesticas,housewares,2590,46,45,16,89.86
c3d71e6d8c8d44ef9c072bbfb291de9b,telefonia,telephony,100,35,15,40,59.51
86fa7132a51141fcb067ba9fac62087d,utilidades_domesticas,housewares,148,25,5,31,43.7
1dd4be41c4974c7a816574807af905f3,informatica_acessorios,computers_accessories,1522,10,17,38,161.23
97601a4189214a29a2e5ad45cf21dc24,esporte_lazer,sports_leisure,809,29,20,28,73.99
06a717ee679c45abae69e117648e1ae8,cool_stuff,cool_stuff,1974,10,14,21,193.5
5c93ce62d35540f49d8a8612ceb969d5,ferramentas_jardim,garden_tools,1518,15,12,26,132.23
f6277bc5bd9b4f9780016eda0f2a6cdc,beleza_saude,health_beauty,1036,25,25,20,126.92
8a172550241a48e7b1a1dc64c154c323,eletronicos,electronics,3235,15,5,31,73.03
ad199633d88241e3aaeff55e927dda24,perfumaria,perfumery,1245,22,17,37,149.06
90f18e433cf5475d8faa796f49281ae8,bebes,baby,2189,15,10,10,101.67
d8f4e4bd7cc343b3a26a7fb1bbaaacb6,perfumaria,perfumery,2265,35,18,24,104.33
6929378010cd42aeb20f7026ad4277b3,eletronicos,electronics,1663,37,7,27,113.31
b33187910ffc4c92869f3883ba7def08,cama_mesa_banho,bed_bath_table,1167,37,42,24,104.83
d21e91523fe44566970f6e41443d52f4,perfumaria,perfumery,909,31,23,26,94.41
728d66994a964213a4c9caf531c3a0d3,utilidades_domesticas,housewares,1665,44,23,32,80.26
ed0e521efe394bb9a149afaf8b639c28,informatica_acessorios,computers_accessories,2099,32,12,27,100.37
1a9186886d1d45198eb1c5e86321374e,esporte_lazer,sports_leisure,993,31,22,15,146.62
ad9f6cab26b54d9481676f7a131fc547,perfumaria,perfumery,1957,22,7,23,111.62
b886a02da2144bfab720271d351c84a0,ferramentas_jardim,garden_tools,1590,26,5,21,124.3
f6c7ee99c30b4cf1b61295c5ef109774,automotivo,auto,2006,23,33,10,192.45
c59da4287fb44ce6afb16bc1c15425b4,telefonia,telephony,1320,38,20,34,67.25
1143aef144af4cd3b1ae08fa0caf18f5,beleza_saude,health_beauty,621,44,19,26,173.22
0be5a914d2e649a09cb43ec526a219e4,automotivo,auto,674,35,15,23,142.89
f01fdebbc3394a49b56267609a594fc5,informatica_acessorios,computers_accessories,299,22,30,32,142.18
806cb5cfbbe845319c7b00d7aad20f84,eletronicos,electronics,1694,27,30,23,95.8
1df0768f21c547b283b61b6c6d92ec0d,bebes,baby,2416,22,32,12,187.04
0ee87c27c88d46d8ad6e3836b8fbf780,cama_mesa_banho,bed_bath_table,1201,27,5,21,69.0
1ff4d55d25544817857af4a1b36a76c7,telefonia,telephony,1013,28,27,26,81.15
1e20b9353dee4c6d87515d4b45164186,esporte_lazer,sports_leisure,623,21,34,19,164.69
cb185aa43be043b9aa72c2a7609abfca,perfumaria,perfumery,1305,30,28,35,121.68
3f41498ba4fa49128e37996e88b28519,telefonia,telephony,1189,29,22,32,75.08
b8577430eef643fab7d6668ddc5f45ab,cool_stuff,cool_stuff,1995,46,23,27,96.65
6d270dac816240da9816e67b9ba24e14,automotivo,auto,100,33,19,20,149.74
f9bb81a8c97a4e3fb0604ec04cf4b830,automotivo,auto,1451,41,20,19,179.61
7b45bbf2fbe34db3854ad9123ab3618e,brinquedos,toys,1326,35,16,19,112.53
c051dad2fe314c9a8de46c738b2a870d,relogios_presentes,watches_gifts,1510,34,17,10,184.03
313d4c145cdd405491c2c39742fa9856,perfumaria,perfumery,2135,27,18,32,103.64
01715d23739d4b688c864f20edd2d855,eletronicos,electronics,265,28,16,17,85.62
7eba99fa046e496cbeefa1960e0fc05c,telefonia,telephony,1893,29,22,39,68.14
69d0872cc7bb4b48868e319290ea20fc,brinquedos,toys,1722,24,13,20,95.64
912125992da649a19888986bcd721aa6,bebes,baby,1787,53,14,21,127.79
9fbd1feaee3f45979d362b80379380f7,ferramentas_jardim,garden_tools,1816,32,30,10,51.46
bc617fe48633466c88d38d50d881fe40,eletronicos,electronics,1103,40,7,10,104.28
c2a9dee7dc1241a5b2d1249ec169f69e,automotivo,auto,1694,19,12,17,144.42
6a1f7ca920ad4852a83cfcaf0cf76ce8,utilidades_domesticas,housewares,998,34,5,18,62.48
1e45ab33f12d4f949d993e6aeb07ca43,bebes,baby,1294,24,26,10,131.59
fa6565de710942218eea7e70af9e1f32,eletronicos,electronics,1946,48,16,27,44.9
7b70ce6b3fd44b26886be35ec2a71305,automotivo,auto,100,38,19,34,85.06
d8784f325bba4064be31ab04c146225c,telefonia,telephony,1915,48,23,27,75.17
17ed9ee0cf1f4a8d8b5069fe290cbea1,eletronicos,electronics,243,43,15,29,50.92
e49e52d8df0246d8a7ddd77cf0a102e6,esporte_lazer,sports_leisure,556,44,17,36,112.65
abbc669a0c724fe98cd94893d2a4e0cf,ferramentas_jardim,garden_tools,100,38,15,30,135.88
32c3699638d2407ab9539806a80aff9c,bebes,baby,265,31,37,28,127.99
0d53842e7be941bd87675b4d36fff6ae,telefonia,telephony,2360,32,21,16,79.68
7183c116b2114252bff97935da8aea0a,telefonia,telephony,2328,21,31,24,57.24
f277ef274681446a8f1caaab38da3abf,moveis_decoracao,furniture_decor,2298,27,26,22,157.01
d8e9b1c70a4b4390bcb060d09621941d,perfumaria,perfumery,1894,32,5,16,152.88
a002b4746ec74d239946fb69b32fb9e0,informatica_acessorios,computers_accessories,1394,24,9,16,54.02
e58aba05fe594119a25aca078c5435c0,bebes,baby,1418,24,12,24,142.74
d360e51160524f0e860b0c0cb9559eb9,cool_stuff,cool_stuff,3174,14,29,32,129.94
2ae5afc1d7f24da2858c140fb692b827,moveis_decoracao,furniture_decor,1662,25,21,37,190.28
741e697654074c95b93224c4e876e663,perfumaria,perfumery,1906,25,8,23,161.2
1ad4ae17d488406c8ef3538019915043,perfumaria,perfumery,278,19,21,17,101.22
150f93c2787c4c4c927cf469f5b2db70,automotivo,auto,1161,16,12,30,87.71
fcd648814b2e4f8a99e3d6b66a4d4159,telefonia,telephony,221,23,25,23,65.71
096d905b13424c90a06949b27b568d9a,cool_stuff,cool_stuff,1535,12,23,28,146.58
69f76bdc3a22420782bb9845a215a474,informatica_acessorios,computers_accessories,2304,18,29,26,129.86
7d4de1f4cf034e76b846e25be475eca2,moveis_decoracao,furniture_decor,1484,28,29,16,121.87
f3cd8685b4074b0c892fcb7bab893c71,telefonia,telephony,2329,24,27,38,66.96
7e2db11f0f5248b5886d597fcd9c528e,cama_mesa_banho,bed_bath_table,2045,18,26,26,106.83
a5ccbb6dcd214edba483ffe9d44fe516,ferramentas_jardim,garden_tools,983,13,24,10,123.89
869ba3ede78442668b0f6d06ccec3d2b,moveis_decoracao,furniture_decor,2252,31,35,33,127.31
94fb43f3cd564adc8799aaa2cb3d235b,informatica_acessorios,computers_accessories,1521,29,7,17,119.77
9dc96188f4d94421b1abf3124bf37f77,moveis_decoracao,furniture_decor,100,30,18,11,180.21
4b044cb290fd4772a7ea497b594d12e5,relogios_presentes,watches_gifts,2072,32,17,29,250.81
8ccdf0b04ccb4e3ba3e3113b3e26dd4f,relogios_presentes,watches_gifts,1745,21,22,34,174.2
f47fdedd221244e688729b3233819c6a,eletronicos,electronics,3178,24,20,19,95.58
42b2565a734041e4b7f2e9bed5a1e27e,automotivo,auto,106,24,11,26,179.78
4ddc4eb4833549a59b1d4a81740f0810,cama_mesa_banho,bed_bath_table,2016,10,36,27,75.59
a98895047f304a48aa51b14f57c7493f,esporte_lazer,sports_leisure,1625,31,14,26,96.78
ce31b4cab71541a58ddcddc3a795ee5a,esporte_lazer,sports_leisure,1176,23,8,26,132.56
5b04ad0fd8ca49c59bc4058a507f4961,informatica_acessorios,computers_accessories,1911,38,22,20,182.78
78600c9ef5604b64bb26226989430085,utilidades_domesticas,housewares,413,20,12,33,103.86
d04d9bf4c62041f7b65863bae085c997,ferramentas_jardim,garden_tools,1889,40,12,27,130.62
98b5ee399368425f925ede9b7e5ddf35,esporte_lazer,sports_leisure,2177,28,16,29,141.29
8d952a01ea564c619c683556a0aec320,ferramentas_jardim,garden_tools,965,29,11,10,142.02
9884f537c8644ab0a64b7a39806bed08,informatica_acessorios,computers_accessories,1987,32,5,22,45.17
e62378342225454c86bac87c201fde0f,cama_mesa_banho,bed_bath_table,2595,19,30,32,72.49
0615ff86275d4c3e8a9409a88e69ad44,utilidades_domesticas,housewares,593,33,13,25,75.34
9c659fe2b9cb43eb9d6e1059a6a2b3cf,utilidades_domesticas,housewares,100,10,21,20,73.94
b285940806bb44059c4315b5369b749e,relogios_presentes,watches_gifts,2056,41,17,22,240.01
661da755b88642799dbec424ed3658b5,automotivo,auto,414,32,24,30,62.53
6c60a4bd14e640f3ab1222414c9db208,telefonia,telephony,890,21,20,28,104.93
a9c59d43fee0475c9417875580e432ef,utilidades_domesticas,housewares,1104,25,29,27,110.35
ad54d29664e84ffa95fbe87707e9a668,beleza_saude,health_beauty,1730,18,9,12,153.17
6a3a65671c3a40ffb4e8f3a04bd45b7b,informatica_acessorios,computers_accessories,2450,48,26,34,118.9
79d60df5cb1b4445a93299fd1b24957d,bebes,baby,574,38,23,25,143.56
2666c8ea4f4a41049c3af16c51fc1e93,utilidades_domesticas,housewares,1758,42,30,29,101.92
5a1ff33696494d64aba4657e73a8adda,utilidades_domesticas,housewares,1911,25,26,13,106.08
2ca08078137d40efb5e7437a65c918a5,eletronicos,electronics,544,32,13,29,89.15
0fa3c0915d8d476698640be46e017e40,perfumaria,perfumery,224,34,15,32,125.04
8ea35fa03593430fb4f886cff4e701f5,brinquedos,toys,1816,20,15,21,135.7
763d8e13501e4251b9c3bde630454ba2,ferramentas_jardim,garden_tools,2841,21,28,10,93.2
b0e269fe382b410082b683065a2ab245,beleza_saude,health_beauty,732,16,7,28,122.51
82f8ebf71e74433e9654147a5e7720a9,bebes,baby,1803,36,22,30,127.57
6f0a1749f2304b5eb74c85329b44d256,eletronicos,electronics,550,40,15,17,85.55
96bfee656af6465096756723b922f19f,perfumaria,perfumery,769,25,22,27,98.07
efa572b2a3e6499195d5c05459d64dbe,brinquedos,toys,1109,40,23,41,145.4
731c0015d84745bebe4d947dddb9567b,utilidades_domesticas,housewares,2415,16,26,24,73.98
de2d4ae48e94472591a7b3f489d31657,telefonia,telephony,1634,39,24,17,89.85
b673597cbc4a4e05bc79d687e5dc0505,beleza_saude,health_beauty,989,32,17,23,156.82
c406a3eb7db341bdbf2c56c8973f771b,relogios_presentes,watches_gifts,667,49,5,20,232.21
f3f6da55c0554cf9a795775b6641cf28,moveis_decoracao,furniture_decor,1967,28,19,28,148.45
b3f25050c3784140b51b88f1fb089488,perfumaria,perfumery,2614,38,26,17,122.62
00693fea1fda4c1595bcb736ab39bbdc,utilidades_domesticas,housewares,1259,19,22,20,98.11
3ff9e515521a4cafb923e738b80bddd0,bebes,baby,643,47,12,26,157.72
9ae0e3f3559a4d349b9b460798495331,eletronicos,electronics,1043,38,10,36,90.35
3148689fec044e568623a3fb63e83785,bebes,baby,1022,27,26,20,103.77
09d6f399b54d4df0b19f4333dcb1578d,utilidades_domesticas,housewares,1322,18,34,20,101.63
fd915f6a48764f8ab0ce7ee99e3fdaa3,automotivo,auto,1667,20,19,31,132.47
0694c70cec6d4babb7f151214399f19f,ferramentas_jardim,garden_tools,2454,40,27,21,97.21
07e56967ca5247fda8691765de043d81,ferramentas_jardim,garden_tools,1009,31,24,10,134.72
620549323caf45108eed1c4c9a68413f,automotivo,auto,1626,27,30,28,192.41
2bca451f2b0648e0b730ff0d564de491,perfumaria,perfumery,1327,39,33,35,92.24
e60421e548694202918373e5879c9c69,brinquedos,toys,1297,26,23,30,84.83
97942dae233b4fd3ad90f1bbb3ae7524,eletronicos,electronics,1554,10,31,20,91.4
bd245777632a4f67900ae5c794649fc6,informatica_acessorios,computers_accessories,1252,41,5,24,140.24
fdd03d84111e42a5ae1280f0e333231c,telefonia,telephony,1137,47,12,31,82.13
dcd09e1e1c574f0abd35468e9528747a,informatica_acessorios,computers_accessories,2509,23,14,33,164.14
34dd7572c95a409e8337f7e067ddbcdf,moveis_decoracao,furniture_decor,264,24,23,31,126.04
c19ec78ff55545e19c384fcbbeb88e7c,utilidades_domesticas,housewares,100,35,10,10,28.35
4864d67e6c324b488f7f7dedd21b7238,telefonia,telephony,2151,31,18,36,87.75
dff1a43429b5468aa08baf80375b0f61,beleza_saude,health_beauty,2793,16,19,12,121.97
e98959536ee3496f8fb2eb2f82a32a7a,utilidades_domesticas,housewares,1301,36,20,29,99.07
f973f0a6de654ec8ad25295e4c73fca0,relogios_presentes,watches_gifts,3223,26,12,26,161.86
833fa66777314eefb700801b9f2b7f57,cool_stuff,cool_stuff,2685,27,15,21,197.33
0b4209a8c12f4b3da08b719bdb0b5cf6,cool_stuff,cool_stuff,1373,23,33,18,166.6
16a5adac9cdf4a0ca2cdea583849c4df,perfumaria,perfumery,2021,13,23,16,149.68
9000a54473ec49d4890184362f90964f,utilidades_domesticas,housewares,729,36,28,31,90.03
4cd66805cafd4437b65fc106119e15c0,ferramentas_jardim,garden_tools,1314,24,31,19,98.7
4238b46ead1945ebb8978687087041e4,esporte_lazer,sports_leisure,2032,22,12,13,100.51
b5207079fb23400a84c300e665f61f3e,bebes,baby,1433,32,27,29,123.32
bdb28cac69bb40f7a430f949882b1108,telefonia,telephony,1341,35,30,26,65.62
178edf7b223141d1a55300c6d2e69c8f,eletronicos,electronics,705,15,25,29,104.43
b41de5e9888d498a8a33224d013a64dc,esporte_lazer,sports_leisure,1397,44,16,32,113.84
0904da9dd9ca4e77890bca5ee72d2f67,brinquedos,toys,1013,35,23,27,112.44
0075e2283d7d46dab6e98dd2a70802e2,automotivo,auto,1469,53,29,30,144.47
48ec81721ff248ea982c2b5ccc3878f9,beleza_saude,health_beauty,2305,35,20,22,127.17
0d34915041334c0ab7d39a423add4aaf,eletronicos,electronics,100,32,16,37,90.48
b6cba15819a5466584206ec5e598a3c4,utilidades_domesticas,housewares,548,29,11,28,90.82
7d814eb7f71b41aba8ba5b35de5fe800,brinquedos,toys,2266,22,20,14,131.04
b6084b8488bc4344810883c0d74d868e,brinquedos,toys,1915,34,20,28,158.13
0a4fa8220e324c33a7fac455b75dc628,cool_stuff,cool_stuff,1271,31,11,18,169.4
243b0c9306404e4a8bbbb643aea982e6,beleza_saude,health_beauty,2383,27,18,21,111.28
be3bfb63e793478e817ed9f72775455d,cama_mesa_banho,bed_bath_table,1735,15,30,19,113.05
b2d4fc987cd64f3492dc91510718c040,cool_stuff,cool_stuff,484,36,25,28,120.25
ff5d745e3040476a8492a7333bd7be60,utilidades_domesticas,housewares,1699,18,17,33,100.93
aa9242f362b64586a29c878963e6ac27,esporte_lazer,sports_leisure,1512,20,25,25,45.39
3a636c44d3da4174b608ec1fa9741d55,bebes,baby,2126,29,29,16,18.82
da1ec0d02bac4f5ea9f0ab554c5f0335,telefonia,telephony,1723,32,6,17,130.1
c03c9ba1ed2d494a83f876e7323ef291,esporte_lazer,sports_leisure,1255,37,14,10,109.89
0824019ef9324318ba21de4c62099dd7,beleza_saude,health_beauty,1287,26,19,27,124.75
72b2ac6f7d0d41ba967383f920c7e423,moveis_decoracao,furniture_decor,488,34,5,10,196.96
ee6c3404036a46378c4dbea91cf3756f,utilidades_domesticas,housewares,1905,29,8,19,79.75
8470c099ed894a70a508839e42bc4bfa,relogios_presentes,watches_gifts,223,22,25,36,184.83
6c66c8050684446fb800aa6dfcd090c8,informatica_acessorios,computers_accessories,2105,10,25,18,158.83
d0c4593e013b477fb712639f5d3d69a3,telefonia,telephony,1301,43,13,30,69.41
7ff492d7153141b4bf35bd3b0acf0766,relogios_presentes,watches_gifts,1373,28,13,24,206.24
d6658a0526104ddca12bb71761542863,relogios_presentes,watches_gifts,1692,30,26,32,146.96
5bd60b5cb61448e8b85ff89eeb798c6b,perfumaria,perfumery,2195,18,24,29,67.66
9bcc257e5bc34ca1ab762289b84ecd73,eletronicos,electronics,1574,25,13,35,73.66
6b159a7c271549bfa10652aae40b52d7,utilidades_domesticas,housewares,854,30,25,23,108.33
b3a0aa6568e744eca7316cda4648f877,moveis_decoracao,furniture_decor,1924,10,15,20,183.97
a21934e9ce4344aa850631e5ce7c0f7c,perfumaria,perfumery,100,55,24,26,160.45
2b6ff4a37a1049bb800298c68f3dde89,bebes,baby,3374,38,27,26,125.05
b0e22b6dea1d496ca19575158580943b,utilidades_domesticas,housewares,1119,21,14,14,83.48
de9cd26f49df4f269bc6d6db669a3a34,moveis_decoracao,furniture_decor,152,31,19,26,133.89
9642ad4840054d7ca1db69ae6f3e3f2c,bebes,baby,3961,43,10,26,108.72
0d13b0db3b5e4f97aeaedbcb99af463e,cama_mesa_banho,bed_bath_table,688,16,23,19,119.2
0a06dcdbdb9b418c82cd0502f0167dab,telefonia,telephony,2295,43,13,28,87.65
6773297e27424042be492f567c0db4a8,beleza_saude,health_beauty,1120,22,32,26,152.26
3065c6e6752f4e13820b5590016650a7,ferramentas_jardim,garden_tools,842,17,15,24,97.75
8cd2861f169c4527b3819fb15766164d,automotivo,auto,1492,13,11,30,164.15
fd61743c7b2841049fdedd39fd1c12a2,beleza_saude,health_beauty,1186,19,11,22,152.56
ce8b10163351467093c18329b7a1b560,relogios_presentes,watches_gifts,2242,25,10,27,160.59
5c20daf3cb3443698bb76d249d59e112,informatica_acessorios,computers_accessories,1085,43,26,26,87.76
3b08aafb0d5c4e319452d1d543677b64,cool_stuff,cool_stuff,1669,40,16,35,223.17
c95e89a1f70c41ca9da42ce32c1629c2,cama_mesa_banho,bed_bath_table,2830,33,24,36,106.18
d087727090b24b14b917a127fa648ba9,perfumaria,perfumery,1099,25,21,14,120.7
f76401d897e1451189ca391c2ec515d4,cool_stuff,cool_stuff,2377,10,32,33,144.31
52320358b2bf4e55a7d8166a07ddff31,beleza_saude,health_beauty,1934,30,29,32,81.0
b37f45df842b48f2baa4732ee8d221c7,perfumaria,perfumery,1969,27,20,19,177.44
7dbb0cf12801425f87e269bd2adea094,beleza_saude,health_beauty,2332,22,9,21,145.21
5e00f84ed8d24dd1892a022d2e4011ca,informatica_acessorios,computers_accessories,1692,42,26,32,159.71
8e46f6d591e342bb924bca4929fa64ae,informatica_acessorios,computers_accessories,388,28,28,24,167.64
89ecc2bd47f2416b85e414271bbf00b0,bebes,baby,1245,19,19,27,107.05
014570c4eea041deb5a4228999ac1995,beleza_saude,health_beauty,1311,20,28,22,180.85
655d793993a84dcebd6b06a620ca2b5a,brinquedos,toys,2722,29,11,10,65.84
4aedc58c5986407a8af5698e6e7c5bad,esporte_lazer,sports_leisure,400,43,20,28,48.39
d5a1971aa45640888749ca188d79870e,informatica_acessorios,computers_accessories,541,38,22,23,170.42
515740a2e07a46e7aa13280f171c7bcb,esporte_lazer,sports_leisure,2808,27,20,26,186.76
ea87715bde0b4e85b989f728f8de2b94,telefonia,telephony,100,36,19,29,61.85
ae8a96b91b36406aba0d813e48732291,cool_stuff,cool_stuff,1460,37,44,31,126.84
2a896ab7e2cf4d59afb2b93f7f2f0e43,cama_mesa_banho,bed_bath_table,1160,25,5,22,113.32
02b18396e693499b830f9825ced8a4a4,brinquedos,toys,480,40,23,19,105.75
863624a82eab4f20b3f063561ba5b348,informatica_acessorios,computers_accessories,2778,37,20,23,148.45
dd97c97a64dc43c486107632990ead01,telefonia,telephony,1090,10,36,26,82.96
b9aaf1a4371a4cb6bd99c505cdbbc5e2,ferramentas_jardim,garden_tools,1453,22,18,12,214.7
bb4327b2662c43949c92d4ff608c4155,moveis_decoracao,furniture_decor,512,19,16,35,160.73
a9fb4e78de294fe89e7256729d56b2b0,perfumaria,perfumery,511,42,25,29,146.47
68ea9eab5ba545d79d74d99872dede9a,relogios_presentes,watches_gifts,3415,51,14,37,232.99
53b5bc3284f44f5aa2266126bb9c8975,esporte_lazer,sports_leisure,1899,13,18,18,139.84
56b1002927e44624a5da90dd1cbf624e,brinquedos,toys,2356,10,19,33,104.4
419d766327c64ee3a505bda06c36b58c,brinquedos,toys,2083,33,22,22,73.5
eeda97a1e65442879fc25ace99cc28c8,ferramentas_jardim,garden_tools,602,37,20,23,120.16
b598c20dd13f43879b61bde534f1c614,ferramentas_jardim,garden_tools,1255,40,17,14,161.03
a441d9c37437456e8df6e709d9b7edcc,cama_mesa_banho,bed_bath_table,1336,30,32,24,102.23
48beb31bf0d34006b80d2ea89765a159,perfumaria,perfumery,556,27,24,12,131.03
21dc55b56b2d48d5b07664e21f5606d3,bebes,baby,1580,30,28,27,181.73
7e42cae58ddc4225b0288f5988e3c433,esporte_lazer,sports_leisure,705,31,20,16,143.69
82967af95fb94de186fd60e9ed1f6e07,moveis_decoracao,furniture_decor,3359,29,24,25,124.32
89dd57a74248412e96afd27809357d06,cama_mesa_banho,bed_bath_table,100,22,8,38,92.12
bd10e30cb8b944619d2f78df097bf27d,brinquedos,toys,1223,38,11,18,112.04
23dff35bc3414045b87a892e5f8fc58d,beleza_saude,health_beauty,2323,35,21,25,144.01
adf702ac997e45e99add7204c265f42c,eletronicos,electronics,1661,19,20,16,92.03
fc2d55567c25441b95dc8d6d171d6893,moveis_decoracao,furniture_decor,1115,55,19,13,153.29
c9b9858fe08c4f6e88a6f471fa4c9652,brinquedos,toys,1915,46,15,12,134.51
c44ec9f4529f458286af18a5bbb8647b,cool_stuff,cool_stuff,395,25,17,24,196.01
ec696d34311345ba88b05844317c5419,eletronicos,electronics,953,27,19,26,92.45
52c64d9ccedd4c66b9bd33d617e00e5e,utilidades_domesticas,housewares,1848,38,23,28,53.36
1ecff51ee6e945dd887568b9895f6b06,utilidades_domesticas,housewares,1540,34,25,19,71.82
a4e210adaca24c74a9158c34e98d23e1,ferramentas_jardim,garden_tools,1040,35,28,21,166.78
372355d3a95e4237941f5dc81847cc7a,informatica_acessorios,computers_accessories,1598,28,18,30,159.65
bf8939ce99aa430cacfed62ee283f832,cama_mesa_banho,bed_bath_table,3320,21,24,20,73.27
94be8e4bba564c90b1da6764828cb95e,brinquedos,toys,1491,31,43,23,76.09
273cdbd922e34614a86c321a29922336,ferramentas_jardim,garden_tools,1718,10,19,25,162.81
352087cf4cea49df997f18c24054c663,bebes,baby,2278,24,18,18,90.52
ee16752062b54a729d5e976fa7c4c808,cool_stuff,cool_stuff,1747,17,16,17,189.74
d05753831db24720bd9907bd4dc1e4ab,informatica_acessorios,computers_accessories,2941,16,5,24,145.71
824c56a43a2440b2badabea6e095f1b2,cama_mesa_banho,bed_bath_table,1674,25,18,27,121.01
b6cab203324f47cba55dd57f8f6ee0e5,ferramentas_jardim,garden_tools,100,26,21,17,195.59
7676de7fd8ca443386b9b196759f079f,perfumaria,perfumery,991,29,24,20,69.6
1254f5b38ddb42969c55cfcfe7d979b4,moveis_decoracao,furniture_decor,1157,40,17,18,206.28
6d0f6ed41dd14ebb9805979a8fe361b1,bebes,baby,1235,24,21,31,213.36
139efdc8c7e14b17b5f0f605598bd6be,cool_stuff,cool_stuff,2161,41,15,16,167.8
372b77c2c9a84810883b2d64bc017755,brinquedos,toys,1585,19,18,28,120.81
b669640bf4b3488ca73a27a562bf9c71,perfumaria,perfumery,1903,32,15,20,89.03
a4c18563ef0547b480a0a4d628be4aca,cama_mesa_banho,bed_bath_table,2927,30,18,17,168.39
682bab00b690467c8b850881917fca63,perfumaria,perfumery,641,25,23,29,153.74
2046c97c62d14631a40018ee555b333f,brinquedos,toys,2946,35,11,22,119.23
8b26693891b34369adc9ab08922931c0,perfumaria,perfumery,3154,16,29,26,150.13
ef2c3f6d4fe849839bee11e316646d0d,beleza_saude,health_beauty,1418,21,26,30,164.02
c87b47496e34459da3c79423e22a0918,relogios_presentes,watches_gifts,1489,24,7,31,235.43
0e95a9ce10e649bc810a6f095d381c6e,automotivo,auto,727,24,16,13,107.29
0851172fc6c2432182bfe3ae4fa2cb9d,utilidades_domesticas,housewares,592,25,14,11,125.45
a1a779c8eddb421c975ddc2900267784,cool_stuff,cool_stuff,2502,22,22,28,218.6
cd747852376a484897a2c72fa0c1c3f6,relogios_presentes,watches_gifts,845,40,15,14,253.45
fbf10729fd3846d2b82fdefe743986cd,cama_mesa_banho,bed_bath_table,2532,55,10,30,84.75
932e73ebf2274bd087486aa42180093c,automotivo,auto,2126,15,9,18,143.16
ba358493f39c4ea6b953734b7b8b1dc9,cool_stuff,cool_stuff,987,36,28,29,237.85
2e73f8b728f44b7cba0817f84962d5f8,relogios_presentes,watches_gifts,1832,17,30,20,264.63
df558236c5174de1a32eb6e41a6d48cf,beleza_saude,health_beauty,2758,34,8,17,176.3
a9d3db596c69427893c58832c1203dd0,bebes,baby,1364,30,26,30,139.76
b5ab6250662746eea5ed7be9c8671635,utilidades_domesticas,housewares,1333,26,26,29,79.85
b1d3e1a439404c47822c3879ebcd7216,bebes,baby,2365,28,13,18,95.74
bb32c45374714c33aafa6b2ba773f884,telefonia,telephony,1282,42,13,26,61.87
57b5135fc6c144838f8c9c37bf4ef599,cama_mesa_banho,bed_bath_table,1291,14,18,23,108.51
e05d5dcc3cd44a748c1c8c7d67e11773,utilidades_domesticas,housewares,1678,18,28,26,88.97
aa7d0d56dfb1487e9738e7c03c7a7adc,relogios_presentes,watches_gifts,1492,24,21,28,105.19
09643648fbd74697af6327040921f8c0,cool_stuff,cool_stuff,1068,27,22,34,130.27
6013aa7dce954480aca6ea94f4d31bd7,eletronicos,electronics,1101,24,13,22,109.27
3edb2a4f423d46eb83c38f3bc96b76d8,bebes,baby,656,34,6,20,118.47
48646f72200d40b8b05154431d5c24f3,telefonia,telephony,2839,27,5,10,75.68
e4de0afa5ab349f3bcb1e86162284e30,ferramentas_jardim,garden_tools,1991,33,21,34,116.11
0dc575e05f294377abb3ef23168cb3b1,esporte_lazer,sports_leisure,2215,13,12,10,106.75
bb832da7d97e48baaaa3d477346138f5,utilidades_domesticas,housewares,1462,31,20,17,81.2
ea3265c17c9c48d6a2663e90e7e9d652,esporte_lazer,sports_leisure,302,43,17,21,162.67
6077bd5d0eb54152a4821a7e435ea26c,ferramentas_jardim,garden_tools,506,18,11,24,150.11
820705241ac6484fbbba2cbf1aacecde,automotivo,auto,2091,55,5,29,117.71
ba9e9ddea39b413cadfefdd568dc53e2,cool_stuff,cool_stuff,1030,23,12,38,202.9
bb3119c845774b84a03570cf5d241f90,moveis_decoracao,furniture_decor,1518,43,7,14,51.1
64f681ea5418419a82503828c7393b45,brinquedos,toys,940,31,20,26,67.67
fa5ecfe9b95e464cb51f9df232ac969e,perfumaria,perfumery,2142,32,25,10,134.34
14c75b0c811e4c358a7d7f928731c068,eletronicos,electronics,549,26,24,25,68.71
a8648b8f7e5745c593b5c52a830ebb07,automotivo,auto,1505,14,29,23,184.74
99539934bc36470fb2e974df141a354d,perfumaria,perfumery,1078,24,13,32,103.72
308fcf8129cf4e9f95988c88c2bf9970,telefonia,telephony,2015,26,5,20,51.42
54aa9e9b5d46467fb45b3f88b7ba081a,telefonia,telephony,1527,18,27,24,71.45
653ff0377b6449df8d0afca9d1ba7cdd,utilidades_domesticas,housewares,2024,39,19,18,49.52
454011e20faa4927b51aa4d8ec9e25f8,bebes,baby,951,23,20,22,154.08
1d2abcb5605b4adcbdbd601bb87bb7f3,ferramentas_jardim,garden_tools,1009,29,29,27,132.9
4d730a87694b470ba756facb4cb72a50,brinquedos,toys,1018,23,13,20,132.67
5d38fc8d64504072b9b7ff88f04ab539,moveis_decoracao,furniture_decor,1322,16,34,27,89.65
dc85f28711604c2db8350ba77a6aaf04,relogios_presentes,watches_gifts,1146,31,33,16,268.56
2a7776b5116b45f59c724aafdc0717df,bebes,baby,2619,23,17,16,122.88
6179a9cd8b9b40a683a42dcdabefc60d,informatica_acessorios,computers_accessories,1470,36,28,19,56.47
3c8e9c45fc7c43d6a06d5d35979cab16,bebes,baby,1483,32,21,22,134.37
e4c00eaf5c3743f292d676e0d4bb70eb,eletronicos,electronics,2712,33,17,20,85.75
ffb42e23f9e94857b71b4f8659299a99,cama_mesa_banho,bed_bath_table,2809,28,19,21,122.47
a722b7e3c17043a3bcf475699a4749bc,moveis_decoracao,furniture_decor,3067,34,20,25,40.78
326f392b88e3492481afae95b39fb492,eletronicos,electronics,2096,31,23,19,80.39
90dc8ad7b8284a759fed74332fce8f1b,telefonia,telephony,1171,40,16,41,83.62
f8c80465d10b45ea8bb786104f8edc30,informatica_acessorios,computers_accessories,479,28,14,10,216.98
a47b065ac0b945908f7c21ff76d232ef,perfumaria,perfumery,2062,35,21,13,110.49
df0cf3a55ec1422f85566f292c14fb8e,telefonia,telephony,2173,19,5,23,72.16
8642060fe45e4e63a79c63d0cf32608e,brinquedos,toys,1608,37,25,27,145.87
53c97abc3d0a4575a727e81366f0cced,brinquedos,toys,284,35,25,15,64.91
9910bb93bd0c4a759ad58d256d4e9880,cool_stuff,cool_stuff,903,23,26,20,126.46
d0b29f084b59425db1ecbb3ec3bf954d,utilidades_domesticas,housewares,1010,41,20,23,82.8
ea2ac4c89c94466e96fe17650b49ca05,relogios_presentes,watches_gifts,2533,22,30,26,200.37
8eae9f2001394b8593b2fe3681062643,beleza_saude,health_beauty,3500,19,17,15,163.34
76af4571940840859d332be02a7e16fd,telefonia,telephony,2851,46,29,23,67.7
61e52dcdce924517908e6fdf11392cbe,bebes,baby,163,50,23,21,176.48
bdcb0755c8d24bbd8af11caa6f5f6b8c,relogios_presentes,watches_gifts,721,34,18,30,206.19
c875d56a0a234467b1107c51b9825945,esporte_lazer,sports_leisure,339,30,28,24,138.25
826661dd351c46bf9504c7f26b8badf4,telefonia,telephony,663,29,15,30,75.63
3aa6e737251847be93418a299b10c7ea,informatica_acessorios,computers_accessories,2052,40,25,27,100.08
ccde5479f073438fa064028665f71e97,relogios_presentes,watches_gifts,1497,24,17,22,151.2
967b6468ea69421ca49f0c4ccbc65942,perfumaria,perfumery,100,23,21,14,125.47
f505b0fa54a849108897550c0d7491db,moveis_decoracao,furniture_decor,3020,40,33,28,218.38
1b701299557e44468a8ce8451b8e7781,relogios_presentes,watches_gifts,920,23,5,34,302.42
14f3ae7ea88b46198355946d14d29da6,moveis_decoracao,furniture_decor,1057,27,13,28,216.25
0d7ed1d0c53c41ef8101e13ec4ea28e8,eletronicos,electronics,105,34,17,25,101.47
ba1b2d1d071e4bd291ea2b073982ff3d,brinquedos,toys,1349,28,18,32,122.56
7abb77d4faa14a179beb2af3f1c3f1b9,ferramentas_jardim,garden_tools,1676,17,16,32,136.32
669d22ae896f47ae8c005e37949fdb57,eletronicos,electronics,2027,47,28,25,77.23
17229db90dbc4750bc34f57ee5348433,moveis_decoracao,furniture_decor,100,28,17,28,152.3
93c7ce0356584925aa3c5d6f38d1f92d,automotivo,auto,1243,12,12,28,208.64
10c351822166439f84c57b19d2463b4f,beleza_saude,health_beauty,1421,33,27,18,142.84
9428c920174642c1a71f3598c8e54e76,automotivo,auto,907,38,21,27,108.7
d1590d90d6a2488d923327f0c7dfd18e,informatica_acessorios,computers_accessories,2065,50,11,22,155.42
f404806342424c0c9eef1240ab3d4adc,cama_mesa_banho,bed_bath_table,2129,24,5,35,114.01
cda360b351d4407597e4b53285f60157,informatica_acessorios,computers_accessories,105,23,32,36,187.24
26001d193adf48d39d4d0d332d35aa24,ferramentas_jardim,garden_tools,1359,30,18,34,104.35
220bd222c8694050bf7bd885b91d3690,utilidades_domesticas,housewares,855,40,19,36,71.57
81efe78ef2fd4b23a0c3df55760d5de0,telefonia,telephony,1456,20,20,13,65.25
8cdb848d688f447692b8fb0e0d09238a,automotivo,auto,350,36,25,11,193.36
047af9c3e032470a9c75a260c35c33a7,perfumaria,perfumery,3497,30,14,47,85.43
aaae9f1b9fdb45d5a61179bfb5459c96,informatica_acessorios,computers_accessories,1516,31,30,27,122.56
099f54eca35d4747b5a4ce9c7d063f04,ferramentas_jardim,garden_tools,739,26,11,25,115.25
5f99383830724357bde06b9bc070e5b4,telefonia,telephony,304,42,16,14,71.63
b754f610058b4563944d58eb3dc0c7f2,cool_stuff,cool_stuff,1554,12,22,16,242.0
641a1691eaa8431c848156a3f662ef76,ferramentas_jardim,garden_tools,1919,26,14,24,156.45
45ac2758ea064e6fad1a8f6107fe3428,telefonia,telephony,1479,27,20,20,68.14
b4886588ebcf4cf79528d52d767d5591,telefonia,telephony,100,39,22,18,112.97
f2e7319539e6442ab59a12f206079112,perfumaria,perfumery,1569,19,26,28,136.84
ab2417f6f4d74c4d94497e47d70565f7,beleza_saude,health_beauty,1159,34,17,29,63.33
964cdeaa20b64df189527688a1e0e060,cama_mesa_banho,bed_bath_table,1152,47,13,20,83.8
38f4bfe25dce43e6aa109955f47cf71a,moveis_decoracao,furniture_decor,528,10,18,26,157.37
948c181496744776b62525d105e3a4e0,informatica_acessorios,computers_accessories,1384,30,28,23,119.17
7a157f832b364261b9fe5639bfefdf0d,utilidades_domesticas,housewares,1275,35,31,19,86.98
16b70a5a1a074501911695bb3ed080bd,ferramentas_jardim,garden_tools,1770,20,20,13,73.08
cba712de1c4a498f97dfadc5e3ae98e0,informatica_acessorios,computers_accessories,1793,26,21,24,101.06
327f48b986474303a0c5bb95d4bc5c0b,moveis_decoracao,furniture_decor,1463,17,31,14,150.21
7d617038bd374375930494af77a3ac84,cool_stuff,cool_stuff,666,35,17,20,203.39
8761feeeb8ca40fa922bd552f2ae9d6e,brinquedos,toys,1523,35,12,13,113.22
9caed9f1c5a54d5e859b50783ecfb49b,relogios_presentes,watches_gifts,1244,36,19,26,112.6
c954787ebc6d4460b2d7c29b5ad64828,telefonia,telephony,3010,28,25,18,81.16
a470482988ac4b6e95ea227405eeb742,automotivo,auto,457,34,17,25,167.92
d417c4bcc42a460ea354c028ee3da042,automotivo,auto,513,23,23,41,134.48
3b918f464bcc478fb1038784990b37c2,relogios_presentes,watches_gifts,1972,28,35,11,215.68
f547f91433854bbf84c874361987b600,utilidades_domesticas,housewares,199,10,22,26,79.3
40e4ed14ec3243239f09755a554e85f1,ferramentas_jardim,garden_tools,1415,60,17,29,112.27
42a63fa2d49f4225a63950078dd07d8a,automotivo,auto,1736,27,16,39,187.09
4db901bb8dd449c48a2f5b07f67ac1b8,relogios_presentes,watches_gifts,1609,10,17,46,196.16
61e04f5eca8449339a8106ee6ff25c68,relogios_presentes,watches_gifts,2382,44,21,18,63.88
219d5e12fe4c4688b24c031614c414d4,ferramentas_jardim,garden_tools,2047,21,21,15,125.72
f9bfd62bcd3c4d0797528bbb6411e7ec,telefonia,telephony,1526,32,11,34,63.06
ff0a94e4392f402cb140509094f8a654,moveis_decoracao,furniture_decor,160,28,20,26,228.11
e98dc56618c743e8bd4e6725c859b376,moveis_decoracao,furniture_decor,1310,28,11,31,169.22
18e7b36d2ee44ff88d269b05e62b820c,moveis_decoracao,furniture_decor,1163,10,31,15,130.44
38934199a35e45e6a4dae12990f354e0,informatica_acessorios,computers_accessories,1786,18,8,10,177.44
5dd0cbeb3b654f199b355bfbaf6e0674,cama_mesa_banho,bed_bath_table,1063,59,12,17,80.87
fc69c38dbb124a5fb5376bdfb276d5df,ferramentas_jardim,garden_tools,1694,25,24,17,86.64
ec16a738ed2d490bae871cb21074f0e0,informatica_acessorios,computers_accessories,100,10,15,22,116.59
93e825ba8e354b97955832636a4a386a,relogios_presentes,watches_gifts,2494,42,17,10,176.0
87583f0a710444beb384798a3ce179f2,cama_mesa_banho,bed_bath_table,1020,23,14,19,85.34
bcb26f3e2cfc4675b5ecd8ded2819fe2,ferramentas_jardim,garden_tools,991,32,22,17,179.49
457d70a5230745529da69533b3e34331,automotivo,auto,715,13,23,18,152.85
db2d60695e8b458f893aa4b3140a3772,perfumaria,perfumery,100,43,25,12,80.64
1a64b7b5ace74c7a9d1052d19a803a73,ferramentas_jardim,garden_tools,2837,22,13,10,122.72
577420aa9b704659af25a39bf42f6e6b,esporte_lazer,sports_leisure,1317,37,8,12,128.53
f10cbadeae3f4aea9ad309acb742e600,informatica_acessorios,computers_accessories,2305,14,28,25,194.13
2e493a8545c64192abba60500f224e3a,informatica_acessorios,computers_accessories,1443,10,18,33,104.78
c18c454660bf4683be3f406d6b3601e3,ferramentas_jardim,garden_tools,1189,28,5,38,103.45
ae9ae8d45fe648d9a418a855323477ea,telefonia,telephony,1904,29,30,28,70.3
3860b86fc744419a819c6d7e785abce3,moveis_decoracao,furniture_decor,785,37,5,30,105.05
d84ec118a06d4d989c675020e1be9040,ferramentas_jardim,garden_tools,2501,31,25,25,73.67
44df9e86e5fa4e388ae5ab836499764c,brinquedos,toys,811,36,21,34,122.1
d89679092b0749d6ba95e391c1adb2d1,perfumaria,perfumery,726,22,20,10,175.2
9476bee64df64f188c55083d29f55f5d,automotivo,auto,1853,42,7,34,229.26
0469bad4df1f4f41bbd06912e407665e,brinquedos,toys,443,37,20,12,124.79
8604da7e5c164844832e80aef6730a26,moveis_decoracao,furniture_decor,2166,23,29,11,85.26
96c047864292450e879ce1669ff5c933,cama_mesa_banho,bed_bath_table,1609,30,14,31,108.27
56eb4d39fcea4fda95f7b199a055cfd2,bebes,baby,2186,28,24,21,201.88
163a03aab8a44089b52cdfe8372df1cf,informatica_acessorios,computers_accessories,849,51,20,13,206.56
f4725dee116b4688b8fc45ec8107c83e,moveis_decoracao,furniture_decor,1600,38,29,27,130.39
e42f83e4f6d1401cbf33c5e3fea030d2,informatica_acessorios,computers_accessories,2280,30,25,10,165.11
18447945bff643279091e2369bbb3b54,relogios_presentes,watches_gifts,989,46,24,26,239.18
6f9e848cda3e47bf86694049fe1fb067,esporte_lazer,sports_leisure,701,46,35,28,162.71
23f9815bb56442dbbf81b6700b4fb2b7,moveis_decoracao,furniture_decor,1044,22,20,28,140.3
b58a9d7fd635476984ff5aa7070a4fdf,beleza_saude,health_beauty,1930,33,12,29,160.22
ec88941870b742d5b7fc953ba8ece234,ferramentas_jardim,garden_tools,1637,41,10,28,94.04
a07ed73d67804fceb1725973866c400f,automotivo,auto,608,23,12,20,131.43
5605d517c6e045c892aee2fb17c8c9c6,esporte_lazer,sports_leisure,2169,26,7,34,89.89
c167c37edc5349d6b8136ce88f3a6482,moveis_decoracao,furniture_decor,1453,34,21,33,183.95
9f3f9bd85d7048ac9d1b3e462d564fd1,beleza_saude,health_beauty,810,51,21,23,163.74
48bd1c917e844dbfafbbc0fc10c005f2,beleza_saude,health_beauty,1699,33,39,22,118.88
8378d34ac6ae48629df3de1ed23e1a47,automotivo,auto,1593,40,7,10,116.52
2c6442d8a5f34e2bb2742e23063a4bcd,moveis_decoracao,furniture_decor,192,25,24,17,88.66
5b547709e1f34a259fb10abad191fafa,ferramentas_jardim,garden_tools,1555,38,6,31,163.61
b76b0a49a4d045ad92fbd34a6ec00ce7,esporte_lazer,sports_leisure,2263,42,37,22,118.29
088f44ab54b943739880346e974c3c19,cool_stuff,cool_stuff,1166,30,32,14,126.25
8a9a98be09e14a35948263fb2f5523e7,bebes,baby,2601,40,17,31,141.94
2dd94fb8ff984efa8572b25d7551be23,perfumaria,perfumery,2700,30,28,46,142.94
ad9d9e0426944835bb267f22a6c11dee,telefonia,telephony,1539,37,17,44,78.6
61db4590efa14b3ca0992be30722fe45,cama_mesa_banho,bed_bath_table,1281,21,28,31,82.57
6f1c4c395b19442095e246bf62a571d5,bebes,baby,1961,14,21,28,189.76
021ef0b06ad646bb8af16e9d66621055,beleza_saude,health_beauty,883,17,12,14,176.78
006751bc22c64672bddc214bc16cfb52,brinquedos,toys,2738,33,29,26,107.15
c6735771fb85478989910f679a91cf7f,moveis_decoracao,furniture_decor,1233,26,7,27,157.98
1afa48d0767643ca894992abcdff4eae,telefonia,telephony,2096,30,18,18,76.44
478750e74b1048f098e200001a8006d9,telefonia,telephony,2090,18,20,26,60.64
f0367cb13f9645f08dad92b711034dea,telefonia,telephony,1029,32,10,27,57.09
2c86a27058514e9fac95f5ee565c0dfb,relogios_presentes,watches_gifts,2350,53,13,29,166.4
c9436a01b0ea4d6d810970317663e3e1,esporte_lazer,sports_leisure,2332,17,23,18,108.79
025ce354cd1b491cbbb2117c5ba3e408,beleza_saude,health_beauty,675,38,13,29,117.96
b9041bbbc93f4e50b0cdd3e7cc8101be,moveis_decoracao,furniture_decor,1408,31,13,26,236.52
ad262e7340cc4511ac4c7b0c4d8cf35f,bebes,baby,877,41,31,18,79.07
ac74fb180662461bbbe86d44c9189e81,telefonia,telephony,1741,24,34,25,58.96
88e2696d72b74b359e3f00d10245f4ef,cama_mesa_banho,bed_bath_table,582,40,15,25,118.9
1404e7ec00274e8e9e49c246d75ade17,bebes,baby,1112,29,19,30,150.68
e04405dc73044e749345cd1bedccf6f1,cama_mesa_banho,bed_bath_table,1323,30,17,13,101.44
383c141d06d34ea584d082770015b9d1,utilidades_domesticas,housewares,3013,21,13,18,99.49
1d4e50f2272541e7b0fed4430a348602,telefonia,telephony,1858,28,12,25,43.71
7d4578ea8d9e46f8b52631be197b8f52,cama_mesa_banho,bed_bath_table,1614,38,9,12,134.49
c1f436fefb1c43adad0395f222be8412,brinquedos,toys,1010,41,18,23,123.15
3f1af1c49a974c27930a826547d0f22e,cool_stuff,cool_stuff,792,31,16,14,180.19
6280afd0a4ea46209a7bb484f829b186,cool_stuff,cool_stuff,1289,28,10,37,204.45
9852fe71359e43eda3e1c9d21607ae36,beleza_saude,health_beauty,2271,26,6,40,127.86
43c1a0cb0c3c4a3fa8e63c06c327aa68,esporte_lazer,sports_leisure,900,34,29,24,153.36
79dca70af66d41e5a491ff3292f12fa7,esporte_lazer,sports_leisure,2366,19,14,32,33.62
64ea474303b7499a9969ccde7753389c,perfumaria,perfumery,1380,15,16,22,114.25
7fcdaea1a0be47d79ffd74338e9900ec,brinquedos,toys,1058,19,38,39,75.14
b6402da965384e7c83cab32e6b414e67,moveis_decoracao,furniture_decor,2765,26,21,24,127.01
55d6d221e64945698729df76acd49ae9,cama_mesa_banho,bed_bath_table,2287,31,16,14,72.66
9d273f5a374644129d05ec9171d28830,informatica_acessorios,computers_accessories,186,30,10,22,206.65
9086948583bf4c0cb70f7c4e8a92ecb7,cama_mesa_banho,bed_bath_table,2459,29,19,40,108.02
31da0fc6dda04eb7986c898f1fa40150,automotivo,auto,1237,15,23,31,114.73
ffd2b21209714cdbb3d5395d5afac80b,perfumaria,perfumery,1732,26,18,10,118.35
238136a423874995b44e3c1e31ae47ac,utilidades_domesticas,housewares,2275,23,20,18,92.21
741d1b49d6f04a068331e54723341987,brinquedos,toys,1326,20,30,32,91.85
1b371407aceb48079feacdfbc3c3e6cf,brinquedos,toys,1898,35,25,11,140.2
199a5afe376446aabff218e1404f707d,perfumaria,perfumery,1044,26,41,27,113.41
7bd35c55b12d44e79713532241d7bc6c,brinquedos,toys,100,43,9,16,100.06
e3b2f24e79304d21bb933e743c8af0f7,informatica_acessorios,computers_accessories,2633,37,18,27,117.98
1a7d3e81fef54bb286272056dec6a0d2,perfumaria,perfumery,1611,30,27,32,139.82
002f7220a453429384096ff9fedca5ed,automotivo,auto,1210,37,19,16,123.87
91a28d4b136349bc87f29af1a2679a13,utilidades_domesticas,housewares,1567,39,18,15,86.13
a36a71a72ff145fd91023970304a6831,telefonia,telephony,1590,31,27,33,63.12
4afeb8e0be1d4152b087ba9497f71399,eletronicos,electronics,1007,19,25,36,82.12
fe271ab684db40569b7e66b55ec03e11,telefonia,telephony,1306,44,24,28,51.18
892f9007cfe94eeeb8fe757cbf9ec07a,moveis_decoracao,furniture_decor,2042,20,10,22,130.71
e8370d99a47742d8a2b08cda535f7335,bebes,baby,1322,15,27,34,61.84
e3f8c7a0f1b948e6ab35e102209c1f02,brinquedos,toys,2282,21,26,24,110.86
dc3675c575b54ef4886f43033cf0c8d5,utilidades_domesticas,housewares,1351,42,10,29,107.03
a86e6e8931a74de8b2d8735ce5791789,moveis_decoracao,furniture_decor,2073,53,15,32,154.7
82bc03c52e964b73a79e97f0f1d16408,brinquedos,toys,2486,29,16,35,95.25
798675f8badc4a6daa61945dfb0d3430,brinquedos,toys,369,24,24,36,113.33
6d7d1a48be124104a3badaa0a76d8da9,beleza_saude,health_beauty,2554,16,16,22,125.99
b7365f264b77478392fb5d3322924556,brinquedos,toys,1567,36,16,26,108.65
cd1479b816ea4a30b8e61f8924879837,ferramentas_jardim,garden_tools,759,28,18,23,136.11
894fef1d620a485a832365fd8204d60a,cama_mesa_banho,bed_bath_table,1560,25,30,15,76.98
b9f7dd7d2ce243e58fe328cff8774fdd,perfumaria,perfumery,3723,19,9,30,62.69
f5c7fdaa4fae4293a315d038c2e4578b,informatica_acessorios,computers_accessories,1311,51,7,10,77.54
ad154eed093845729ef4f647f14257a9,cool_stuff,cool_stuff,2218,41,15,30,227.56
7b477ff9ec8a4d2385b511848a9c13c2,informatica_acessorios,computers_accessories,2929,27,5,18,125.79
465ec5e690a94d83a420e5e8aba96eb0,moveis_decoracao,furniture_decor,1292,28,28,35,151.42
66f8003ffb714661b0149898faab0f45,cool_stuff,cool_stuff,2378,33,20,32,168.25
ca3351c362c74d67809270c2899d6865,cama_mesa_banho,bed_bath_table,3146,15,15,23,105.99
4337d282719a4a2c9909fc0db95529b4,esporte_lazer,sports_leisure,2514,29,8,31,137.65
c6bb548ea2b34fb391d372bc0aff8232,informatica_acessorios,computers_accessories,100,29,7,19,104.37
abdbc9e136de40789e030ec80b4c362e,esporte_lazer,sports_leisure,2147,31,9,32,71.99
41983c78bdc84494acb95c58e02cd93a,automotivo,auto,1764,21,17,29,160.86
db1f640cc26044be87ed40d482520f5d,cama_mesa_banho,bed_bath_table,2569,29,22,21,99.55
1f54bafa76bf4252a59c6feb4b9fdc00,esporte_lazer,sports_leisure,1851,29,5,27,125.94
fb940e7ed4bb4b20a592c14f7eede8c1,beleza_saude,health_beauty,955,17,31,28,121.98
d5e5dc06265c45cc9f5069ae9ca3399a,utilidades_domesticas,housewares,590,21,30,26,73.99
f5e76ee7524349699675f81f1fc59fe3,telefonia,telephony,1907,21,32,35,65.67
e27cb6ec0f08423995bd3259af0f5de1,ferramentas_jardim,garden_tools,997,10,8,14,139.73
121ba9e476434aafbd6d341ae6fee172,brinquedos,toys,1239,16,17,29,125.84
5fa113f22b3e4a3caba339e70e2691fe,telefonia,telephony,100,28,8,32,90.68
fb8a4674d5774e3eb3893f998aa99067,moveis_decoracao,furniture_decor,781,22,16,10,176.8
d28fad63d4a94cd99380e21271903ccc,beleza_saude,health_beauty,1281,39,11,20,77.27
3f3ed57a25e24f68831727ba7edf7c8e,informatica_acessorios,computers_accessories,696,18,27,19,150.59
814f3a2480904bc3b1d184d98833b3c3,moveis_decoracao,furniture_decor,1195,17,18,29,99.61
6a1d54fb87594276aa90288d856fb3b6,ferramentas_jardim,garden_tools,2147,21,16,29,111.78
e604c3719b664fb6a82a1a2703e1c913,moveis_decoracao,furniture_decor,1530,26,21,10,68.52
8df09aed80194390810ae1fb35018ac4,ferramentas_jardim,garden_tools,1992,40,12,23,145.32
2e870c23056d4f23ae4cb8805af194bc,bebes,baby,2054,10,12,22,154.61
8f8419fda5f249d397b48b58f94c02f1,telefonia,telephony,3498,27,8,28,101.42
5f00a245c55349bf9a6369b13aa0f3d4,cama_mesa_banho,bed_bath_table,1586,20,27,30,69.35
84269c4d398542339554f8590da2ff77,cool_stuff,cool_stuff,1805,39,29,24,148.89
d28951375c2d40ce8d3cdf61ffac4a51,informatica_acessorios,computers_accessories,2481,17,23,14,192.94
b3c0b7e1250243338ebff5d6df817b4c,eletronicos,electronics,1293,42,23,15,125.62
dbe2e69aa95b40ee9ead1cd59cb1a067,moveis_decoracao,furniture_decor,2740,38,13,22,167.27
fe30477e8f9d46358b202d682166b309,perfumaria,perfumery,937,46,21,10,135.18
3e42a5ffcb2844d0ac41fa2cfa9f59eb,perfumaria,perfumery,1221,29,17,31,158.59
9588ff5d55764403ba608d363cf6588c,cool_stuff,cool_stuff,1726,26,19,25,128.89
2f33f028341c4f4a9bfc24ebfe07170f,brinquedos,toys,1963,34,32,35,89.43
8f03a237a18b470689c8aed40a3513f6,cool_stuff,cool_stuff,2156,20,25,20,118.95
f06ef2dbcd7743e690534acf28530533,perfumaria,perfumery,1724,10,5,23,127.47
da3e926a0adb44bbb43befc2b6b79d5c,eletronicos,electronics,1204,14,13,28,104.54
58344e489c76436f9f9ca766540b46ad,informatica_acessorios,computers_accessories,1487,41,23,19,132.38
6d903c74b88242fea984ced70674fec4,utilidades_domesticas,housewares,377,28,28,30,113.04
4ed0622c00e64c858f7245e0086e8d80,cama_mesa_banho,bed_bath_table,1257,43,18,36,94.45
c5745dde6a63472184a700d05ebcf91a,automotivo,auto,2065,44,18,26,191.55
d254e64547cf4847a530af08952009cf,informatica_acessorios,computers_accessories,1393,16,37,21,152.14
769886df0cbf46bc826c5a4b55e40088,cool_stuff,cool_stuff,2424,23,11,27,84.31
4cec07d7ac634c0481f56293e74a2c5f,esporte_lazer,sports_leisure,1269,32,17,12,162.83
0cf77f4f2ce44838a9c1a89d8f935122,eletronicos,electronics,1582,44,17,17,96.73
441c546bdec34e42a253d340a14ef544,moveis_decoracao,furniture_decor,1327,18,31,20,67.99
7b7bca8dc760413c97985f72976db41d,bebes,baby,2562,24,15,10,190.93
69b83e8d0fba4f56b31721b7381d70ab,esporte_lazer,sports_leisure,468,30,27,28,113.21
347e0e4408ae46b7bd43742b117c77a3,cama_mesa_banho,bed_bath_table,138,21,21,18,100.08
54551e039816430c9a6d9ae5073af96c,beleza_saude,health_beauty,2045,39,10,42,156.86
4ec93c464cbd4178b5aef6eb29f7c3c5,esporte_lazer,sports_leisure,1498,40,38,13,108.24
81ccbef0053a48c1bc70b388d0a185ff,perfumaria,perfumery,100,31,22,24,105.36
910fdd4b1410413aa44e0c4a14169d4c,moveis_decoracao,furniture_decor,100,33,31,20,182.0
aea999af4b6d4b54b7ba0bf205e90c0a,brinquedos,toys,245,34,16,18,87.19
4a0d1a5772e1484ea95ab764d4764c6e,ferramentas_jardim,garden_tools,1185,33,9,21,133.55
7d877ce109ec4765a1613f20223dd789,bebes,baby,620,47,13,19,95.76
4bd53ec5d14545a2ad91883471540a16,brinquedos,toys,2938,35,12,33,116.02
ab141332bab14459882c17bcc2fdc5ae,eletronicos,electronics,1705,26,14,27,76.37
be8691a3d7d2493cb91a1ec7fffaa5f3,moveis_decoracao,furniture_decor,2953,17,32,24,174.95
54c58b663b154018b01e801af2b04a53,telefonia,telephony,2166,23,26,10,60.6
2c85bbf44f6c4a7faec051fa17a26c02,cama_mesa_banho,bed_bath_table,760,17,18,28,112.57
ffb5c557995b4e8184e96dccb4f6839c,telefonia,telephony,1692,23,22,25,93.72
422e50edda6046feb70607b1d2474ff1,ferramentas_jardim,garden_tools,2121,30,12,19,115.76
c1c0bee11a714e2585f8871db6a2ec5f,moveis_decoracao,furniture_decor,1247,32,25,24,160.81
696246d2e3504a4f9bd5bd6c02b7be23,ferramentas_jardim,garden_tools,1614,24,12,10,110.67
e4b67ee21e5b489c91a13d6f199aa026,utilidades_domesticas,housewares,1878,22,18,28,95.41
919099bcc819403091394ae212d2428b,moveis_decoracao,furniture_decor,636,39,29,15,118.81
3df941a6b38b41aaa7f9c40f7fc94f8a,automotivo,auto,2452,28,5,13,130.03
c2fddf73901e474a8272d07bc672b446,automotivo,auto,569,25,20,36,128.38
b676caf19a5e4d1db4fdde7864445fe9,telefonia,telephony,2358,44,31,27,35.73
b6cee104134a468fa5ddaf327035b6e6,telefonia,telephony,1868,40,19,38,92.2
2c21ce29045d41608485b137a6692186,cama_mesa_banho,bed_bath_table,1954,40,22,10,82.52
1540e0b21ac64e5381e6d0b7d96daf61,brinquedos,toys,2457,21,18,16,163.52
6df29b96de9044e4ab74e102a6427b55,beleza_saude,health_beauty,2845,21,21,19,151.52
6d6d8ca331304c6880936e65598a0aeb,eletronicos,electronics,1907,38,22,48,64.3
5684e1663d0d4e6cbf64fc9837c9c175,utilidades_domesticas,housewares,131,26,7,13,64.97
0b09f4d44fdf45e79bc43e458f51f213,ferramentas_jardim,garden_tools,762,20,24,20,128.72
d0aea1a39361400c9d9f590e12c4fcd7,relogios_presentes,watches_gifts,2215,22,17,27,93.51
fca1732b3094476990fb5e619d47b535,brinquedos,toys,100,33,23,41,114.74
7f1d49a438604682bbe90e817c8aca56,moveis_decoracao,furniture_decor,2155,28,22,38,53.8
c9a6dafed78c495c82ff64b1c10e4382,beleza_saude,health_beauty,1830,51,22,38,107.98
fd8213ae738e49d19babbe0ec44f0811,cama_mesa_banho,bed_bath_table,1474,30,5,15,67.58
cd926e5ac1c741f39760f6d5ca70cd4e,informatica_acessorios,computers_accessories,2157,38,22,31,137.61
f412da1be8f5467fa40f293bd8c59164,cool_stuff,cool_stuff,2461,30,20,22,195.8
c2e4734579c948c299b6eb4a9e83bd01,bebes,baby,1163,39,10,16,154.06
403440daa8d44379a0c11ba5968b8810,bebes,baby,1429,25,27,20,122.99
5caec06fe31340ad94ffe8caf61a6b39,brinquedos,toys,2619,45,32,22,146.92
5c68c81180d74e659fac7430746ea2c3,brinquedos,toys,740,20,5,38,84.08
2481a608472e41e495e3510693229c33,beleza_saude,health_beauty,1398,20,25,21,84.33
247a18cceed14d669c28cbff427f3d3e,perfumaria,perfumery,1853,15,13,10,82.28
8ddaa5f770e24713a54e2bec860c55df,cool_stuff,cool_stuff,1642,10,8,24,140.54
21c9d084b0a54651a0fd87f2bbbffd59,bebes,baby,3093,48,13,29,156.22
4e623233755c489381f4527fded9828f,moveis_decoracao,furniture_decor,1022,15,19,23,138.21
9c1d15642a5f48d5a90bf92ae073639b,brinquedos,toys,1853,22,10,25,121.58
ccc53f8eb23f4f37b728d689fc906f60,beleza_saude,health_beauty,558,39,5,20,120.97
3f0adfca38044ce0be59bdc55d24c7fa,perfumaria,perfumery,991,24,34,18,198.24
e6e5d39e1dc049c68075e69e068f6a82,perfumaria,perfumery,1849,30,23,45,95.19
7b46d48a62484350b115f3f22bbd6d17,esporte_lazer,sports_leisure,603,22,20,11,115.67
064649c032d94447a26e90b38062b764,telefonia,telephony,2854,31,17,20,92.97
edcf08fd7ffd4e02b7149dfa26e38a33,automotivo,auto,839,48,35,27,139.54
dd5c66a0bcf64bceacb9485c91b9df08,cool_stuff,cool_stuff,2324,40,13,20,105.49
2c311c2ffe3247d680d5b5327906706b,telefonia,telephony,1827,36,9,21,48.05
ca542238e70345bcb57f048fc7d86b0a,eletronicos,electronics,780,35,14,22,49.32
065ab80a626140a5823ac912573da350,moveis_decoracao,furniture_decor,1649,29,14,23,169.01
e668a10a9dca484eae111056aff08c35,esporte_lazer,sports_leisure,848,15,34,19,112.1
0b065f37bfb743a99c687b495353f184,brinquedos,toys,2308,65,10,28,88.77
a2c5ceb593e14db9a301a46738dc273b,utilidades_domesticas,housewares,1068,22,10,24,55.51
85ab89217a8d43d9b2e97bd9fd38cdd6,cool_stuff,cool_stuff,2257,30,23,21,148.48
e4d0aeab77284bd78afc01d797627c99,bebes,baby,1730,18,17,18,98.83
36b43ccaeccd4afdb1135c30edc36423,telefonia,telephony,100,43,14,34,96.38
c3a61ef8bdf94c3eb00f924c3a93da10,cama_mesa_banho,bed_bath_table,471,19,40,39,94.21
c979ba6d87384a55b110642535b1991b,telefonia,telephony,1705,23,23,19,34.35
8c0f5c6130a1404c9213a7dc5d49c52f,relogios_presentes,watches_gifts,442,30,10,24,145.52
6dcc29798e804592aefe77d399e49a68,utilidades_domesticas,housewares,874,38,21,24,102.58
2baaa429e8174b97a3edf26156e093c7,relogios_presentes,watches_gifts,1884,44,16,21,131.93
9a8d1f7a9cfd417e859da08c137e58ee,relogios_presentes,watches_gifts,1156,39,30,32,102.35
83a4174b79494f409835b214b9e6c43f,cool_stuff,cool_stuff,2366,11,27,22,196.61
83bac4e6436945cd86705cbf2c1a5567,cama_mesa_banho,bed_bath_table,434,41,8,19,70.05
b14d9c16d00746cab95e8f0cb085b8ab,bebes,baby,100,30,34,46,133.4
2d392c1da3b24e928922c0b3134df926,esporte_lazer,sports_leisure,2393,32,23,22,120.85
47bfa93691ed4a7aad99b65e1b1c8bc0,relogios_presentes,watches_gifts,1929,24,19,24,259.58
1a0e0e155f254b889fc616e105184166,utilidades_domesticas,housewares,647,29,35,34,111.98
5ac1577e69274d44b1e22780caa2d3b0,ferramentas_jardim,garden_tools,1519,33,28,37,66.69
7ef75467a1fd4400a5cf27b3d83cbe93,telefonia,telephony,447,43,17,19,49.92
ddec3c87c891450484105cdaa421d847,moveis_decoracao,furniture_decor,1055,15,36,24,157.1
a1f2324c867e4f77b296423084315601,cool_stuff,cool_stuff,1970,39,27,33,136.61
173cf49c7a4a49d3a5011d64e87c254a,utilidades_domesticas,housewares,1261,37,15,24,92.98
6cee7e97516f4b80b97c2a329fab05c0,bebes,baby,2128,12,25,23,154.76
71eb5c21bc03471eb14bbc8cf4c65a4d,perfumaria,perfumery,2121,46,30,35,168.31
5494525d0b1448b2bcb56ae3fc2242f7,automotivo,auto,1733,30,26,30,127.64
944f543d279e4c6c9ae9d306f81d6c27,beleza_saude,health_beauty,1823,29,13,35,131.93
8c71fb9e99064e899c9e7a3f70c0afb9,telefonia,telephony,3138,13,15,25,97.75
613726b3e82e4a79bf774301df1c355b,cama_mesa_banho,bed_bath_table,1819,33,10,15,103.06
a2ef39cb25664ebe91f4d93b9617289c,relogios_presentes,watches_gifts,408,24,24,17,306.32
1789016cddc946e4aac969de0ef42ed1,moveis_decoracao,furniture_decor,2479,14,12,10,120.87
704a8d8954e6495996e032debf600f2d,relogios_presentes,watches_gifts,2113,25,23,12,257.88
45f1f68907a7485eaf137267443bcd20,cama_mesa_banho,bed_bath_table,1055,30,19,14,66.17
3e5dd6368f5e45e3a0f70e86dad03f5d,perfumaria,perfumery,2274,33,28,27,129.29
9d86d945528d4f60b3ceba89f4cc69b5,utilidades_domesticas,housewares,119,27,19,40,98.74
47e9849bcbdc40f682e944c8608b8535,bebes,baby,2728,35,14,25,138.27
9124ac141fe240f68634d839ffd1342d,automotivo,auto,748,26,18,37,56.77
4f716d3c2bcf4aa88fd3c3226be733e9,bebes,baby,2464,20,9,34,155.62
79c1b688261b4f73891d203d162b4507,beleza_saude,health_beauty,2503,38,36,29,124.52
55a947e075334f308bb725843ded320b,cool_stuff,cool_stuff,1774,42,13,19,151.1
0b247d4688fc435aac60f766c669490a,bebes,baby,100,31,5,25,160.29
092dc850f4c24e059bc9103c85abd240,automotivo,auto,1118,46,8,34,167.01
13e3fd1553784fe2b47c9ca2acd86f2e,telefonia,telephony,127,57,19,17,46.86
f77689e08ead4bf6b27ec3428af0c6a4,utilidades_domesticas,housewares,1323,28,20,22,97.66
b35c910ba7274ee2bc36770f3a52626d,beleza_saude,health_beauty,1189,10,18,10,142.38
fd2f66426f7049fd9f49e9bc9be33c87,informatica_acessorios,computers_accessories,716,31,30,17,192.76
65bbafa0ffa4447d8198ba9c3c3ded9a,automotivo,auto,1153,47,17,18,167.49
ff2bc54b35cf4507be9f07131fc9a85f,relogios_presentes,watches_gifts,1151,21,16,24,290.53
539d44bd35d94215b98b3e29c00de55e,brinquedos,toys,100,30,24,26,149.3
7099ae518772462e8b2de0b51ef9a67b,perfumaria,perfumery,1440,28,24,25,113.29
0253327bc56a424c8fb6407e5d9c288e,telefonia,telephony,1912,23,15,20,102.06
9b1456143e514c749a4e3365cb6a04a1,cool_stuff,cool_stuff,100,33,20,11,178.94
7c159f8962a14aafb461dddeaad151a1,telefonia,telephony,1880,35,5,35,60.25
d391ce11d7fa41268bed73b935dc5eb9,perfumaria,perfumery,2049,37,12,30,113.44
4ea75d1918514c0d8a8aaf6cc229500a,beleza_saude,health_beauty,100,41,13,18,115.89
c611b5ba58d448df82eb4701a96888c9,informatica_acessorios,computers_accessories,1717,29,24,14,111.59
c080d4a540ce46909a2d3e729be8d631,moveis_decoracao,furniture_decor,1407,48,19,33,161.93
45696c7800794e8ca5da690de49d4881,automotivo,auto,1113,27,18,29,194.98
6ec9d7a22646407289867f1ba35895ce,esporte_lazer,sports_leisure,1787,41,12,21,93.27
2f5e1c72f9e044818e50954d4fc6c4c0,eletronicos,electronics,1751,26,25,17,91.08
b48e4c6906be48d5826d44efb9d1e457,moveis_decoracao,furniture_decor,2049,10,36,22,58.75
7266159eb91e44b792fc9e426b0078ab,telefonia,telephony,1626,30,19,32,89.95
5c7037b606ec43488acde9ea610c451e,eletronicos,electronics,1738,34,19,39,53.02
51688d41a5be4aa49763105d8660927d,ferramentas_jardim,garden_tools,1611,30,26,18,73.97
a1dea9bf52f9460cab131a67e32c127a,telefonia,telephony,1625,32,31,14,98.09
0f2e21c7bedf4d0b9ea18fab252aae7e,cama_mesa_banho,bed_bath_table,3393,26,9,21,95.35
48fa2501d4144da68e191e78f09fd7cc,beleza_saude,health_beauty,1951,24,32,16,69.13
190db3b99c07480b98f6d5c191c7583c,cool_stuff,cool_stuff,2385,10,18,49,164.46
eb398d4b111a425bbf865511fc665a05,brinquedos,toys,603,29,19,26,129.87
eb69bdfdb17a4a68b4853acdfb1d869b,perfumaria,perfumery,668,46,21,30,106.16
25ed473851a24b68b0fb3a26aba83cb4,informatica_acessorios,computers_accessories,2529,27,22,17,100.14
c0c9c2de10aa49d486fb817f4f210c9d,ferramentas_jardim,garden_tools,2050,25,13,19,159.46
1befa1cc39594984a34ea6a15b9711f7,esporte_lazer,sports_leisure,996,28,20,10,70.87
8c9113dfb0d04e4082db85bc86b3d0c1,moveis_decoracao,furniture_decor,1769,22,28,32,195.96
30926803c23d4f679b64a3ff995186cc,automotivo,auto,2955,29,25,20,238.09
76bf9d7813bc4e0ebc40de7b87b683f5,beleza_saude,health_beauty,3086,30,23,35,124.85
cc644091069846d287f288680adafce5,automotivo,auto,974,38,20,26,106.63
ec23964a325d4166b187d7a05ffedae4,utilidades_domesticas,housewares,125,32,27,23,113.73
3df2db2f06c949ecb00d689eaf1f45b8,cama_mesa_banho,bed_bath_table,936,19,19,24,114.25
7b49afa2d5424e60822b74278a57e638,informatica_acessorios,computers_accessories,880,43,35,24,201.24
57d1cb3faaea4edda5956ad71d515e2e,bebes,baby,654,40,28,31,129.46
8ee52a3aafb94594a0b4b42d35dd8ddc,eletronicos,electronics,100,23,14,17,93.06
cef478847ec3474eb75ffdf9efe204d4,cama_mesa_banho,bed_bath_table,1164,21,11,19,123.04
b738b07118ec4e648e2421ccb55810fd,telefonia,telephony,971,24,16,27,84.12
3d895323173945d4b0fdef2f3bc53b01,cama_mesa_banho,bed_bath_table,100,40,31,16,70.69
bb932ca2afa6436199fefb5469578893,cool_stuff,cool_stuff,1139,22,21,10,114.69
b72af4c1e0a846888727846b1608d630,bebes,baby,2731,20,29,27,66.68
71a2d70c464244309f851859c939026b,esporte_lazer,sports_leisure,2008,28,16,26,129.24
79b26f89068a4dacaa327308be9a814b,telefonia,telephony,2066,41,23,13,65.53
d2dfd1c0dc8b4057ba677e3e09f4c54f,eletronicos,electronics,3854,37,38,36,96.05
a6a0e62671194fe2b67619b787951a03,ferramentas_jardim,garden_tools,1741,29,6,25,177.37
907dd128349e47aea9f7db55120cfb60,moveis_decoracao,furniture_decor,1020,34,26,17,137.43
9a342eff1e904a10808d8497315efe35,automotivo,auto,685,21,9,17,196.78
5facc3cf96c0419abba877de14a2db4e,ferramentas_jardim,garden_tools,767,31,15,34,180.89
65338785214b4c238fa33379f5015cf6,moveis_decoracao,furniture_decor,2191,33,18,15,257.18
4b760b78298e4bdf84119aa915f6818f,utilidades_domesticas,housewares,892,36,28,20,105.76
402740354a3c4952843696a49e32b791,bebes,baby,2111,47,16,14,112.31
b16c1b31746f4626b44f6a777dc0bedd,telefonia,telephony,1667,30,16,10,84.41
4298486b78ae4121b84a3e19d8871b16,telefonia,telephony,3077,34,24,29,82.94
14c3416f22514c5b8dbf00acc1239a49,informatica_acessorios,computers_accessories,2245,33,17,18,133.8
94e6f99dd2a64898b636b6397589f26b,telefonia,telephony,1751,26,22,28,91.66
7d02dec630b04659a502cf994480b909,automotivo,auto,2526,30,9,22,141.76
5b95102eb2124085958b23eb7d3bcee3,esporte_lazer,sports_leisure,100,43,21,28,155.97
767859ffe96d440e8a3a85d9054f077d,utilidades_domesticas,housewares,995,35,19,23,69.56
f9c741f4b5fb4fefa9fff8fc406e09a9,informatica_acessorios,computers_accessories,2832,26,25,10,198.1
a1155c1f3ba34b5e84ba58cbe7dbfdd5,eletronicos,electronics,2341,30,18,28,147.22
9219eb4456f049fba71497da7783b38d,brinquedos,toys,100,37,12,24,102.56
a08a3a9fcce54c65a2ba024d979719b0,automotivo,auto,1157,29,10,33,68.23
81ee13efd294449d8d783ab98173f081,ferramentas_jardim,garden_tools,1931,26,10,26,80.51
ef441f470d554decad6fba589ff576a0,eletronicos,electronics,1531,15,23,17,78.73
96f26df1e72148229ae9735f2820007a,esporte_lazer,sports_leisure,1735,22,19,12,133.93
defe0a5de8ec4e4eb37c291364022ae6,bebes,baby,2911,57,20,31,67.68
9a271ee9594a409a8be21b8cbd873e78,cama_mesa_banho,bed_bath_table,2702,37,16,34,88.64
e6d07bb847e841299427a31e986b64d5,moveis_decoracao,furniture_decor,1133,34,11,33,107.2
0d3681ee53b84549b7102c8ecd857edf,perfumaria,perfumery,659,20,26,20,84.56
21c22eeccd7f4ccdb683a1687be7ee0f,perfumaria,perfumery,1015,29,10,15,188.34
0cc93bf894b6459aa4713bfe39e30064,bebes,baby,811,26,17,21,151.75
5857afff1b7e4b12ad4fceb5999ac0c1,utilidades_domesticas,housewares,2258,26,10,35,83.09
d398d1697cf94dd4ac5f529f7358f2a4,relogios_presentes,watches_gifts,2884,10,21,40,188.8
69b3470204444ec9aa0991197c2e5919,eletronicos,electronics,1319,32,15,22,81.55
0fc98dfe7a7e46728fdda51954d5fa59,perfumaria,perfumery,998,42,23,27,149.26
853587766e7345e798f300b9487ddda6,automotivo,auto,1288,22,15,25,97.63
2b92d6d9f32647e9be77b8c9332caec6,moveis_decoracao,furniture_decor,1099,24,36,10,151.02
808552643ed64648af628488ecb6bf8a,bebes,baby,2880,31,26,25,106.64
998126ecfc3b4d8ebd6be4d3cee560c1,beleza_saude,health_beauty,100,32,13,18,112.54
4662d9fcbb7f464fba5438288981e330,moveis_decoracao,furniture_decor,2895,54,21,21,101.14
64e52de1f1004591891eaf2569ba5bbf,ferramentas_jardim,garden_tools,1874,47,18,10,158.45
6446b4a3650344598c507b5d3c466318,moveis_decoracao,furniture_decor,2288,14,21,28,156.34
2f32c4bbd7a24595bebb2181ca80520a,bebes,baby,867,40,16,13,58.27
5b7bed1d709b41088643966b7d18caac,brinquedos,toys,2508,36,20,21,94.13
719eb9bafe084268a8b86bb76a939fb1,brinquedos,toys,639,25,5,19,100.67
c114f9b72a8a46cf8b13370f1bbbcdee,cool_stuff,cool_stuff,1987,29,26,35,212.62
049388dc5a9547fda15686668fe0711b,telefonia,telephony,1876,30,12,30,108.59
733a7defab8140bf9cb249343141ce3c,bebes,baby,1773,49,7,15,159.93
a9ffeccdc0594a289ee239c70d774532,esporte_lazer,sports_leisure,1711,43,19,18,108.59
cd857082efe7432bbc7b3da7aea22b0d,telefonia,telephony,273,18,27,31,82.26
aed1449f4a84426f978b2fdeb76e5d1d,automotivo,auto,123,26,10,34,116.65
a68872a124764e2bb605e117b5c97a1a,telefonia,telephony,631,30,14,36,60.3
81f2c4ed25de4be59eab088b8a5fab50,relogios_presentes,watches_gifts,380,10,19,20,124.27
b6f4493cd0004aa3a97e0e13701e738b,relogios_presentes,watches_gifts,2451,36,19,35,249.75
fc878f645e9c4fdeb7bb638d1583d0ae,automotivo,auto,841,19,26,28,146.79
0b8f01ee42c043aaaa2dfe0fc2bc3454,perfumaria,perfumery,822,36,13,24,168.41
4f95555f36b844beb526cdc08b77d6cf,automotivo,auto,971,14,11,32,150.19
0f6aa29cde2a46e587f820a4ba4787b1,utilidades_domesticas,housewares,1396,24,23,18,91.11
4aee98ca11ea4c04a0c8caa3f197f60f,telefonia,telephony,914,21,14,21,74.02
3f0132defd3c40cda5229770e788e7b7,eletronicos,electronics,1688,10,13,21,127.63
28700ae1c5b840efa32a11d3632c1863,relogios_presentes,watches_gifts,635,31,31,14,233.64
71ee32d4d8454b799c98850870131d62,bebes,baby,858,24,13,19,225.27
b374af2c9c0244f78c585af423443961,informatica_acessorios,computers_accessories,2175,41,23,12,162.77
4293f4ef50fd437286b9e742797d74bc,ferramentas_jardim,garden_tools,2358,21,27,30,199.82
40efe0bb9ff5474c97148aec6873f2e7,informatica_acessorios,computers_accessories,1165,19,17,36,62.72
411be60f96444d4fa3b1cc13a14b526a,brinquedos,toys,100,30,16,25,138.36
338b0329e32547ae999b50c7935c2ca5,utilidades_domesticas,housewares,1057,11,36,17,63.82
65cc44e31f83458eafda8d3c24d3f816,informatica_acessorios,computers_accessories,2382,26,19,28,193.76
dadda92efe174a75b482bc17ecd8579a,bebes,baby,1233,45,5,31,100.62
13d237d296134e268cd24830c66cb36d,perfumaria,perfumery,2597,31,14,30,151.8
12bbabf025534010b5ccd334345d76d0,utilidades_domesticas,housewares,2013,19,16,24,84.17
bd4b10e565434adeaf5d8815fa6f4c27,beleza_saude,health_beauty,2099,10,22,22,100.65
d293e899fe084f7b8f2e2aa08865a5a5,relogios_presentes,watches_gifts,906,27,5,19,157.45
8d87671f667049488599bbaebd4bf987,ferramentas_jardim,garden_tools,1926,21,18,37,169.8
5d75c438910347cc8d7f5eb7985d99af,telefonia,telephony,2221,25,24,23,71.08
8a7906ecb7854be1a6c9cae6a50afef1,ferramentas_jardim,garden_tools,1827,24,31,23,156.64
031782adb5f64d78843a88964c2912c6,eletronicos,electronics,2664,40,8,28,111.27
d5b201a8d4794c5294dd4a58f782f5f4,perfumaria,perfumery,2213,18,14,32,102.15
94808002342b4621b564fd2a3c09447f,utilidades_domesticas,housewares,1260,45,19,19,67.45
9a86ac84b03740889ef8fe871ae78c21,utilidades_domesticas,housewares,1766,16,18,27,110.98
c5d748b4945041b7902ac81fa976574e,cool_stuff,cool_stuff,2034,22,29,22,109.39
4a505100fb524a97af0a78c4fecd18d1,perfumaria,perfumery,1362,44,21,25,174.12
869403e675c24300a9cdccd99bda5419,bebes,baby,354,17,7,27,135.83
d0d86685bd76456884749bcc72dbb2b3,cool_stuff,cool_stuff,2734,32,16,25,170.3
44ec325452544e27b13ea21e97d9689d,esporte_lazer,sports_leisure,162,57,24,26,133.45
8801107ececc4d0f962e50e7c50b16cf,telefonia,telephony,2067,28,14,29,82.71
ffc1cc168479482ebff283e2712a38d1,beleza_saude,health_beauty,852,44,22,30,178.72
1e2dfd239a7c4547930c612509635b72,esporte_lazer,sports_leisure,1517,33,26,19,116.62
b6b00363fbbf49e9be850428260877d4,automotivo,auto,1600,20,38,13,88.08
dbaf8959b48d4e5e843e1cd6c9407188,brinquedos,toys,2551,37,11,29,154.04
822b1f1b830e4d12b059b8a16becb312,relogios_presentes,watches_gifts,1475,55,6,30,279.99
bb07c983c28247979ef91078175f0999,bebes,baby,2213,27,17,28,158.55
06d0ce98f06c4dccb1bfa057a8351b92,cama_mesa_banho,bed_bath_table,1981,40,11,23,71.5
6ac72d7aac75492a8728255475f631af,bebes,baby,1191,40,20,45,136.77
a9a2d03401834216b1a999a90ca8eaed,bebes,baby,1547,31,14,24,169.47
5340c977b76e4c69bfca56f8d7265f1b,telefonia,telephony,1591,22,12,21,76.48
dc21030f19544a20921f43a09aa13ab9,cama_mesa_banho,bed_bath_table,2454,16,17,26,49.16
4e749857e57140ae85a233ce54de4824,automotivo,auto,833,23,13,26,133.58
3076cd9d8ca24b24a88443cfbd0a6370,eletronicos,electronics,1055,34,33,38,41.93
afcb3b15740f418fa081218f9cd2e601,telefonia,telephony,1961,28,21,21,77.35
b354b1b6898342fab0850caf2ee56410,beleza_saude,health_beauty,1621,24,12,21,138.2
8c0a212d47384e0ca6c96f9faf818a8a,ferramentas_jardim,garden_tools,1979,38,16,27,168.69
486ee008da8640b2be4fe35fe39fa77c,esporte_lazer,sports_leisure,2432,29,18,26,80.51
4407f1a4a4b045f99eaa9ebf7cd8fbe5,utilidades_domesticas,housewares,1345,37,25,22,89.35
9d9e10717c3144b19d5c6554fee58946,bebes,baby,840,37,19,22,117.34
9a75d997b6b24ff4923fcfaa1f1038c8,cool_stuff,cool_stuff,1449,25,25,21,236.68
4fff1f52c43449ff81b47b788bf5546f,esporte_lazer,sports_leisure,2672,21,20,19,105.2
1c26111bf5a4454c845c78424b767277,cama_mesa_banho,bed_bath_table,3101,26,22,29,69.98
b1f70a1ffd814f529364332a8a2a99c2,telefonia,telephony,815,17,12,10,85.89
45216d3fa2a643c38cabe3bd756b3a06,perfumaria,perfumery,3143,31,8,19,111.23
43d7602dd7e943a6a220c649e2092d40,moveis_decoracao,furniture_decor,685,38,26,15,196.25
7f99fc3638e2462a97203e9ec60b05b7,relogios_presentes,watches_gifts,2721,49,42,17,379.45
826c0082a0014699ad2e794477d41355,brinquedos,toys,1216,24,22,20,121.97
eb9d2bb36a634d8582e4fa15a7ca2f0d,ferramentas_jardim,garden_tools,443,27,30,24,139.96
7beb2e63f0ff4bbea4ba36aef2f44642,utilidades_domesticas,housewares,1880,41,6,29,79.64
c55649d34cfc4d9ba8aa58bd9a6ec803,cool_stuff,cool_stuff,1633,40,10,16,77.91
a46e739b8930454282a8a6f15f0757d8,cama_mesa_banho,bed_bath_table,1060,43,19,14,82.86
4bb5a0b65a1a4f6e9bca70cd8bc5974b,bebes,baby,309,18,23,15,168.94
343137b483804b7eb7709cc8c31bbfbe,relogios_presentes,watches_gifts,1443,30,17,31,256.99
f741da2d3e134256a4e7e090603aee04,bebes,baby,1768,35,18,29,118.17
2274973e528a410893f5f89717ce1677,cool_stuff,cool_stuff,1501,27,16,19,186.05
cf2fc29d05a44129b0af1d63821f93b4,bebes,baby,2548,41,9,35,118.86
3ca162e3be5541b9bee6be12e0c4db3f,automotivo,auto,1980,20,21,27,80.62
9e64002b81744ea4aa9812b9a8acc436,utilidades_domesticas,housewares,1986,43,18,35,81.21
94b1b16e2506430c91ed5335bc682c67,relogios_presentes,watches_gifts,2179,10,39,36,192.92
2f61ce42f5944405bd00bcd213bd1c10,cool_stuff,cool_stuff,100,32,8,28,183.52
fcc8e4a83bae4ef799add1a3558d60d7,ferramentas_jardim,garden_tools,746,41,26,32,135.31
b134bd4650c6420493e75aa473535a9e,eletronicos,electronics,367,39,17,13,123.8
e3faf7e38a0442048aa5b5ec9b9186e7,perfumaria,perfumery,3179,29,37,25,113.59
65b580ccdb074b07b5564ef3b374c317,telefonia,telephony,995,46,13,30,63.82
d4f6ddbff7664f5ea9fe8d0cff1eb3b4,bebes,baby,1131,40,16,21,169.65
42758a16741c44898a0580ef62f7fe1f,automotivo,auto,2777,36,14,20,143.2
61d1084da9cb433c9ef08a7c00890776,beleza_saude,health_beauty,1756,20,25,25,69.95
b58c6d6d27e142a6a992bd85e0e8c0a5,brinquedos,toys,756,24,19,40,117.15
5acc42df1a674135879d9946c52b52f3,cama_mesa_banho,bed_bath_table,827,32,17,27,109.51
d6a99bfd15464db4a61018bcf496f71e,informatica_acessorios,computers_accessories,2467,29,33,32,113.17
2a76ef4aa5104dd08ff5035468a94468,cool_stuff,cool_stuff,3267,33,13,38,258.5
267a8395e9234e3abc79dbb9ae659068,cool_stuff,cool_stuff,1473,24,18,30,222.5
6d24b125c1d9468d9d988202646973dd,eletronicos,electronics,1956,31,31,22,115.77
b8cd6ad25b614fc0989861ba185e45d2,moveis_decoracao,furniture_decor,1269,34,19,24,141.13
067ab786671f455c83e804b0ebdc8dba,informatica_acessorios,computers_accessories,2575,22,14,41,189.0
dbae7bd6b5134dc9980412dc258c1030,ferramentas_jardim,garden_tools,100,24,5,17,25.15
6d7893806b1d49d3ae6837fd31c4f308,cama_mesa_banho,bed_bath_table,1390,18,20,11,97.07
fe58bef6179d44e78d5ce33262139d0e,utilidades_domesticas,housewares,1168,45,31,31,78.47
980819fc86e246cda6df75bfcb9dfe10,cama_mesa_banho,bed_bath_table,3088,14,8,24,151.35
7e30685e25c94841a5c5c3384b5ab653,perfumaria,perfumery,1338,28,8,32,153.6
f1f35838d6194911a4356de30f477f7a,cool_stuff,cool_stuff,2131,23,14,14,168.77
40b9823488464ca2949796b6982ba777,ferramentas_jardim,garden_tools,635,18,16,21,116.17
75011ea77bb14bcd810511afa5bcf7c0,bebes,baby,1873,30,17,26,95.3
85f81db04ab148059cb56f922a2413ff,cama_mesa_banho,bed_bath_table,1584,31,7,32,72.96
451494d2aa4e493bb40bf7c7abba4b0e,telefonia,telephony,1572,41,27,25,67.75
d956a611085141dd8c5f94c1e9145e6d,esporte_lazer,sports_leisure,2258,36,15,18,52.83
57b3a04d08ca4bc28eeb7d298ef07486,ferramentas_jardim,garden_tools,1623,29,29,27,181.7
dfa93c2fdc9149b8bd018f7010aa4789,moveis_decoracao,furniture_decor,942,41,15,31,87.06
b7706002e97a49b4b64af172950670d7,eletronicos,electronics,1688,10,17,28,76.98
6166c6374dec4908966934fee9c4a382,beleza_saude,health_beauty,659,38,19,21,131.47
fafe12e921104b6db19c99b4db56c9ef,beleza_saude,health_beauty,3609,41,29,28,135.83
04481a887326441d84b2f7b2f88ad98b,relogios_presentes,watches_gifts,100,23,16,10,140.56
a4d043787ea04f7592ed7a12797e4347,perfumaria,perfumery,100,29,26,33,137.44
f81bb62b17314dc6a9721dd225bdb17a,beleza_saude,health_beauty,729,10,5,14,98.89
31b62396f4254ba6a2d72aba0d39135a,moveis_decoracao,furniture_decor,1372,19,22,23,160.53
faad310501f140efb47becac4e2623be,relogios_presentes,watches_gifts,2412,18,23,24,189.99
9d48b74698e948fb9be2bfcdd5f4a9e6,relogios_presentes,watches_gifts,2208,38,12,23,226.87
766166cbe2b942e3816123164221ffc8,utilidades_domesticas,housewares,1281,35,22,39,54.39
c290b751e584419ea2bad706743d96e5,esporte_lazer,sports_leisure,1402,20,24,12,125.39
cea549a3fb8448cbb22a5db70ef0c83f,informatica_acessorios,computers_accessories,995,22,8,21,193.8
be6dd399b6b64b70b0a20ece54431840,automotivo,auto,1479,36,33,27,117.65
b34e1d09adaa46259f6665e2a8718703,utilidades_domesticas,housewares,1873,24,15,12,103.53
1fee897e964f4070864191fc0d222777,brinquedos,toys,1191,31,11,28,87.14
22cb0b48c1db4d20ac77d34c97655d7a,cool_stuff,cool_stuff,1386,38,26,24,85.43
1a06e74c040f49b88fbdd6780e7aea12,perfumaria,perfumery,3894,47,25,18,121.59
9ad50a81d6ad45e196b0d6a9519fbd8f,esporte_lazer,sports_leisure,1065,42,22,18,100.88
3fb8c640db1b474c8e49179d4c11bd62,esporte_lazer,sports_leisure,2396,46,32,31,107.42
900502fb90e049729f440ee2f567b25c,esporte_lazer,sports_leisure,100,32,19,26,116.62
c8115382d086406ba5ed03272eb67b85,cama_mesa_banho,bed_bath_table,438,35,25,30,118.66
0558255b55fa4a5194d1a82b5679869f,brinquedos,toys,1983,25,19,25,113.23
d1a6572f394b4ab28ce2c46069a8e726,bebes,baby,2298,36,36,42,132.79
43bd11d9d2ba4874b7564e5be5708b52,utilidades_domesticas,housewares,100,42,15,18,77.03
46f4e0a22f024c7da24a72c940949ef1,brinquedos,toys,1142,36,7,16,120.29
6496ed9a08ad4fff89928ad003616bd9,cool_stuff,cool_stuff,1998,36,13,17,142.2
d250b9bd3b544b71a6534ab28d8a928a,informatica_acessorios,computers_accessories,1691,44,5,23,85.03
fc47b9132c92423f91ba7e1b00be5bdf,telefonia,telephony,178,39,24,28,93.42
23fc5c4fc3094683a49a06ab90925cff,eletronicos,electronics,1116,25,37,23,108.38
4ece6558ce3740aab45b3da00c425d9a,brinquedos,toys,1505,11,5,20,141.68
c0819b4b8fdc44929ac4175905c59dd3,esporte_lazer,sports_leisure,2130,39,12,37,86.05
e8b02221274a45a2a4f4e41e7d904daa,informatica_acessorios,computers_accessories,1670,29,18,35,113.27
d4f0259a73714d6c89310fc48a22a241,telefonia,telephony,420,30,16,52,88.53
b75c1b92cea942cc926033667e9d8270,cool_stuff,cool_stuff,1172,19,5,16,170.17
8e8135c95a3e4116bbb08af3944cba69,moveis_decoracao,furniture_decor,2641,41,21,22,173.44
139e749deca14802a69e8184a9a01205,telefonia,telephony,1085,47,18,24,30.68
092565d7529f438387972bdcb04a4e96,moveis_decoracao,furniture_decor,1343,38,11,18,199.64
4aed14ef781d48c9b2545e0f4322147e,cool_stuff,cool_stuff,318,40,15,21,114.43
0270b49900bb4fcc91f2d160229cecea,beleza_saude,health_beauty,1802,54,26,18,169.75
e0f7c7340c974bb5bae47ba2a97c0d87,eletronicos,electronics,1246,43,26,10,64.9
f32f6477afea497ea6339d1f5a98c3be,perfumaria,perfumery,2255,31,11,19,67.81
e5f1c8bf78e04d878a19931db7f680c3,telefonia,telephony,1429,52,26,42,92.65
89f12e21cdb247b0a645de882b6d719d,eletronicos,electronics,2321,49,23,23,115.82
e3208dafb77e48eea6117fc729158fa6,moveis_decoracao,furniture_decor,2663,25,14,26,201.57
2f90b62c4cec488987251ebbe564f6b3,cool_stuff,cool_stuff,2138,15,35,19,153.07
a97f0e7dac7b4a7aa6120bdb48174d02,automotivo,auto,777,56,21,18,174.56
90d4188df764402a9d7e5836181008fe,esporte_lazer,sports_leisure,2115,28,26,18,100.21
38305b0e3aee400c8a863a6ca9f86904,cama_mesa_banho,bed_bath_table,100,16,34,38,96.64
801f56573b184427840eff40c8e3f56a,telefonia,telephony,2830,28,18,25,72.5
a5822581690b461686eef18bea3ec781,relogios_presentes,watches_gifts,1327,41,21,30,271.88
137315c004344ce3ace0a62800cc71cb,brinquedos,toys,1810,20,9,26,104.86
ac6480e4d42240c0b61d4aa25fb75631,moveis_decoracao,furniture_decor,1569,29,40,14,60.5
fc0c59db29754bcf8729db389b1ea3fd,cool_stuff,cool_stuff,1765,26,22,29,222.78
f282167d0aa543ec9e0360bf22b5989b,utilidades_domesticas,housewares,294,24,23,31,128.87
ab144526e79d41b298d851445cdab969,ferramentas_jardim,garden_tools,2264,29,12,20,114.26
e10530c03d4a4f20b75321ba94e12e81,moveis_decoracao,furniture_decor,2024,32,9,21,203.88
364da89d75734c7daa5726d31595f5dd,telefonia,telephony,1781,35,23,38,79.72
5ef1302f6b954995bb80c7ba32d3bf22,bebes,baby,1191,20,21,10,123.55
1141f1787c834b80a0f85b0eda91b39c,moveis_decoracao,furniture_decor,1335,16,12,31,171.54
3bb4509892b9499c8ac48a7cf7f7b2e3,informatica_acessorios,computers_accessories,1581,33,20,34,150.55
0f91d2751bae460e8de86b80332a63c2,utilidades_domesticas,housewares,333,46,22,20,59.93
102e42083b83483daef6700bc1b9ab29,bebes,baby,1816,28,32,22,100.69
94f200a482ae4f5cb69acfb1ec2964d7,telefonia,telephony,2216,39,21,30,74.25
e80db173512444e1af65c752c62d1971,cama_mesa_banho,bed_bath_table,1687,41,25,23,128.81
6192c3033f64436aae6a7422132eca23,informatica_acessorios,computers_accessories,100,50,6,19,143.16
f2d676df8ab34546b97451111df4f98c,utilidades_domesticas,housewares,1382,40,11,27,73.44
08f972c989854d538cadf6ccd045b7dc,brinquedos,toys,1736,29,20,20,94.7
67daee05d0d9472c9d0431b0bed23522,relogios_presentes,watches_gifts,1729,39,15,18,246.81
0cd94480ad7b497bb8a7882025abb1a7,brinquedos,toys,1473,38,12,10,94.01
a884aed059144d7e985607539db7c4cf,moveis_decoracao,furniture_decor,886,29,14,30,145.59
aa140726b45447f18aed1cec06641609,ferramentas_jardim,garden_tools,1620,31,21,24,152.87
3f114306c6d24a5ba724436b387c2143,moveis_decoracao,furniture_decor,863,43,18,14,169.4
820738daa30e4b108b17bc2df98ea2bb,beleza_saude,health_beauty,819,36,37,18,141.63
637ce93ecede4afbbcc38d3f5b17406d,bebes,baby,100,34,12,20,91.45
a2cc016951314bd28664c04003d37908,cool_stuff,cool_stuff,2085,40,20,18,236.53
94ea9e65731c4559918cd94fb459b17d,utilidades_domesticas,housewares,899,10,23,16,104.77
bcb807c6cbd449dca221561e900558e7,moveis_decoracao,furniture_decor,1195,36,31,15,131.7
4bb7a37bc2f64c77a61653e3bc040f54,beleza_saude,health_beauty,1439,45,14,20,146.73
8240d439facf4b4e926f05f37fc7d5a2,brinquedos,toys,1038,31,7,42,69.57
762437a7e6b046cba19101342ce79da4,bebes,baby,1242,29,35,14,199.43
f9a20ff691584df091de21e9cf8c6cc0,cool_stuff,cool_stuff,2105,34,12,29,132.44
a834b012293f4f4f8b5f58cbfb44fd88,perfumaria,perfumery,2513,20,19,20,95.37
2de43d060a5240c8a9625b853843fcd7,ferramentas_jardim,garden_tools,2093,35,29,10,172.25
3eb4ef287c364faf932d64d256b6966c,beleza_saude,health_beauty,3504,25,35,22,81.97
072f1a1a97684c919f67926ae74bd7c0,eletronicos,electronics,1255,40,13,20,104.84
db3de9dd52294d2694f38adb9f9b11fa,brinquedos,toys,1502,35,21,28,97.03
a31b814018344430a41b6825000e944c,ferramentas_jardim,garden_tools,1685,20,30,19,174.51
59e8f24d8903410c9205661c7e6109ab,telefonia,telephony,1313,32,16,16,40.1
0c9ea27b542c471b9903a1e7a70561bc,bebes,baby,655,26,21,33,114.4
78bf94bac9f745bbbd7a349bcb921cda,eletronicos,electronics,794,15,23,36,121.66
30a2542032ab4be6a7690e2e95700a59,eletronicos,electronics,2067,36,33,27,106.15
f9a9b875e54249c29a13fc30be6b6506,moveis_decoracao,furniture_decor,1243,16,14,24,163.04
c74b2142bfa648b5a3e33cd324bfbcea,perfumaria,perfumery,3041,30,29,21,115.65
78e4654868dd416a91f6a8a91c37834f,perfumaria,perfumery,436,22,24,25,153.29
6f4619978a524025a9fbadf9986051c9,informatica_acessorios,computers_accessories,1645,26,37,24,197.34
86d71468475043b29956e245b7c5ac7f,brinquedos,toys,1179,37,27,26,39.37
a15708f138c44b799d1f96a7b2721aef,perfumaria,perfumery,1514,42,24,28,73.33
852ef078969149f7bc65c17d88fe097b,relogios_presentes,watches_gifts,923,34,23,34,201.31
0a606e001964479b8fad185ab8b2a669,informatica_acessorios,computers_accessories,1824,30,12,10,164.4
aa503747e3e7417d960aeeb5c274fdff,cool_stuff,cool_stuff,1639,23,7,30,153.03
da07179289e94020a697c3b300d6de36,informatica_acessorios,computers_accessories,1945,48,5,19,135.58
88c9bed10c804642909b3af1232148c3,brinquedos,toys,2663,13,35,26,107.12
1fddf0a47da4449ba8ddff9d4170f0dc,moveis_decoracao,furniture_decor,1341,25,28,16,177.27
b2c8d61c31924bdcb4d9765777f7c455,cool_stuff,cool_stuff,1192,22,40,28,192.6
8cce9b151f694369956d04a48203d5a3,perfumaria,perfumery,2410,15,34,10,101.94
bf445107d8114c14b7780405502bdefc,ferramentas_jardim,garden_tools,1132,35,21,23,134.58
3228ecefa9f047f7b184d6a4b3421ac9,perfumaria,perfumery,717,15,25,30,172.53
02eacba7412941af9f12b549ee54062b,cool_stuff,cool_stuff,867,36,17,34,210.99
ca860f27ade548adb21c7e393da4c2ea,cool_stuff,cool_stuff,1668,26,27,30,134.2
167ba1c52e184e98be299dabb6bf7e37,bebes,baby,437,27,32,34,91.07
6daae8e79d424b11a7d35c6acdfe47b7,esporte_lazer,sports_leisure,565,42,10,29,96.52
8a66d0790d414310b1006ccdc19dcdec,cool_stuff,cool_stuff,2793,22,29,26,176.35
0289af5734e14f30a38a39c31b1a3212,cama_mesa_banho,bed_bath_table,100,10,18,26,66.87
8672ee0cd1f7498b9042de5611733718,eletronicos,electronics,629,35,24,23,109.51
93807af0da3d4d3e87a280c3cebd24a3,cool_stuff,cool_stuff,560,26,33,25,170.68
0b5b3052dc4e4ae098d77c08db560507,cool_stuff,cool_stuff,3344,16,26,38,150.38
cf650ec7c92342c0a3dd07cb3b749878,beleza_saude,health_beauty,2187,20,14,28,157.95
887c2b272c8b42b1b54e0358bf5409cf,moveis_decoracao,furniture_decor,2396,45,19,34,142.88
9e7e78b406724f4f8d0b985ee90b55c0,perfumaria,perfumery,2221,32,23,28,76.86
204072d8a8134df5828d8c5494ab7f4a,telefonia,telephony,600,31,6,31,92.43
8454981e1d30493db9b03d21d109f360,beleza_saude,health_beauty,1761,18,31,41,135.15
83246aded0e641e9a3f0b048b4bbd21a,brinquedos,toys,1908,32,24,24,108.96
e56d3cdcaab0419f9140cf3c2a5ed3e2,relogios_presentes,watches_gifts,2224,53,8,24,139.17
f9a27cca19884c3da2a15104da52984d,ferramentas_jardim,garden_tools,2773,24,8,30,196.05
2c6d4727efe74115ae6b858417b474b5,esporte_lazer,sports_leisure,2030,32,23,36,88.77
abf8ab86fd464b299372985e22328f12,cama_mesa_banho,bed_bath_table,1410,25,10,22,122.69
3412a4a1e43c417eb2026ced2aebf66a,eletronicos,electronics,1953,36,21,29,69.99
8987fa197fbc485eb6c9a61af55c04f5,moveis_decoracao,furniture_decor,1252,31,22,27,153.08
c8d45a85e2cb4334b00517752c30382f,relogios_presentes,watches_gifts,1198,61,27,28,196.01
525857dd1672464ebc0cea9d07270429,ferramentas_jardim,garden_tools,1139,28,22,10,80.07
1d4d228d29474e4eb320c40fecb313ed,utilidades_domesticas,housewares,990,32,18,36,55.35
92dfe3f5ba934631afeb5f21235ce38d,esporte_lazer,sports_leisure,898,45,21,32,176.54
c9bfa056c0614189ad35e75bf3324170,informatica_acessorios,computers_accessories,944,29,17,10,131.03
9869f16b13da458c986592bbf0b899a6,esporte_lazer,sports_leisure,2204,35,24,21,95.32
cf66557855b946768cfcc17ed21b5b2c,perfumaria,perfumery,2515,25,22,26,168.85
a987bc41b86547ac8952c441fce6f6a8,automotivo,auto,2277,17,10,29,137.43
7f73971ae6194f39b9e3a61d219f80dd,eletronicos,electronics,1135,40,21,25,109.5
1e81a3044df744c8a902d3da9bf0e934,relogios_presentes,watches_gifts,1199,45,13,30,296.03
f97294f5a5884165a14eb35d9d7fd885,automotivo,auto,398,26,29,34,133.14
af2fd06994374d1599762a99327d9ab8,automotivo,auto,912,39,29,15,91.84
cf76a6e575a944518f401b7c4e577f90,eletronicos,electronics,1680,36,17,30,72.25
fb73ba08ae7a497aa77d51f979d04f79,moveis_decoracao,furniture_decor,100,25,20,22,102.07
fe62cffe47964eb0bbdcc3decb011a1f,bebes,baby,100,24,27,35,171.57
fd44af8d4e6e43038dad7e84e66bdb05,esporte_lazer,sports_leisure,847,18,23,30,127.01
43b3ffba814c4cffb1914b53fc784f5c,moveis_decoracao,furniture_decor,100,21,19,28,198.37
b88af5e0d8544ad881730f8ed573e2f3,eletronicos,electronics,1615,33,20,30,97.82
02770db5f8fb4abd8d3b5dc4fbda0d89,bebes,baby,1552,27,20,28,139.36
05f1c76e97b645dea50496a27e68a9f3,telefonia,telephony,1804,43,22,19,92.67
a0f557c551f64dcfbe877770c74c5a91,perfumaria,perfumery,407,19,22,29,87.65
5961212a37454f42a5d84fc689f7c3b5,moveis_decoracao,furniture_decor,1193,23,16,32,195.33
30f06e0858574f8899bc6ef81a0f7c3a,ferramentas_jardim,garden_tools,1484,24,9,36,155.72
18d843193cb04aee83556d9fa3cb75bf,bebes,baby,934,37,19,22,145.23
8f5f7bba79a34bdc8d60b7c951877ea1,relogios_presentes,watches_gifts,906,26,20,21,250.15
c9e888b20fdc4ec3951dcf0b9d723623,perfumaria,perfumery,2995,22,6,10,120.49
cba541aaa45d4cd09e70d6b5d2585143,cama_mesa_banho,bed_bath_table,969,32,21,12,49.63
8fd00da9a2fb4e129c58499af1bc0c3e,telefonia,telephony,1736,31,16,11,84.43
4630270ab5284fd68c57b10dfd56a03e,cama_mesa_banho,bed_bath_table,2517,32,13,25,60.85
7c79db600c0b4e998cfbe37fc5ea67c3,esporte_lazer,sports_leisure,2346,30,5,22,128.9
69e7f3cbc51a4c69ad57146802b6b0cc,perfumaria,perfumery,1233,27,10,29,105.55
4d92813aa3b94e49ac5c746b4432657a,informatica_acessorios,computers_accessories,100,26,27,21,223.21
40100693163947448cb16c2ee91b3c9b,bebes,baby,1843,33,18,24,120.78
02a5344437b748aa96564d2bbaf997f7,cool_stuff,cool_stuff,1258,35,12,16,114.46
354ee8d8d8f047408a4278f8e8ee1b1c,ferramentas_jardim,garden_tools,3136,35,22,16,156.82
9b98a5a74b834da68b223e506287272c,cool_stuff,cool_stuff,1406,32,12,26,145.93
ad71777dfa804ad9b32de9ff1816cf4c,utilidades_domesticas,housewares,887,37,7,29,98.69
36f9ecfe47874e42a1c144f5f3bf52c9,bebes,baby,796,21,18,27,124.65
3e6f85bc114a4087b91d8d24cb566bde,perfumaria,perfumery,1846,47,15,11,149.78
bdd0c415b3d348988b77d28d2428ed17,automotivo,auto,2846,33,11,24,95.26
5175739b20834ae0af178fcd607366ea,relogios_presentes,watches_gifts,2014,16,17,16,217.61
84eaa92669ce4aa188f3cf0b0f89a1e5,cama_mesa_banho,bed_bath_table,1206,31,20,17,110.67
8389fe0bdec2413ab1dafca8393246d8,perfumaria,perfumery,1460,20,37,28,120.4
4f3108466bd446d0a21cd83c36aaff68,utilidades_domesticas,housewares,2632,48,18,27,65.24
d1ed51f09fb042a8a4063bedd658f48d,beleza_saude,health_beauty,1382,28,21,27,149.59
fc8581d990c940b0989ade8f2b71c3f8,moveis_decoracao,furniture_decor,1690,17,12,20,145.89
46bf51d00533459f95c37b48c17afb48,automotivo,auto,2340,18,17,32,128.0
98744f3147c44d9eb09690979010c80b,cama_mesa_banho,bed_bath_table,1868,28,22,23,111.68
c1aca14ee12b486aaa8b178458ee0933,telefonia,telephony,263,26,22,29,104.86
611b251026cd4044bf8a470894aa641c,relogios_presentes,watches_gifts,1187,44,14,35,259.05
4401eb24447645df8ed55a6bfcde5073,cool_stuff,cool_stuff,769,33,19,30,154.95
a6ff7dff14f24eb8b7af4482bf567418,ferramentas_jardim,garden_tools,1254,43,19,31,127.11
f5e93c87c87548e4b913f855049764ab,cool_stuff,cool_stuff,2833,23,15,37,144.98
a431b5ac399b4d6693f1aa597d58810d,moveis_decoracao,furniture_decor,2780,38,18,10,159.03
a9409ed63680466ba80a9e874992dec1,brinquedos,toys,1581,41,32,19,134.04
b1c1ecf5474e4bff8dfa1e35f7751d1f,utilidades_domesticas,housewares,2112,40,23,10,81.89
ceed75c82bbf477996c9f036f9778ad3,bebes,baby,575,27,27,27,170.18
c0fe8c371bfc48a1958501831f230343,cool_stuff,cool_stuff,1773,17,5,26,155.37
41ab407925654ece8966adc68d7758f5,relogios_presentes,watches_gifts,718,12,14,23,249.95
efb896ca8f78487ea7d15c6aea369e4d,cama_mesa_banho,bed_bath_table,1650,46,11,32,96.18
3625769929704a49b86608dbf6ffd23e,cool_stuff,cool_stuff,2055,25,28,27,134.42
fa930127f66d4ed1a2bdd4cb43480902,informatica_acessorios,computers_accessories,1490,27,23,15,143.68
a1b78fb23a244c5795b20e1a089daccf,telefonia,telephony,1816,30,30,31,74.85
25dd8e93fdc14f05b424e47934f4df1d,beleza_saude,health_beauty,1673,32,23,10,119.45
49453ecedf2c4b92957f6074f898ee89,brinquedos,toys,312,42,19,23,136.9
e0fbc84cd9c4476596374380dfe6aa7d,eletronicos,electronics,1837,18,19,22,46.39
291c84157ba04b498ce45d8dd60003e0,automotivo,auto,947,28,19,13,186.07
7faf0094aeb94c1db393cb6cc2b9f9eb,relogios_presentes,watches_gifts,1418,30,23,18,237.38
3254aca8838d4f2394d609525bfdd7ea,eletronicos,electronics,1206,21,24,36,108.12
02cbe839eebc4abab2c914507ce371ec,brinquedos,toys,2238,24,7,36,171.64
c5e647128a2f4a26a72c046e4c675182,informatica_acessorios,computers_accessories,2734,26,10,16,69.23
be334e7841fe497ab1e9f6ab641ac134,cool_stuff,cool_stuff,1414,46,18,27,226.9
5bdf2d028e3c4899a790daf1159c8ebd,cama_mesa_banho,bed_bath_table,1176,50,35,23,80.56
581e8b9f29264c0ebdeb3d139c705e30,cool_stuff,cool_stuff,2057,26,10,35,219.74
89b0368d2b8640dea505653932d772fb,bebes,baby,1624,17,10,25,112.5
1734a66296ab48a7b5cb750407fd8a7c,telefonia,telephony,1227,40,25,36,55.19
f9f34b05a30c4a18acf675ead2759ff7,eletronicos,electronics,1225,37,23,37,100.51
1e46d51f2fff4a0084d342bca4b3d24d,ferramentas_jardim,garden_tools,2978,35,28,22,135.5
10f69839869d4463bc9f6bafefe7645b,moveis_decoracao,furniture_decor,2228,46,25,24,228.87
88eaf3f4effa4ad0aae402d7206a8e39,cool_stuff,cool_stuff,100,15,25,25,192.25
1e06181fe06f4eacb738140c7032127a,utilidades_domesticas,housewares,1551,35,13,29,104.89
d0e0ba8bd62c47e28e10dfd0898523e5,cama_mesa_banho,bed_bath_table,2476,50,21,27,56.92
4063e06e701a4e9081b31c6848f8891c,esporte_lazer,sports_leisure,1074,28,28,20,138.89
03c8fcbe95384d8090439a52e2b9a6ef,beleza_saude,health_beauty,1498,28,21,21,114.98
47aa0e53c4d245bea11704884a19b8c2,beleza_saude,health_beauty,136,27,16,20,144.59
cefae8380fda42118cf8ec128002ff3e,moveis_decoracao,furniture_decor,2026,32,27,29,145.25
209aa4984b2a40b0a2ea17607e2a105e,telefonia,telephony,1129,33,24,36,98.82
e2c81fd733844e54a07b489d68bb6564,cama_mesa_banho,bed_bath_table,1066,28,25,33,118.47
30d2e16a72fa45d592aba093848d7a5d,cama_mesa_banho,bed_bath_table,1448,17,12,27,103.56
eff5ad915c6840fc8c5d40972f7416a8,informatica_acessorios,computers_accessories,621,30,25,15,194.72
632a48aca536401eac8cb07c41e3ce60,eletronicos,electronics,1197,42,15,16,78.55
cd8e886512a64c7da8f87382e34c06ee,automotivo,auto,1423,26,18,27,133.15
5d87cae892df44a98e3a549100e2ca04,esporte_lazer,sports_leisure,1447,12,23,24,163.31
55f4809725d74f78aa185cc9f0975b1b,utilidades_domesticas,housewares,748,11,24,27,64.83
cd3cc9cfd85046118a89904eccaec0b4,telefonia,telephony,276,45,31,10,65.84
bfc22eb1fd924a71a00092e87faea0e0,relogios_presentes,watches_gifts,2831,25,16,22,142.75
842b27d283d44a2fa3234bd3174ecf38,cool_stuff,cool_stuff,136,40,5,26,204.9
3702022efcff4e16a8a85c3aa213976a,ferramentas_jardim,garden_tools,339,20,29,29,113.4
923623fd21b648d087408fac9bad7e22,ferramentas_jardim,garden_tools,2461,42,22,17,120.53
51dabc02cf4c472f9e30bfab147a4d8e,automotivo,auto,1729,28,27,12,80.23
db6c58f1052d4cc3a43e45bd2ba37e03,utilidades_domesticas,housewares,1644,25,14,10,85.39
13ff962616044ce1bd266402fe226a73,brinquedos,toys,1457,36,20,23,145.31
a5fd0c185f1f4434914a0dbf445bdd09,ferramentas_jardim,garden_tools,450,35,6,18,92.56
6345aa8a5700433e9be4bd50d8f3a1ec,ferramentas_jardim,garden_tools,2125,29,19,16,124.51
74b114f3669e46188788c60ad9778898,esporte_lazer,sports_leisure,889,33,12,35,64.73
e91df23f4f1f4ef698e73090d172e26a,eletronicos,electronics,854,46,16,14,95.48
456d72a5142d4a13a828340fe588266c,utilidades_domesticas,housewares,1119,21,11,47,79.97
645694bfc8e646e897cb440e83e5e119,cool_stuff,cool_stuff,100,44,24,18,123.01
8a450086488d40fa8df3d86b5b88fa2e,cama_mesa_banho,bed_bath_table,2038,27,5,39,84.15
4608f06dcb134fecb0b40cfe3b9b14a7,bebes,baby,2696,42,11,33,107.2
5b0c9d1cd06245b291419a078d8cfc1f,telefonia,telephony,100,25,23,21,68.86
4da740e54d1a42ec929c805e8d3a6d8e,brinquedos,toys,2414,31,13,30,115.93
87f0d9083cd940c48ed1df2c113bff2c,utilidades_domesticas,housewares,100,34,23,25,102.83
7e1f486945804e3283dd5a4ba84849ec,moveis_decoracao,furniture_decor,962,33,7,28,257.65
ea742902b4814349b942a3a9b3ea9fae,beleza_saude,health_beauty,704,22,14,26,92.79
71388011b497481e877cb4b01c1d4e8f,ferramentas_jardim,garden_tools,1836,38,24,10,169.83
5b2010a262904e3380b094d52b475532,relogios_presentes,watches_gifts,2249,38,22,26,271.94
14d490638c3a42e58fba1ad5fe1a5cb7,informatica_acessorios,computers_accessories,3038,20,28,24,139.16
31857a0d852a4ba5891a9b018a9d6e96,telefonia,telephony,270,27,12,21,53.04
cac4bfdd779f4b1a989db30fb9abf34e,telefonia,telephony,1140,25,20,12,46.09
f93b702f1b324d2b8b184cedda04889b,informatica_acessorios,computers_accessories,1789,22,28,26,172.3
bba7b663ffbc48e1a92bff61640433e3,bebes,baby,2628,26,15,31,147.83
b052d7fc27164a9eb8f9eaf96752eb1f,relogios_presentes,watches_gifts,1350,43,18,25,211.27
a89eb9db6713402f84bf514867ed0887,cama_mesa_banho,bed_bath_table,752,30,31,28,95.78
2317eefe4d5c4759ac34b02f2790135d,cool_stuff,cool_stuff,1370,33,25,29,150.07
fbce9bd3ccfb4235816a9346d3a476ef,relogios_presentes,watches_gifts,1759,34,11,26,80.32
0a0823fe58a7431b993d615a245c89bf,automotivo,auto,1886,36,25,21,152.36
3a01bd38a6c2414fba3e60021b895ae9,eletronicos,electronics,2639,44,19,26,117.77
e8d3dc223a4e4f1faa4571e5b34ef33d,cool_stuff,cool_stuff,299,26,30,32,181.62
f6004e8a1b2c4e9ab6069f0a985126fc,relogios_presentes,watches_gifts,295,29,15,27,161.44
fcf122b789fb44ffbe380cf9d6cab675,beleza_saude,health_beauty,679,10,29,21,135.5
6c5342156c044cc6bcc91fb9c3160d94,utilidades_domesticas,housewares,1498,19,9,16,70.54
6efebd50733944219f561ca6016c775d,moveis_decoracao,furniture_decor,1793,22,33,33,200.42
b4a7f91d91d041b8af93571f4e768d06,informatica_acessorios,computers_accessories,1404,45,18,24,152.65
156b6f48b72f47d19e4e3c0ce42113d8,cama_mesa_banho,bed_bath_table,2061,36,16,20,111.0
afe0c62040cb42ee8ec16d38a75f3a67,bebes,baby,2072,26,7,23,151.82
ea14ff55f28145ac8d7903e5ba53d7fa,bebes,baby,2944,18,16,21,177.45
812917018c514e7589107def35f4cdf2,telefonia,telephony,1472,20,24,21,50.51
407d1fca3e85462a8a6cdf0d575e49ca,cama_mesa_banho,bed_bath_table,785,47,23,25,88.75
5d89d3e3499e40b3947e6c313b94abd8,cool_stuff,cool_stuff,1733,32,22,25,204.1
e3e28729d966487b8001a6032819e790,informatica_acessorios,computers_accessories,1518,20,15,10,236.21
b5b0ba60ab5e463c861b16d8452f77c9,cool_stuff,cool_stuff,2190,21,17,19,234.41
e8215f483108410b9d6e7e4bd77ef1cc,cool_stuff,cool_stuff,364,31,19,31,160.32
38f0b105841d4168a07d5fb31bb992f5,brinquedos,toys,100,27,12,25,153.03
89b62267e80b416a9ce987f78ddb9fcf,beleza_saude,health_beauty,108,21,15,21,155.9
ba466e018af4415c8fca516bbaf6f246,beleza_saude,health_beauty,1361,34,14,26,157.22
418d588cd96d4028b95f5311461cd006,perfumaria,perfumery,914,37,20,33,118.96
20c6183556914225bb5812406f54e8f7,relogios_presentes,watches_gifts,1804,29,19,27,242.21
c9c00e28faa7427ab6a72e6dbf3148f7,informatica_acessorios,computers_accessories,500,44,5,19,140.76
0caf5bdae12a468cae0ff6336fff2619,esporte_lazer,sports_leisure,1829,45,5,20,51.19
ce90c1cd7b364b5ebd2a0b5f7a78b37c,perfumaria,perfumery,1525,32,32,25,156.32
7268138c1b2d457db010da19f6714ba6,brinquedos,toys,1967,25,8,27,65.24
bab2cc3bd5864048935164f4fb81a59b,informatica_acessorios,computers_accessories,2536,28,29,21,157.1
ebe7e9b6753e4e9392e523c12f43336e,cama_mesa_banho,bed_bath_table,1667,29,16,28,71.85
72fa57b457144954ae26f4b9fd265a0e,bebes,baby,532,42,25,25,188.28
ecf3121591434f8fa84a3f7a838565dc,perfumaria,perfumery,1285,43,21,16,180.44
56e8db94283d472ab8e9526714be4f3c,automotivo,auto,2292,28,25,21,173.17
f87e17d58107427f80db2a34c6db91f3,informatica_acessorios,computers_accessories,100,19,27,23,154.34
dea4327e63c34eaf84ef99762c65acb2,brinquedos,toys,422,48,29,23,97.86
b94267e68a4748e68bc20b4c4bf6634f,informatica_acessorios,computers_accessories,2323,49,27,42,103.49
a7e7465667f0426d857109bb66d8d1f0,bebes,baby,844,18,23,26,124.68
32ed24fd55f54b3392d7348aa3da9822,bebes,baby,2147,42,7,20,158.71
ce595e31eb3d4265b3782aaa24d5895b,informatica_acessorios,computers_accessories,1125,22,28,14,131.43
55aa8833a98a4054810c74bd3d65e294,relogios_presentes,watches_gifts,1762,24,26,20,294.52
2cdaf8540b704b059cecc9ef8733588c,perfumaria,perfumery,1399,36,25,19,63.4
cc25c0a3849e49d5a9514b8b531cc569,esporte_lazer,sports_leisure,1788,30,24,23,102.09
261bce0f293648fab1389c0152f1a14c,perfumaria,perfumery,3106,15,25,20,114.93
fca4b8982cb349cc9a64806212d73546,eletronicos,electronics,1246,21,24,36,101.75
b95a78fcecaf4d8aaf8f76e2349a34a1,brinquedos,toys,1582,20,24,42,98.58
c374988d39914d81b3b5b818ecb15d2c,beleza_saude,health_beauty,1199,24,16,10,144.18
62b05d2e8fab498796a010d7ecca7266,moveis_decoracao,furniture_decor,823,13,26,16,143.07
1f184942459a4765a78185a287177985,bebes,baby,2673,15,7,27,170.23
9911d895c63b4d5dae9a93a8678db5a9,esporte_lazer,sports_leisure,240,34,24,10,138.96
8ccf9aec4046462ea9ff15d4d80fbc82,esporte_lazer,sports_leisure,2201,26,30,34,118.09
f9644e1ad6714967b129ba6627cba62f,automotivo,auto,1138,20,19,29,127.03
e95d2c5493284ae9b2db3981549e872d,moveis_decoracao,furniture_decor,100,42,21,21,202.86
d797c6d5be6742d9a8132ea16f67f656,perfumaria,perfumery,2719,10,23,13,139.97
5eafe8b1bfe64fe491387cc23bc7fa3e,esporte_lazer,sports_leisure,1602,36,16,10,101.49
835f7a5657054e5fb91fc77d86e8b51f,cama_mesa_banho,bed_bath_table,1825,40,10,33,78.8
658c18e19ff944019ed91d2c28dceba1,cool_stuff,cool_stuff,1789,24,21,32,109.78
3013159c1b9442b085dd81b01f124c48,bebes,baby,956,31,39,18,201.4
e71b4bfb494a42c6ac59f89632ebf091,beleza_saude,health_beauty,3103,29,17,19,127.61
95e676af8d344df8abb68ee5846289f3,esporte_lazer,sports_leisure,374,29,31,20,107.78
4254378d448548f7ab22f61662eadb84,beleza_saude,health_beauty,139,33,22,25,122.41
7d147ddc26e74bc387aa7aefec5bcafe,relogios_presentes,watches_gifts,1265,35,19,27,222.9
5f6c6911c1a545bd9199d8b3b06793cd,perfumaria,perfumery,2398,36,21,37,137.61
0a934e9612db4089a8846ec9a92049c0,perfumaria,perfumery,2543,36,5,35,129.06
3d3295c7d14d416babe648a1251b1c3b,informatica_acessorios,computers_accessories,1458,32,17,26,118.37
83b74e927e9940e18ebeaf3240c2a9d5,brinquedos,toys,2519,28,16,17,118.06
4fee509aeeb041b29fd07a9d1f9d7166,relogios_presentes,watches_gifts,1649,33,11,12,247.54
394b8137239046348768293335d3a62b,beleza_saude,health_beauty,2687,19,32,27,129.75
a942933712494adbbe7a7f76453f13df,esporte_lazer,sports_leisure,1181,16,27,18,91.61
711019998c0a4de0a8e0aaf50b3af405,moveis_decoracao,furniture_decor,2293,11,7,24,174.66
bb3dd5332db84833bf6b7e185c3c35a2,beleza_saude,health_beauty,1887,26,40,23,121.92
7c0a4fc4250b45f2b12fa258436dab2b,esporte_lazer,sports_leisure,862,31,24,34,70.32
40259220e2f0431597d0ca7cf6b6ecf2,ferramentas_jardim,garden_tools,1303,34,24,25,153.98
8538d8761f664c45a95e62af1a1326ee,utilidades_domesticas,housewares,852,45,27,14,63.5
0be59fb3741f4507bf96dd58362009d6,automotivo,auto,662,36,9,22,158.19
7d52cf6b353641aa8a645c6ca62d7e9f,cama_mesa_banho,bed_bath_table,1447,32,11,29,79.67
5eea338d6d964abdae181e775dfeef2c,ferramentas_jardim,garden_tools,1240,32,20,25,108.73
41b1572b01f14839a7b400356b0a3a68,cama_mesa_banho,bed_bath_table,1260,30,8,21,104.69
5d6ec7bfd58049b2bc1ec8d3b11bc2d1,telefonia,telephony,478,41,30,15,102.15
59aabfa571d34322a00eb01a9928b221,telefonia,telephony,1385,34,16,32,83.12
a28fe325c87544a880ee7a053ead57a7,perfumaria,perfumery,848,18,8,26,142.17
68e6898d59314d688046e229e8568aa6,relogios_presentes,watches_gifts,2020,28,10,19,279.14
b7fb9445c67446fc8f0902d730de67ab,automotivo,auto,1112,31,11,27,121.69
bde49114f0e3477aa60817dc94940c2f,brinquedos,toys,2337,37,16,23,93.47
b712f2ace2cc4e96988b158635282d6a,cama_mesa_banho,bed_bath_table,364,21,21,27,98.71
a502341d2b264930abce518bb1bed5cb,telefonia,telephony,1258,39,20,30,39.52
9ece2583c58c4f84acf434c2d87762a6,automotivo,auto,100,32,8,23,127.92
39864a3fa766446db7d7107a75a33b67,informatica_acessorios,computers_accessories,2769,33,21,31,161.58
5bf2ab0f21c04577b5abf6dd7267deca,brinquedos,toys,1133,40,11,27,63.57
dc77cb877d934929987d615ea555befb,beleza_saude,health_beauty,1663,31,33,12,108.97
16d6343ad0d5469184961b4f86525eb3,ferramentas_jardim,garden_tools,2158,33,21,17,114.32
8c5fad6cd6c140969917f4747bcb2aaa,perfumaria,perfumery,2496,29,23,24,89.51
48e1e07729464ce88f41a4e8a166af08,eletronicos,electronics,2247,35,38,16,110.56
cb88d7d757564bf687b69c720d9199af,bebes,baby,450,31,27,10,122.83
a3798e674bd745e1b57c8ec8a6e69598,cool_stuff,cool_stuff,1049,22,23,33,159.0
bd187c8552b445168aa979f1e7256475,automotivo,auto,1664,31,20,16,184.34
691a9d51cadf42b695ce86bb44984462,moveis_decoracao,furniture_decor,1736,33,13,21,151.19
a27e627c1a0e4267ba19ced85dc02af8,telefonia,telephony,272,13,15,29,61.94
341002342a3d4924a47c00c22c0e17f9,cool_stuff,cool_stuff,684,21,16,22,262.45
4dbaa19a779b4cc5ab5e18930d2e3b13,beleza_saude,health_beauty,2343,40,29,17,87.22
45246356dac4470298fe168cacb53b53,beleza_saude,health_beauty,614,43,15,14,114.92
1a4aef58c4ef4003af18c13553c74349,telefonia,telephony,1309,32,22,18,88.71
8d89df46ce964c55bca601e0e094436a,bebes,baby,988,28,25,19,110.07
934c32389f434872aacbb2f122d0198c,utilidades_domesticas,housewares,1973,21,16,29,126.08
61b76b77283c4d62bc4e72bea6881917,utilidades_domesticas,housewares,1984,34,24,16,87.31
44902892cf6f475b982cd40eac522cf4,cool_stuff,cool_stuff,1476,33,20,28,150.98
02ea067506e0413bbe5bd87b8d209661,cama_mesa_banho,bed_bath_table,1546,17,17,36,102.97
3a1cbbfef1284e07b7099125bef2caf0,telefonia,telephony,1483,48,9,16,109.25
9088f9ecd1934355856fa20062fa0a56,ferramentas_jardim,garden_tools,1536,27,10,28,154.06
2c684cf911c84594bdaaa6658311d4e3,eletronicos,electronics,624,28,17,27,62.02
c5369f9236f4463b9406e1a1b31d77b4,telefonia,telephony,2501,39,17,23,72.27
90881531cfe74ed490dadb2f65b61208,cama_mesa_banho,bed_bath_table,877,25,17,37,118.67
3cbb5554385640cfbe83f57cd7213a68,eletronicos,electronics,2247,33,11,24,114.26
90aa7373c9e94e5685835b0d74d2f910,cama_mesa_banho,bed_bath_table,493,36,38,33,130.35
f7f91ebe27864102bcf473b9591b5d11,relogios_presentes,watches_gifts,1674,39,14,31,249.26
11f24f8b95aa4911afbae7a44a9bd48d,brinquedos,toys,1731,43,15,23,112.86
45db7609bbf14a769db0e699430b96f3,esporte_lazer,sports_leisure,676,32,6,33,116.4
251d89d25de64da7865eee6787394472,cama_mesa_banho,bed_bath_table,1083,21,18,30,108.69
eaa04c28e8634d83b004d91e2409e594,esporte_lazer,sports_leisure,935,21,25,19,116.8
8e9933f6544a41658841f2a69839a8e4,moveis_decoracao,furniture_decor,1599,33,26,14,64.44
28457a38af90461cad2f8eca1cd43438,brinquedos,toys,1046,48,36,39,104.21
5ffe1ac53e154045a9bb2bb2b223c1c6,cool_stuff,cool_stuff,100,10,15,23,223.53
4350fbf473ad4be586139d53d9409ffc,brinquedos,toys,2194,32,12,17,117.62
906e5ff4a1024a9aa51e1adb697e5567,automotivo,auto,2057,33,11,30,157.04
4e135c9698c444a1a05a0afff33d93cd,ferramentas_jardim,garden_tools,643,22,25,23,190.62
feb221d6830e4fa88b7f8c3e229b9d2e,relogios_presentes,watches_gifts,1900,25,19,25,166.3
363a74f642da443b8ed094ebe9e0c010,utilidades_domesticas,housewares,769,37,26,29,115.31
d1ff530f672d4816868db48ce1f96d6e,brinquedos,toys,1066,46,12,16,57.2
f72806e2c2a24088a7798ad24dd8fe41,automotivo,auto,1143,24,24,26,92.28
915b2a60d02a46ccad6912440db20501,moveis_decoracao,furniture_decor,1185,26,5,17,121.46
fcac242ecc124efc87ec8e015ea0717c,telefonia,telephony,2646,31,25,13,98.88
94e5d97879dc44a5b717a29eb1cbf2e5,automotivo,auto,2540,10,14,28,165.78
2647dd1fa2794b9e8014d2deebf95072,brinquedos,toys,957,26,15,25,145.92
a7bd0886023e408288d24a417b1326ea,utilidades_domesticas,housewares,883,40,13,18,101.37
beec57398b564390ae8011558bc24732,cama_mesa_banho,bed_bath_table,2237,38,9,21,115.57
2e253317148a4f48b382db0c88702368,perfumaria,perfumery,1533,19,23,19,178.84
6f99559716d2499a8eea5b739fa06883,ferramentas_jardim,garden_tools,2735,36,30,25,161.79
cd7f6493cb674aeaa04c57fa76963bd8,cama_mesa_banho,bed_bath_table,2682,32,17,11,92.92
e80d04981e994d3d8bd5e61bcc7da48b,bebes,baby,2158,39,24,20,60.81
a2214c4c317e40ac9e7fd2d6a159e909,cool_stuff,cool_stuff,1103,26,17,29,254.36
f948e7c50039452094652ddb290ac89a,cool_stuff,cool_stuff,1598,27,17,25,127.73
31e04282f74f4de6ac342e2249643ee2,eletronicos,electronics,1596,34,21,28,100.84
2d648616c6274d4d8f3fe0b054053c2b,perfumaria,perfumery,100,36,14,16,91.87
2a2fd76bc2f04a10b61835f4f7833308,automotivo,auto,1846,27,6,28,82.42
9b23e055005c42f1b30ceec8ee6625fb,ferramentas_jardim,garden_tools,1611,32,27,39,87.24
aa613ff813634e46a546afa32c8074f0,bebes,baby,1458,27,23,26,117.66
8170909a674f42509ed33234cb755773,informatica_acessorios,computers_accessories,1147,18,27,28,186.3
fbfef3ab35ac4b6f925e499b601188c3,utilidades_domesticas,housewares,1251,23,11,27,64.2
e05789a6a0ba4e4f8de3ebd95c4b921a,telefonia,telephony,2978,16,22,37,86.98
2118573d8f714165aa95a79e32feb758,eletronicos,electronics,1640,20,8,31,127.65
42c585db7ecd4ede8415902da64ff63c,informatica_acessorios,computers_accessories,1148,18,5,17,139.89
b13dd4656a0b4110af328bf7c914e9ad,utilidades_domesticas,housewares,2779,36,22,21,73.34
4cd0eccd06c84fffb9b659a01c72d4e9,relogios_presentes,watches_gifts,2624,32,5,19,158.51
7f0b7fd039b94c4784be7c4bbe76cd83,bebes,baby,1062,35,19,24,175.97
6915727a6df44e6fb371eda07ce629e0,telefonia,telephony,942,48,14,25,69.38
493f53f45ed14bb38ce67b25c361a750,utilidades_domesticas,housewares,1598,34,23,18,62.54
307681601d254dd39f8e71373dbfdfa5,utilidades_domesticas,housewares,3502,25,25,12,79.41
8d53e673838a4aa9bf214fbb8ca1a0b9,ferramentas_jardim,garden_tools,1398,34,5,26,94.76
701f97462e8b4cf58a0a5386ba68a844,cama_mesa_banho,bed_bath_table,1759,19,13,22,68.69
f8200968fe11454a8d28110c7f1c5cac,relogios_presentes,watches_gifts,1119,18,5,33,132.24
ffec49114d0f4ad8b3e9962f3bd66a97,utilidades_domesticas,housewares,1357,37,15,18,89.52
39d46958055948f6adcc729bff68bba4,relogios_presentes,watches_gifts,2394,18,18,11,186.41
045643346e8b41dcbe5c7ce7942b1536,cool_stuff,cool_stuff,1527,21,16,13,168.47
77bf95be491042ac9cdce9116f0788e6,moveis_decoracao,furniture_decor,2344,19,15,29,220.6
f392628f2fd5415d94b9d20f1a4e805b,relogios_presentes,watches_gifts,305,28,22,24,61.39
64f07f6b3e554f9386c0d697233c714f,esporte_lazer,sports_leisure,1900,45,20,16,99.61
2faa4afc713e41d8b19d13c7da8ed1aa,cool_stuff,cool_stuff,2915,39,25,27,135.25
efc34e4f4567481d85e69a05736212df,eletronicos,electronics,1339,29,24,37,117.96
17a9c476706c4f07a5a0c38a34e8aa69,telefonia,telephony,364,32,25,29,62.42
287a4dc33fd14c85ac9c3386763e0f7d,cama_mesa_banho,bed_bath_table,3831,17,11,26,147.92
1977746a42f0459a91f8469d971489be,cama_mesa_banho,bed_bath_table,831,27,28,24,86.63
ca37478ed2d349b688ab8ced8ccc77d2,bebes,baby,1952,32,28,35,140.75
90c14030714e487790c3389f0e4103e2,cama_mesa_banho,bed_bath_table,1733,32,23,25,94.98
e7b125022bb14f10b837665b7b69dcb6,cama_mesa_banho,bed_bath_table,2457,45,7,25,77.78
224e48280fe7472d8da66de85326df0a,utilidades_domesticas,housewares,1251,34,25,24,46.73
e2bd23ebcabe436ba347677ef87d33e9,cama_mesa_banho,bed_bath_table,727,38,5,34,108.03
8bb1f22562a54218ba1ac587ed33bd6b,ferramentas_jardim,garden_tools,2552,28,5,28,179.61
02a946730f5f457a850d4928d6c0ef11,ferramentas_jardim,garden_tools,2239,23,20,20,106.33
7a507d80c28144b49255f63ae218ef80,relogios_presentes,watches_gifts,2264,18,12,16,120.59
e1af32818870407bb8b4bea89292bd84,perfumaria,perfumery,1617,41,18,12,150.2
c4c3ecb47e7f48059f0839d54ce912cc,esporte_lazer,sports_leisure,2848,23,16,29,163.66
098efe15b25f43b98c6ffe3ab2fdb839,automotivo,auto,1084,16,25,31,140.25
fd1b0582bafd4cc1993b5b4da2afee32,beleza_saude,health_beauty,1053,39,24,18,131.72
ebc0456c73ff45a8a1602c9c4e5b948c,brinquedos,toys,418,36,17,21,109.01
85ad2a8118ca4872ac0c078edabb22d4,automotivo,auto,1532,38,24,23,170.55
538a93977b114ac2a621db2d8af869d0,automotivo,auto,1820,25,19,23,160.21
117575db501a4829995c431e550877af,relogios_presentes,watches_gifts,1206,26,35,32,164.36
b17d73072e9443c59cc98e790c9c8feb,cool_stuff,cool_stuff,1956,31,23,26,218.53
03dbf93518e64f6488e71bc046953fad,cama_mesa_banho,bed_bath_table,1776,29,28,26,98.04
c0392a72c0f345a2a0485c7b4e9377f6,utilidades_domesticas,housewares,1751,29,20,20,69.98
06f8238828824ce9898b0dc6fb06e819,relogios_presentes,watches_gifts,701,16,12,23,216.19
790dc0391f2e4e228de18e369ae35323,bebes,baby,1282,10,32,33,145.6
2e682a16f42141c38c59674c78a440d5,cool_stuff,cool_stuff,3025,20,35,17,175.74
fee00ece59e649508515a51c490fd47c,perfumaria,perfumery,480,30,23,23,146.42
81a4d39ee9b645a4a080e1cc19f3a5e3,utilidades_domesticas,housewares,1579,24,15,31,71.93
3c576cf943124c32bb476e6aabc7e105,bebes,baby,2232,42,6,34,202.11
f8601aaea5dc43d68da922c66931079c,eletronicos,electronics,1701,35,28,22,94.56
f426282602ac4431bcc49907114f0116,ferramentas_jardim,garden_tools,448,31,23,29,172.29
277b0571e86c456b8ba4f372675ca5e9,beleza_saude,health_beauty,880,24,35,23,137.0
e5a5db7d6f584ccdb6cb685bff80656b,moveis_decoracao,furniture_decor,1446,21,32,20,103.64
337b14bcb01e438bbe2b2c8028d5ee12,brinquedos,toys,1139,10,14,17,128.52
0683768c2afd452fb8d1338941a38a3b,moveis_decoracao,furniture_decor,961,38,31,31,149.23
1ab28cfbb3044d2183b5865848bd6d1e,relogios_presentes,watches_gifts,1612,14,18,18,251.66
5205d14bc4e749caa135d24f967efdff,cama_mesa_banho,bed_bath_table,3558,34,5,22,98.06
fe63cb5ea5f64d489ccd9af6b51e6472,brinquedos,toys,1569,22,21,15,81.65
747f090e2d854ddca64f0ae02fbf3e54,automotivo,auto,2016,19,24,14,210.59
1b522596496e4f778e2167251a80136f,informatica_acessorios,computers_accessories,880,27,22,20,151.45
c3dd94709c74497397c270188108198e,esporte_lazer,sports_leisure,1960,39,26,23,110.6
b48212c6836a42869a40f8929c13b116,cool_stuff,cool_stuff,3379,39,12,25,149.92
a44d595d72554958bfb45a9882f2e2d5,telefonia,telephony,1391,17,16,39,86.58
6c36d02d80e441589b83cb1bbd7ef778,informatica_acessorios,computers_accessories,100,42,28,22,177.28
9a8895be7e81484f9679640983b8dbec,bebes,baby,812,25,31,22,64.56
4d5215f971524ad8b7bdafc2f6b8d019,cama_mesa_banho,bed_bath_table,1449,29,29,25,84.46
1259e16103d341989670bf20bf2803a2,relogios_presentes,watches_gifts,2336,31,13,34,221.62
d8e344f3efe54704a35c468e4e3f4ae9,bebes,baby,1502,31,11,20,130.13
fc2c8078a266449586e05defc1103887,automotivo,auto,1344,42,21,31,140.38
01131b3971d64060bd1a2b76e882f4b0,relogios_presentes,watches_gifts,2345,33,20,24,152.73
ac5b3420236d49dd8df915a1891ec197,cama_mesa_banho,bed_bath_table,1905,29,15,33,63.74
0d03fc31f3394b7087cfadec9ac3e5cd,perfumaria,perfumery,1162,40,22,24,132.53
2452a45c5e3f45ee8dda0404af1d43fa,moveis_decoracao,furniture_decor,1643,14,17,37,127.03
0055d1210c14413783b446c24ea503a7,brinquedos,toys,1245,24,19,20,124.6
7b86b900c4f04313be8ee539c119b269,informatica_acessorios,computers_accessories,1657,37,11,22,134.84
1abfd70dba164cb1bf2f0118af909145,perfumaria,perfumery,1864,22,27,34,95.33
f96a059dcc9044d1b43f457b9657dee6,utilidades_domesticas,housewares,1107,24,41,21,118.55
2a00ca7723a84c509f1536bee27155be,bebes,baby,486,20,14,18,120.62
715a75db711a4e38b6be572c18fc6fd9,automotivo,auto,932,21,29,34,177.97
de6a5120dd4449cea92aded8d3a93dac,perfumaria,perfumery,1919,30,16,17,135.89
70c18595e23743e0a0b73e83352ae2cc,bebes,baby,561,20,29,40,143.77
496211c998cf433cb9098b8ba75fd733,brinquedos,toys,2385,27,9,29,127.08
587445353fb04a7a9c40bd391721dea7,brinquedos,toys,1557,27,27,17,86.79
9847c99b57c24752bd69f28e26d36de9,cool_stuff,cool_stuff,693,30,11,19,133.24
baf197edaafb45faa064c702b28d5dc9,cool_stuff,cool_stuff,1291,15,20,34,171.1
7b15d834e4a64ab6990c97fd4525cc9b,automotivo,auto,2733,43,26,25,140.9
fcd773ca0097443583c5d420b8acd5e3,beleza_saude,health_beauty,2111,26,5,28,90.41
b554d73780e643ea808167304464e41a,brinquedos,toys,730,30,19,13,114.96
9283917509f54bbab743e01b2944e890,eletronicos,electronics,2272,18,30,12,142.93
20bb2795d84e4d5db4d21a192c423f5f,cool_stuff,cool_stuff,1170,31,5,24,175.28
d3ed894625634dff89abc6dd0bc10c59,bebes,baby,1431,24,12,34,131.08
89c48f7df0a543ecb65ac49703f19be0,ferramentas_jardim,garden_tools,2732,24,16,31,78.2
cd6c10aff028461aabb1435be19dda22,moveis_decoracao,furniture_decor,529,40,10,10,253.43
d65bb073bfa5444197c4c6c7b097eaa6,beleza_saude,health_beauty,384,31,20,10,120.64
1ba4b664f9924169bfee971a8acbdb6f,esporte_lazer,sports_leisure,1858,33,27,21,136.38
130b1cab67ba42a29b3ef0fde6624a0e,moveis_decoracao,furniture_decor,948,15,9,13,210.48
97c221da1cbb4c958de95b324f0a9bc5,ferramentas_jardim,garden_tools,288,32,17,24,182.73
a7d55d2cccd34d378599deee454db16e,perfumaria,perfumery,1149,36,20,23,194.0
36743f065c3c468e92b9665d0687ca07,moveis_decoracao,furniture_decor,346,42,25,21,241.47
1eab80ea35f24b4a9718cb6feb1562d3,eletronicos,electronics,100,24,10,28,62.17
aefdaab5ca9f4268b6e14c269312ef39,relogios_presentes,watches_gifts,1846,28,16,28,193.88
d825ccc21b5f48d0a9be2dfdcf2c6efe,relogios_presentes,watches_gifts,629,58,16,10,159.47
422782e7615442789e3fe4bf81b1100b,beleza_saude,health_beauty,486,38,22,28,117.05
ba5dda0173404606bce88087fb3d2635,esporte_lazer,sports_leisure,1276,26,19,31,125.08
7e4b4931a9f24dcd8da4a8625ff5d884,bebes,baby,1900,34,27,27,142.56
0849ebd63d2c4d0c994865f815fe4ce3,esporte_lazer,sports_leisure,2451,23,13,15,120.49
d6a501b273da44228805758ff2395bce,brinquedos,toys,100,34,19,34,89.84
1c75af43e9dd44e29b390be92a101ca4,cool_stuff,cool_stuff,1337,41,31,19,173.18
364fb964c01246d095f131d21a628bc8,utilidades_domesticas,housewares,1735,33,17,35,47.21
b72fab10e7da4e57a47bde204d0b62b0,cama_mesa_banho,bed_bath_table,1163,34,23,35,124.96
160995cff2024e3ca03e217c4b0c1de7,esporte_lazer,sports_leisure,1271,42,14,32,169.32
b11d6e34b8cf45e59ac86d8c8a832dfe,ferramentas_jardim,garden_tools,2471,31,17,12,145.87
5dccd05d9af24ba5a5a1211fae35ef78,cool_stuff,cool_stuff,607,22,10,21,163.74
7299c7115cb94b69ae8cd17b82c77b7e,beleza_saude,health_beauty,1718,23,28,23,102.43
17813ee1de27465e885f3716dfefff1e,cama_mesa_banho,bed_bath_table,1681,49,22,22,56.81
f1d0b949055345fb84e7bcfdb3e8f72f,ferramentas_jardim,garden_tools,1324,32,16,11,105.23
2c680e343a404c27b3c54ff0e0ac21a4,automotivo,auto,2663,44,12,30,92.86
1a94b70142814ae29935e5350d40a230,informatica_acessorios,computers_accessories,2623,32,27,11,175.49
eaedc75036c54c51a2a7a842f0b62613,utilidades_domesticas,housewares,1493,38,27,25,72.98
68c94ee21106494eb5b96a645d6db800,utilidades_domesticas,housewares,2123,29,13,17,55.46
24ed4a16578445a4830a133ed9db2320,telefonia,telephony,1091,41,21,20,91.1
deeb7e343cab4b20846f59dd802a0c4d,relogios_presentes,watches_gifts,834,30,18,31,115.37
9a55c4ed55f645e7bfad0003982590e2,esporte_lazer,sports_leisure,819,13,17,34,99.84
d604fedaf0b64d7b9446ed53720d1aad,relogios_presentes,watches_gifts,1091,38,28,24,251.08
e1f85383bef94f4db68a7f7584afe6fb,moveis_decoracao,furniture_decor,638,43,37,29,55.78
520931e5ddb646cf94eeb00fcb8fb60e,ferramentas_jardim,garden_tools,1053,36,16,35,155.59
557208f2b8264ba0afdf7656ac58c361,relogios_presentes,watches_gifts,934,30,12,23,176.72
4c9dcff57890432ca9fdb913db1b5ba9,perfumaria,perfumery,2439,51,8,10,117.64
5c0806309b064f4dad585bf376e073fa,brinquedos,toys,285,30,25,36,116.04
0128746085b845929d298fd5cb235173,brinquedos,toys,1345,10,20,25,129.17
00279300f7214b7db72908d6cefe30b8,cama_mesa_banho,bed_bath_table,933,25,8,10,67.29
a29ccbd658244867a325878c950cbca7,eletronicos,electronics,243,33,15,20,65.39
f4f3b25f21e347bcbc92f38e3bd142c3,beleza_saude,health_beauty,100,45,11,21,79.08
7a7abc1440974e6095d527e41c8a1e4c,esporte_lazer,sports_leisure,2277,31,13,21,165.35
02e6cfee3ecb4689a80607e3e694d292,esporte_lazer,sports_leisure,1441,28,12,10,110.2
22ae64b326f0425a8526c8951d00b9b0,perfumaria,perfumery,1760,40,5,15,107.58
5f44e0d8556f4903a3af0aeea9f61a9b,brinquedos,toys,1497,28,19,28,82.9
d9e6fb85e4b04fffb14e103018855fb3,beleza_saude,health_beauty,2247,34,17,37,184.47
6fbd375208e5409ba3f1003a686f283d,cool_stuff,cool_stuff,2246,10,32,31,255.29
055f9517dd5242708973d67613dbe947,cama_mesa_banho,bed_bath_table,2489,45,27,35,144.85
855a565c45b7423ba2445ccbb6377c53,moveis_decoracao,furniture_decor,1673,14,17,28,163.74
2cc7beb6144d427bba1616ae6ec18da7,telefonia,telephony,502,13,14,31,106.61
f43bf99526cb4cbcb79032ba7ff85e2e,cool_stuff,cool_stuff,2233,40,19,11,144.52
bb5dcc94651744a38a27d784694dd40b,utilidades_domesticas,housewares,1292,25,20,28,102.06
026b51b51c1f42d6bb38f42c02d4446e,telefonia,telephony,1277,10,16,25,99.46
d6fd02984309427bacd98134682e8b8b,brinquedos,toys,1045,35,22,25,137.92
1ad7b9fc202f4023b7848e5723ea025c,telefonia,telephony,971,24,19,19,85.16
295f34565df645d3804644f9feeef5f1,utilidades_domesticas,housewares,929,32,19,26,75.81
8b31c1da07a9479583b13564e2cea6e8,moveis_decoracao,furniture_decor,1228,30,21,24,245.27
0edda5ebe3db4121bc78efb06beb10e6,informatica_acessorios,computers_accessories,707,29,7,27,94.81
397aed9e74734e818165c7d903b4753d,perfumaria,perfumery,1277,26,22,20,107.14
76f5c80d68a041e285b2afc9e9870149,automotivo,auto,2648,32,15,22,205.81
2b1dbb0b38b7444db16238164fdc3cea,cama_mesa_banho,bed_bath_table,1311,23,14,20,80.14
f854db64065248b7989cfa8fc0ba71f4,relogios_presentes,watches_gifts,476,18,13,29,187.13
4ea7fe77f62a4daaba2f2ca5045d3151,utilidades_domesticas,housewares,1334,42,30,22,72.38
82a186abe2c940ec9f49996b64cd424c,cama_mesa_banho,bed_bath_table,808,36,18,21,74.66
863bec8309164361aefd20f1d4bd3b40,moveis_decoracao,furniture_decor,884,33,9,32,133.31
6577475190bb4eff8203c4e0ec809d64,cool_stuff,cool_stuff,1380,16,19,22,162.75
a0851e55ed3d4525885cd66cb810d57a,cool_stuff,cool_stuff,2677,31,13,19,191.78
1a6f391cfa984f61a8f8f9a230a68ea3,brinquedos,toys,2538,32,25,29,152.57
6e4cddabd19f4f22a0a0db274d628c19,telefonia,telephony,100,36,27,14,57.29
6ea96d1311e34c63a0d04f89f71ed42e,automotivo,auto,819,22,16,26,174.63
548f06afd2d64dd788e7e706b7ca66ff,cool_stuff,cool_stuff,2365,21,13,35,194.1
a2e9e22e3fe44943a5a2bcaadf903b30,moveis_decoracao,furniture_decor,1566,34,19,29,143.2
135a6cf0c43a4fe491e2915f6b35ff86,beleza_saude,health_beauty,1715,14,14,19,116.9
85ae4736e6394f56a33c9670f1209c2e,informatica_acessorios,computers_accessories,758,24,7,29,141.29
f5c35d6485b84a2d83dd87a2df41c137,utilidades_domesticas,housewares,135,21,22,20,71.06
d385b2b86d204bc8865bcbf1bb870c4c,brinquedos,toys,1440,33,8,29,85.99
ffaeb5fed6e54c0eb3365afcba4d8e68,beleza_saude,health_beauty,1485,29,15,16,120.0
7afdfb6973c846dcb4dc03b4f5719925,beleza_saude,health_beauty,2800,16,33,22,131.24
94ccadbb964f4608a505853443408bc3,informatica_acessorios,computers_accessories,630,22,15,16,135.6
0c9260cb2bf94ec7898c4fb149155d73,moveis_decoracao,furniture_decor,1174,48,10,25,172.39
adfb11997c834b6d935f3f2fb9c6e4ed,informatica_acessorios,computers_accessories,643,36,16,10,174.69
d1082c86873a4e98a1db0a11199887f4,perfumaria,perfumery,606,19,25,22,152.53
e483e910320f4ac3ad71068e6d008ef3,esporte_lazer,sports_leisure,2468,23,26,18,181.99
6e9ea98425a9487799c73eeb97c6bd79,perfumaria,perfumery,945,40,26,27,104.88
6da10008e64f4912a3aa3c1b0d5f020f,moveis_decoracao,furniture_decor,1378,10,21,27,166.67
b5044cd443dc4db2b41601c534f9a717,moveis_decoracao,furniture_decor,100,17,14,27,174.47
3d3077f349864e159094a88d1fa5f02d,relogios_presentes,watches_gifts,1363,36,11,29,238.48
0640207bfd2744e2ad844824181a302d,cama_mesa_banho,bed_bath_table,1802,28,34,28,70.79
cc36b328e39d4645b46d32a8e72fb1b0,beleza_saude,health_beauty,1698,37,15,33,143.37
5aeb330458714611876782b26f6ae4ca,telefonia,telephony,100,32,16,29,93.88
4aa886364d0b4b19ad0e03867e3d3573,ferramentas_jardim,garden_tools,1656,46,18,29,163.17
0cf3964af6284ffe8cb2ce70818eb5b0,utilidades_domesticas,housewares,1422,37,15,21,58.75
a4f55486e62b4c3d97200b7e69786b37,esporte_lazer,sports_leisure,1693,33,29,31,106.46
5e9ef14c230e4ab7b3de9a4cf721195c,esporte_lazer,sports_leisure,557,34,28,31,147.53
6784aaaade2b45999657c1adccfb5db6,utilidades_domesticas,housewares,1330,25,14,24,83.43
e5a7d94726964eb1ac786ac7a2411973,automotivo,auto,1665,28,18,18,177.66
1b2d5d1852f54dc091db02180808d4b9,ferramentas_jardim,garden_tools,1561,28,14,14,180.78
98d1339f437045b38db281a2a446cc81,informatica_acessorios,computers_accessories,1943,13,26,32,150.6
828374fc48704ddc9c88cc9b0ad4c5c9,automotivo,auto,2778,32,8,27,149.8
ca13b92ef29041009872d2f7d13a1a49,automotivo,auto,1017,35,6,32,104.88
e3f7752311934ccab315e4250cac0eaf,bebes,baby,712,28,23,26,104.01
10acfc43d506483f9c7d6499e28c803d,cool_stuff,cool_stuff,1095,18,18,33,164.81
54c79e9bda0140e59591a2de7bf1096d,perfumaria,perfumery,2187,44,15,23,190.14
36c75969623d4663a40f83231907d963,relogios_presentes,watches_gifts,2655,13,23,25,259.59
00d29e677f384bde9f4e16eec926945b,cama_mesa_banho,bed_bath_table,904,21,14,20,115.38
a4b61944ebc9430ab23ec52a0aaaec92,utilidades_domesticas,housewares,555,23,5,33,110.42
07ddd142049d452ab2c8ca9ec2327ad7,bebes,baby,1238,27,23,36,144.3
47ad1f17ba7342d191c6952af37f16b9,ferramentas_jardim,garden_tools,941,13,11,25,112.06
aa626b4f768a4c189064366ff44764c0,beleza_saude,health_beauty,1655,24,11,15,184.68
c12c00064f5d48d590335ebd166cfac1,utilidades_domesticas,housewares,2211,47,24,21,111.47
db3b9a0ff8e542aa8e4531fd4b68502e,beleza_saude,health_beauty,1473,32,19,10,186.17
1be12dd9b7cb46e3b7364a4b63a4dfde,telefonia,telephony,1892,33,19,26,63.05
b4f9808fbde4468d96ac242cde590ac4,eletronicos,electronics,1993,16,21,29,85.03
a8121041ea4845d786b30aa67d43617c,cama_mesa_banho,bed_bath_table,1796,20,12,26,111.96
4fae145dbad94590884a4bd3a3669451,bebes,baby,100,35,15,23,83.12
f71af02e1d124cc98c51fc0d8298ec59,relogios_presentes,watches_gifts,818,39,20,21,203.01
81f70954cbe4444d95d72ab7f6b5cc54,brinquedos,toys,1891,34,19,33,139.11
08a64a60498241198f01ce716b4ea80d,utilidades_domesticas,housewares,1830,30,25,27,106.22
ba889b4633264c9dba00be6e07002f72,brinquedos,toys,2219,19,11,19,139.28
4e1e9af029c64a78bfc254a4e2467a17,utilidades_domesticas,housewares,238,33,22,34,88.61
4891d7b5db1940738530fd973b55f7cd,ferramentas_jardim,garden_tools,425,20,10,20,128.6
e9913473ccf6426084a74cd58e99dbec,cool_stuff,cool_stuff,567,44,9,35,218.33
29cae0453177494db739ef57fee43de6,utilidades_domesticas,housewares,2218,23,22,14,103.22
9f286611d8154b0eaa580d469f082dee,moveis_decoracao,furniture_decor,1440,25,10,10,108.07
b5504e05bea6467b91ec42b52ffed0a3,cama_mesa_banho,bed_bath_table,2390,25,18,30,140.14
a5cc752d51084ee38499606006ab3bd9,utilidades_domesticas,housewares,2560,20,5,43,130.38
84ef3c82229a4e20ac9b4bb23a8d4917,beleza_saude,health_beauty,1650,17,27,24,126.05
05b668ef0e6a40feb0587ae9c71f7a4a,relogios_presentes,watches_gifts,2215,33,10,22,249.67
43ee1ef2530f4f0580a8c2e5dde858de,esporte_lazer,sports_leisure,1908,32,27,22,120.36
d564fcd23b994147ad4d6f66cd330460,perfumaria,perfumery,100,25,26,21,111.01
6ca5f8910049456da018ddb1048aff07,brinquedos,toys,666,40,24,31,58.21
bd07e3b122bb4558b9b71eae4be60ebf,telefonia,telephony,1371,27,17,20,68.08
9d9fdd8ffb9c4896accdbac3bc0f8fa5,bebes,baby,2179,10,34,28,128.52
a1ffa9ecaf644eb286460ce40642296d,ferramentas_jardim,garden_tools,2225,15,14,24,182.79
3a2942a4b1ab43b09cb5185589002f31,eletronicos,electronics,1462,34,15,28,131.93
35074a1b91e44fc8b97c67e34ca3b47c,relogios_presentes,watches_gifts,2296,29,25,29,240.4
a1862e1d6d43408197c60fbf68866285,cama_mesa_banho,bed_bath_table,2389,41,18,30,85.42
eb7526e0c67c4bc9ac08cb80ca67bd2d,utilidades_domesticas,housewares,761,27,19,11,102.21
afedc74ea3424dd18c52e0b29c803297,bebes,baby,100,57,32,22,130.33
1f6bd111841b4f2989c23af32fa893e3,cama_mesa_banho,bed_bath_table,1742,24,21,23,92.64
c20448cd5e75480fbc3b4fd5f391b3d3,informatica_acessorios,computers_accessories,1645,16,20,26,150.8
bf2ffad1f9e24a6badaa5578ddb159ac,utilidades_domesticas,housewares,1327,41,17,26,110.95
d5fe072b9a3d4dd4b6791a3e74f255d3,brinquedos,toys,1436,32,19,34,102.27
9e472a6721d34c29b485ea54e6987343,utilidades_domesticas,housewares,2526,28,13,30,78.91
deda16ec7d864a16b5bbd255d56db2e7,automotivo,auto,1996,10,20,21,97.47
0d8a4c25687646d2ac0f766497e92cec,cama_mesa_banho,bed_bath_table,1057,24,19,14,102.91
6c75706bd19349da8765e7e9e114aa9d,utilidades_domesticas,housewares,2592,32,26,33,109.73
7962a5496c7847f4bc4e4a62cd94c8f9,bebes,baby,2996,25,14,31,154.79
2376c2168ba74ad9adc65820a03a4513,moveis_decoracao,furniture_decor,2120,48,20,28,110.98
81a5b2e744d044c898f79b18061ba637,ferramentas_jardim,garden_tools,3208,26,17,22,112.43
adcff5f90aea49179c827e9c5acae3e4,relogios_presentes,watches_gifts,916,24,9,18,326.94
f5d58c6fbbe94642bd03864ec7cd90ce,informatica_acessorios,computers_accessories,2088,39,29,39,65.29
e5e1298318ae483aad34ad3df16a101d,relogios_presentes,watches_gifts,516,21,16,22,183.18
536bf4e4b0464459884d062378ff80cf,perfumaria,perfumery,1675,30,14,10,95.21
ac62e2e557824ab0840afdffabbe351a,esporte_lazer,sports_leisure,1060,27,10,21,81.07
a984c05507214651bbfb8e63df2e70cd,cama_mesa_banho,bed_bath_table,1399,19,13,14,91.16
b7a378eb18e74381b9099dbd1fb901b0,automotivo,auto,806,39,23,24,108.1
8b12285d8e594e9aa3b1a41402ffcc9b,cool_stuff,cool_stuff,1804,36,21,37,185.68
e7d55654aeac40089e984d9f0c23d676,cama_mesa_banho,bed_bath_table,2230,31,25,18,83.54
dcb1014a323e4576a0b0b6cf438d6ba1,automotivo,auto,1779,33,24,33,83.0
3a462977726945ee8da210e25179eaa1,automotivo,auto,720,32,14,52,160.63
a9f9e7ff4c6647a2b44d5c49ed605be8,informatica_acessorios,computers_accessories,1437,24,16,25,150.04
0f5e2f4705384b5293c0a2f12c00cbe7,eletronicos,electronics,1134,27,30,36,96.3
67f7b278962e46f7b0da8761ef81c055,perfumaria,perfumery,426,35,32,35,147.03
afc6db9182374d0e9d114b843d4063d2,relogios_presentes,watches_gifts,2637,30,25,19,227.54
84b94db85f63467fb0ee414521b9aa8b,relogios_presentes,watches_gifts,2563,24,13,25,196.4
0b62afafc5cc467b9e2197d5b3ddd833,ferramentas_jardim,garden_tools,2019,25,33,14,178.88
f6870c9a1cbd4017a8875a7d6115e3aa,bebes,baby,888,12,21,22,91.16
be4e3da0014c437fbba14b35245ee650,cool_stuff,cool_stuff,154,29,27,29,167.55
e7a01a390ab649ff970b155ff224cd6f,bebes,baby,1883,29,8,13,122.89
da380a499b79417585e7aed9eda99c19,esporte_lazer,sports_leisure,1371,38,26,29,106.59
e6b6167b498d4d8daef7b29dcddc93e9,informatica_acessorios,computers_accessories,395,34,24,10,107.45
2f2380345a0a454fb9675f970196017c,cama_mesa_banho,bed_bath_table,947,31,13,24,89.74
478f6622b30d41a597f652956c7d538a,esporte_lazer,sports_leisure,1372,22,14,16,126.4
47f2a52c2e284a5bb6f1979f8d78d2c8,moveis_decoracao,furniture_decor,1956,22,32,22,236.51
37ff652089144bf092e69910e14a3ef1,informatica_acessorios,computers_accessories,986,10,23,26,146.55
f7331815e0f34d0b8d55cbaeab0a8bf4,esporte_lazer,sports_leisure,986,29,15,22,140.25
925c3d6a78a14d23998182578be7e847,brinquedos,toys,1647,36,18,22,75.4
bed525268c9941ba987c82cb11b9f54d,esporte_lazer,sports_leisure,1203,10,15,24,131.91
1c1aa5b87cc94eba87a7dff57f52f035,perfumaria,perfumery,1285,33,5,24,74.61
f1cebbb9956f41e89de99b6c4179e6ac,perfumaria,perfumery,533,28,30,27,125.55
149bb8f20b82459aad84be3ec6aa27fe,cool_stuff,cool_stuff,1484,22,15,28,102.66
5fa3554d52144073aca60b88e63a3593,cama_mesa_banho,bed_bath_table,1974,26,26,32,53.17
06ded5ebeb004090b09ea8fb9065c37c,esporte_lazer,sports_leisure,1034,21,5,16,188.24
212a488d713645fdbcec954082da46c4,perfumaria,perfumery,1987,49,26,19,113.55
be4c464544154b5db165a083dae4fede,cool_stuff,cool_stuff,1970,34,15,12,312.95
2c43f9e1aac740aaad0039d112d1f1ec,telefonia,telephony,1387,26,20,23,77.45
0d8ebd88e2a5440d84a3665e1ba96a75,telefonia,telephony,2529,28,10,23,65.71
de6b82de8a8b4f5f9a596d3e81108540,perfumaria,perfumery,2639,41,20,14,88.22
e1f6fd76ee1c41ee8dedf78b7fdf1788,brinquedos,toys,1512,33,17,21,92.22
48a2ed3c0b5142db9ee2f54427ac008c,perfumaria,perfumery,1481,10,11,19,161.23
8aa5dc05993d4c1aa3c50c528a82ace3,brinquedos,toys,848,31,21,35,147.88
bd1a24bdd6f44de69d4e1e69af1754fd,telefonia,telephony,1453,25,14,23,66.32
bf45559cecc74e33a2d429e7df43d5c6,cool_stuff,cool_stuff,1942,34,24,35,248.83
54126b343678419fab339359ab44ecc1,eletronicos,electronics,1599,40,17,34,116.54
e0479c73de354f08b0f47093f841bb59,eletronicos,electronics,2306,30,14,13,89.0
ea5a71b837ad4cb5a1229b321e6d1360,brinquedos,toys,2726,26,26,31,101.49
4bc7d6ea27484a2f95142f0bfaae9e26,cool_stuff,cool_stuff,2553,10,10,17,128.11
9d05ef44979e4060943d04c5f4ebf8af,cool_stuff,cool_stuff,1769,32,23,29,122.25
9cfe7c8b97b34ee4ace38f88af4d8765,brinquedos,toys,525,33,14,12,139.14
1b7a1ef8069d4e7492ab536c47d4ee38,relogios_presentes,watches_gifts,2616,45,21,30,292.19
00c76d00de564efb882e9045634a42fe,bebes,baby,986,41,22,32,136.51
a3cca545f248424799378d80c375b082,cool_stuff,cool_stuff,2537,32,8,36,122.36
f754904050eb41d0857911c5e02adf30,relogios_presentes,watches_gifts,2502,29,29,34,235.81
0619ad5fd9854223a52cb655ca65986f,esporte_lazer,sports_leisure,1906,34,5,25,81.52
454a0b55c2a448d4bc0250ddec23368b,telefonia,telephony,1636,18,10,37,96.39
b9a9fcf82f224e4f8c855e76d6016f6a,cama_mesa_banho,bed_bath_table,1496,31,18,29,78.1
faf78075c6594eadb1e9b234f347e281,telefonia,telephony,2294,27,16,25,63.18
ec9bafe54553424e964352c5adf4a9a2,telefonia,telephony,1762,24,23,34,60.61
a0574cf83e6c4d0ea8f5f9922d33b291,cool_stuff,cool_stuff,1395,34,16,28,189.99
000da606169d4fdbaaa626119769746d,moveis_decoracao,furniture_decor,2366,23,12,22,111.61
dddabeaab2d34f899c51bc0198d216a3,perfumaria,perfumery,1951,18,38,35,125.38
0bc22c7998be42dcbfe0441ba823bbef,moveis_decoracao,furniture_decor,2193,13,40,20,153.98
ff068f1a47d84164bf0f284d203688c4,brinquedos,toys,100,34,11,25,93.67
9ee9a389266d41bd98cb5b26090e5567,beleza_saude,health_beauty,637,21,21,14,103.79
f8f66551dadd48ba93a18bb024ea00b1,relogios_presentes,watches_gifts,2030,56,23,17,187.97
5876f6d6173f44debac4a7430e9e139b,automotivo,auto,1525,26,27,26,176.31
84175dbc35cf45eb8e1ccf1ba5b76983,cama_mesa_banho,bed_bath_table,1248,43,18,17,149.43
d225fffbbe074218b9d9a7f49808477f,moveis_decoracao,furniture_decor,100,22,14,45,250.34
f020a28973514d1f8ac6850ab5c47761,telefonia,telephony,2695,26,39,27,94.55
771eed76383c4883a2b96cfdfa47df16,telefonia,telephony,1643,29,17,23,87.17
a6c4a7801b4146ca9af2ff29ef3762b4,beleza_saude,health_beauty,1793,29,32,10,147.85
c431c09468064802bb5a297aed8662f0,beleza_saude,health_beauty,2074,41,19,26,164.51
6a225c1abca14494adc39a40f29d208b,relogios_presentes,watches_gifts,2692,26,22,38,82.56
f8b3299ed04149c7be8eca683e471b76,bebes,baby,947,44,28,29,114.3
2ccfb232fbee4469badbdc5475ef427d,moveis_decoracao,furniture_decor,794,24,32,19,165.07
995e4509956148678e97ea36aab53576,cama_mesa_banho,bed_bath_table,897,38,15,24,52.92
14e27d3aabb942c5abaf6182220d789a,cool_stuff,cool_stuff,209,30,9,41,72.23
610cf52a5aa14af3b530206ed5eedae3,bebes,baby,859,30,17,16,96.47
a1b0a14232c44ec4870464344df3b0a6,bebes,baby,707,27,35,25,171.4
781840d2d1374711967247327a31167c,cama_mesa_banho,bed_bath_table,1905,41,5,22,127.68
8c5b6b7341e1484da514e51b114aec63,brinquedos,toys,1042,47,31,21,94.91
03000b66711e495ab6709d42b5565bef,brinquedos,toys,689,23,10,28,66.32
04bc8e7358ff4cc28c8dd4c1d495fad0,automotivo,auto,1982,36,6,37,160.54
11825f86329c443cb0a952919b787e14,utilidades_domesticas,housewares,2099,22,24,34,83.03
019c24bb0f1a4eb1a9fa9964ce2da5f9,telefonia,telephony,3101,30,29,27,86.71
b9e46db392e74577a3cf8b9350f5541c,brinquedos,toys,162,33,14,18,162.32
6ce2f677663c495b9995ceeec298b7f3,automotivo,auto,1328,19,17,14,197.36
e603dbabd2014ff9bd09f1e897cb6b5a,perfumaria,perfumery,943,35,30,20,140.96
d594bd4673044830b9773835e43643e8,ferramentas_jardim,garden_tools,675,54,27,23,107.95
56c60ab40e534137b2836770c461f57d,eletronicos,electronics,1408,26,35,15,93.37
76a350944345435897251ef5902fb2f6,beleza_saude,health_beauty,1485,28,19,24,160.56
7f2f9d424bdd47999bc05270779c28dd,telefonia,telephony,1987,34,5,27,41.89
94c1b37a6b224ad1bccb0942332c9b1b,eletronicos,electronics,2017,44,12,22,75.02
61496eaaed4e454491edcc77cc98ceb2,perfumaria,perfumery,2488,30,33,28,132.27
82c69a6abb5f408cb6911f72cef1c6d5,brinquedos,toys,1554,38,6,25,107.9
6f2a9876e2de45f08a081f01f867d55d,cool_stuff,cool_stuff,2080,28,11,25,116.27
6e2b0ec627f74191a78ee22033965b6f,informatica_acessorios,computers_accessories,100,37,24,28,203.63
6426e182127045ec8c1aabd1f530f6ab,relogios_presentes,watches_gifts,967,15,19,22,159.46
85d7dce116044426ac60b1ddfe5249eb,brinquedos,toys,1436,23,5,21,75.91
6a23459176a44e5983b8d1eb8bd45f34,telefonia,telephony,1685,23,28,37,88.59
315c5bc6427041679a92cff98b61d011,automotivo,auto,259,45,32,25,192.92
66082edfdbd744aeabd1272365238820,esporte_lazer,sports_leisure,1058,11,13,38,70.27
a429cd1b871b44b5ae221d95a4b2058a,beleza_saude,health_beauty,1499,30,15,21,132.53
640b21fa616449eba73171f359505f5e,telefonia,telephony,1050,15,21,33,92.39
4633c976036f4b54aace2fcb1d5dcb10,cama_mesa_banho,bed_bath_table,852,17,17,37,111.14
878f9efb91a542cabcdb82279ef400a9,perfumaria,perfumery,2063,38,23,25,144.87
b4c5c205c4334e2ba567a68473e913cc,eletronicos,electronics,1063,15,25,34,62.04
ae021560a6eb4443a8a138c54ae37d5b,bebes,baby,2157,46,19,18,134.31
165639cf278e4b23b7d1219b1ca4dc09,relogios_presentes,watches_gifts,1059,23,23,12,123.36
bbc28f96583b472a834521ece200d9a5,ferramentas_jardim,garden_tools,1515,29,22,40,138.66
035f58ffaf994750ba2296f131ab74c9,cama_mesa_banho,bed_bath_table,1978,20,26,20,96.79
8e7c7587a4a64a038a66fb4ae10c22f0,automotivo,auto,1412,40,9,10,131.46
e0e485004e4247e9b663aacc5a64df78,cool_stuff,cool_stuff,1874,31,29,28,139.63
531d11cf0c0c46e29a4e91fa036a7bde,esporte_lazer,sports_leisure,100,27,28,21,115.85
e4d12e40801643ada26bd09807bde6f4,beleza_saude,health_beauty,1837,19,24,38,123.95
ccd20fe055a242b6a94912a11d94ad36,informatica_acessorios,computers_accessories,596,29,5,27,165.35
865dde66d8d343c580736159a18f36de,ferramentas_jardim,garden_tools,2840,28,23,18,122.53
bf7bffd78390497f9867cce3e3aa1fe7,telefonia,telephony,279,28,17,27,62.53
8c3f7ec5f9fc4010b0d4a720f24d1f01,telefonia,telephony,1566,26,17,25,75.81
9ed6d1d80dc54927a8b74de85e8c72d0,automotivo,auto,2108,28,17,23,111.41
0f271d97ac214e1c931c93f64f9ddc96,automotivo,auto,1212,50,12,22,124.5
58d6aaaca6ca4fee9d144bf0bb020f37,brinquedos,toys,1302,26,22,11,141.12
2851fa3b99994c36afce6bb46b2fb159,esporte_lazer,sports_leisure,2006,17,5,17,107.72
0551ad1ba7934378ad7eb0f14fce605c,relogios_presentes,watches_gifts,3564,35,5,19,206.81
4506438d2f3049ec86ecc8e9e9f79c1c,relogios_presentes,watches_gifts,1702,16,18,19,143.77
700c5a6c504448b69049ee3598c41806,eletronicos,electronics,1707,37,26,29,77.57
3513092f378a43848784a281c49e5a57,moveis_decoracao,furniture_decor,2071,33,21,20,135.16
ac2f50561a1e48a197534d6b720b2aee,utilidades_domesticas,housewares,1559,54,22,20,68.35
b6539173f2fc4f0a91846082da28a50a,utilidades_domesticas,housewares,1106,51,16,32,77.48
4ae3bf7dc6d943bf8a1709363233ebe9,perfumaria,perfumery,1708,37,15,19,174.77
1fb748fa9134478c9d615857d9586375,relogios_presentes,watches_gifts,2287,37,26,28,331.07
22fccb6b0be3405cabeccd6e80ef5696,cool_stuff,cool_stuff,1535,35,8,18,110.96
fcdb223d4a2d4488bf55f940de9aba2c,brinquedos,toys,2519,10,16,10,85.06
fbfbba526dc246ab9018397d0f470fd5,beleza_saude,health_beauty,1107,43,23,18,167.31
a59690dd518e4f6ebe27977b3d4f2c7b,perfumaria,perfumery,1514,30,10,17,100.25
3688c9ae45b84c2c87aa5b0ee19bca4e,cool_stuff,cool_stuff,1537,30,32,28,43.16
33fa00cb9bdb490d80b414e79df2484d,cool_stuff,cool_stuff,1710,15,12,18,135.15
7323580e7e9043ae8c7e81b3c58a08dd,relogios_presentes,watches_gifts,399,32,8,27,344.22
b5c2e1b972574f4a8609f620876f5737,cama_mesa_banho,bed_bath_table,436,27,5,22,111.07
770c717fc01c478d9d3366a58055f7da,relogios_presentes,watches_gifts,2076,30,27,45,312.74
9140e825d13e445eb1093685bbfe4fa3,cama_mesa_banho,bed_bath_table,1081,15,16,17,106.28
e512680805d54ee48e8676f5f7ff8689,automotivo,auto,555,29,26,24,102.15
6b7a7353bf2840488612833d382c0e41,cool_stuff,cool_stuff,2439,11,17,24,165.72
1ef6cb7902a945778f9f29dd73c323c1,utilidades_domesticas,housewares,1644,36,19,22,76.85
d8399ed5b92041d785d16af9372d9df4,moveis_decoracao,furniture_decor,1010,37,14,31,160.95
8285951d781548d38cc7ebe975fe72f0,moveis_decoracao,furniture_decor,1082,36,14,30,170.64
82a4f37508754ead851bce69d80c083d,ferramentas_jardim,garden_tools,1022,35,24,34,168.82
0af220da4d5c4c379af60bcc5b792d36,bebes,baby,1893,18,39,13,163.22
ed7ccecc963a4a879e9a288493767895,cool_stuff,cool_stuff,1845,18,19,24,223.75
9b7b333abf9d423f90ad28d41530ccc8,eletronicos,electronics,929,27,5,38,63.24
6d2d617cf2614be298925e73a3388e29,brinquedos,toys,1761,28,19,31,160.14
acc94153055b4066ac0df57ea3199ad1,bebes,baby,1701,36,22,33,113.8
ad65c3ea998b45b1be31b928be64ba68,esporte_lazer,sports_leisure,2360,41,28,19,109.95
408da9ab90064085915cc46823df2d11,relogios_presentes,watches_gifts,1691,16,32,24,227.04
151e7912c78948e1af6badd8ae6d1928,cama_mesa_banho,bed_bath_table,1038,16,15,26,111.84
219f4c7c9bdf4e0bbe9d32cb4cc20237,brinquedos,toys,1629,33,17,28,154.48
61a36b71862c4a55b42187166d181823,cool_stuff,cool_stuff,2063,38,22,12,117.99
fd3e1231fc8548da9d3222d1e37b0538,esporte_lazer,sports_leisure,1863,29,23,38,136.78
fcaaad766eae48c18a864d22a8bc3304,eletronicos,electronics,2507,30,13,24,69.88
2b50852ad460463c81a6f4a63c602595,relogios_presentes,watches_gifts,2746,37,24,34,88.8
215b3f04de214c8aa409e3a757d4d914,moveis_decoracao,furniture_decor,1970,16,19,22,193.09
0cfaed787c5c44a08c418e69b7a3e1d5,cool_stuff,cool_stuff,1682,43,15,30,172.3
e07c0333412e402b804745d4e839aa65,ferramentas_jardim,garden_tools,191,20,18,33,151.23
d3c3c489dc02460ebe577a9ea798b443,cool_stuff,cool_stuff,565,28,36,25,150.27
86f196e1509f4b25907a57b3cf555140,utilidades_domesticas,housewares,1893,37,16,29,78.42
2112e407872f466ab354bfab4e335477,esporte_lazer,sports_leisure,2075,31,23,18,90.36
ffdfa59d0470466ab606c81482d6f0c9,brinquedos,toys,2256,29,22,22,136.96
450ae72e6a1d42e2a37a6fadc6917e06,ferramentas_jardim,garden_tools,1013,28,26,34,116.67
54f0338219204aa888eeb768d9360db3,cama_mesa_banho,bed_bath_table,3067,33,11,27,85.43
e7ee0f0253834d82bbf99aaf67d36888,moveis_decoracao,furniture_decor,1847,29,20,17,209.5
bf62f01efd3f434bbb4f2c2bd80472d4,automotivo,auto,575,18,22,37,125.9
d7138d6379ed4b9297582c8a64ff7d6c,utilidades_domesticas,housewares,2060,40,26,22,63.18
16735d8f47894796837f7982f6879af7,cool_stuff,cool_stuff,100,27,29,16,196.51
a10722a9596a4417bc58b4b3795d5859,perfumaria,perfumery,739,31,25,19,130.11
45c3d8a615244296ab796787c3614fd2,relogios_presentes,watches_gifts,1167,37,21,25,303.5
ec89f80b399548429f95750ceacf90b2,bebes,baby,2029,23,19,24,132.81
a13303a078a84289a098531880ecff2b,esporte_lazer,sports_leisure,3519,33,5,20,57.03
816d06c66d314a5a95aaf4234a0f4302,cool_stuff,cool_stuff,1236,10,13,12,182.29
49e538709e3d44a4b7da9fb9e2d2867e,ferramentas_jardim,garden_tools,1500,33,19,13,152.97
d322ff76f1c848a3a192a9dd046dcb49,bebes,baby,3037,34,16,13,98.22
ea42d908dd244c00a94c734d8ca531ae,ferramentas_jardim,garden_tools,1862,40,22,31,159.77
2dcfad4421f44965b903e55febc4a98e,cool_stuff,cool_stuff,1905,23,21,18,165.78
4fe3aa9c97d247b5a4b5592198491995,eletronicos,electronics,1764,46,9,28,127.03
56af27450ae54ad7baccd55ed83737d8,automotivo,auto,2107,38,24,35,96.5
2400c034ddf64ae5a32a214fa20b7a16,cama_mesa_banho,bed_bath_table,391,29,5,34,125.52
cf2926f1e81b432e9dfb915a1b6aa89d,cool_stuff,cool_stuff,1153,26,19,25,170.72
9186ea6f963d42d8baa9fdb1c25873f1,cool_stuff,cool_stuff,1946,28,27,28,137.69
a1fe0b6ec11248c2b5391c1670937f80,utilidades_domesticas,housewares,2568,16,19,32,70.54
67e94f506afa4c5789c1f77fb3c6e05f,automotivo,auto,1747,35,13,24,133.74
3ef81b47c5614a2ca5fe2f2dea4b6167,relogios_presentes,watches_gifts,1058,53,13,33,186.43
b1d27d8eefa34b3c9b76942fcf318dc4,beleza_saude,health_beauty,630,31,25,32,184.68
fff88b79af8d43ba974aa4bc9dfbc745,relogios_presentes,watches_gifts,3856,32,14,28,194.03
9a923965b26c4e00a292f2d46286581c,moveis_decoracao,furniture_decor,2240,17,38,31,75.8
81da53be72bd429b849578b193df8711,esporte_lazer,sports_leisure,932,38,29,14,136.39
5020d270c3cb4f5e86679c0791739398,informatica_acessorios,computers_accessories,100,29,28,20,77.19
2163035a025b4af0b8af4fba15ab73a4,relogios_presentes,watches_gifts,1616,23,25,17,163.64
65cfe7ebf26c4329937b7b0518ef44a9,perfumaria,perfumery,100,31,18,15,130.81
f0783077d679450fa9140a23b85a3727,telefonia,telephony,2321,27,22,27,50.91
658b420a42ed402d9719b1aac208a8c2,informatica_acessorios,computers_accessories,3145,25,25,31,138.72
8a21891483b541dfb87b767c505fcf61,informatica_acessorios,computers_accessories,1985,32,8,22,117.44
94555ed5a5a94b8893505b5663159fad,esporte_lazer,sports_leisure,1130,16,29,37,144.34
e38834464484412c8636ae6f33a247bb,esporte_lazer,sports_leisure,2516,26,14,18,134.32
9f2073ee91aa4e2cbdebc74a1a8f8713,cama_mesa_banho,bed_bath_table,1681,29,30,28,74.03
1d97018a06bb4f1abecbaae8b8b06257,moveis_decoracao,furniture_decor,955,36,28,29,254.84
2c1bdac0270b46499a6f8eae71c7cf5c,bebes,baby,2808,34,13,14,116.44
fff360b64e14457b96eef521fdadabfd,perfumaria,perfumery,2102,48,23,34,117.64
8765fa5d7fac4553865d2cf11009c0a5,cama_mesa_banho,bed_bath_table,1998,38,5,21,118.74
ac1e8e285ffb4d0ca4c6248ebca3d60a,automotivo,auto,1719,18,5,22,137.14
6d55e2da1ff04256845478f11cec7423,perfumaria,perfumery,792,31,24,30,54.32
ea0d5a86e47548a28aba8f566b8d4f9c,automotivo,auto,448,26,24,28,158.87
53a1ca2ec4e24cb88f896a0b89cc773e,bebes,baby,1193,26,14,31,97.78
021afa17e8344d85a86df4e865ae6e09,ferramentas_jardim,garden_tools,2180,32,19,19,87.56
65fbea668a27473d8415a090267ddaea,eletronicos,electronics,981,26,5,23,113.11
e5a6c277c81240c3b65b89b00e357f7b,automotivo,auto,1953,25,20,20,145.95
66b3f4c0c11e4b5e82388de11cc3fc79,beleza_saude,health_beauty,2732,39,24,21,156.25
5d98f6f941404a09ae80d4c7017d5129,cool_stuff,cool_stuff,150,27,24,30,195.14
d10e58ce833b4e4f90d2d51282a7817a,relogios_presentes,watches_gifts,1735,28,24,17,159.32
096ec1bbd6de4cd795b5475f3ccf367e,eletronicos,electronics,1549,31,5,28,109.32
e1272b07e4f8454dafae362dcfaf58f0,perfumaria,perfumery,1438,53,14,22,113.15
175b84b8aa6b48ca810533797a1e8a11,brinquedos,toys,1439,26,8,20,107.07
37ece06ef7a249dfba2e61ebed163c97,esporte_lazer,sports_leisure,2482,52,30,18,94.13
884fda3023c644b99b5f9864a25ec79f,brinquedos,toys,1372,47,18,14,94.96
7ac0fe9ecd314f0f941807dc2a501670,utilidades_domesticas,housewares,2105,36,18,30,39.54
fa717b539fdb45f68e5cb38956a56e2e,esporte_lazer,sports_leisure,1583,38,13,18,59.01
ee7cd171a4384ee1b589820158772638,esporte_lazer,sports_leisure,2771,22,21,29,160.36
53394d7088154c099a9400da3dcf9de2,esporte_lazer,sports_leisure,1376,24,21,35,109.89
084812001808479c950dd1e541b2f602,bebes,baby,736,14,10,31,118.78
6d7176da6d9a42d98aa3c7b7964da5ac,ferramentas_jardim,garden_tools,1013,22,20,23,125.44
4ca4bfcfca134a2ca201cdbabdcefdf8,perfumaria,perfumery,2579,45,7,27,101.69
64e2a04e67ad4da1806dabae033686f2,brinquedos,toys,1301,33,18,26,130.19
2518f86cb00e4bed9e3dae1c34e2ae08,perfumaria,perfumery,1735,23,14,13,99.38
996c3acab2574281bd622b2aec6c988d,eletronicos,electronics,3069,22,10,27,87.24
3c3dddffe0a049dc9f54f592dd08da2d,esporte_lazer,sports_leisure,1343,44,24,20,102.27
2383b3a55c904171b1677340d1b121da,ferramentas_jardim,garden_tools,1097,38,17,10,133.31
3495725751ad425795088ab1428da6e3,telefonia,telephony,270,51,12,23,80.16
8149c1146aa741498e498a03cf03fda9,beleza_saude,health_beauty,1269,27,23,37,156.86
f5593ca1d7df4aafb82c4323b9ee5cbf,utilidades_domesticas,housewares,2682,19,22,26,92.02
65205ec897724d598a4eeb5b4b14d362,relogios_presentes,watches_gifts,2600,27,16,29,103.31
c3070f179429409bbc5ace983a1bb4d2,cool_stuff,cool_stuff,1310,28,12,33,117.2
f22273f874a841aebe53830bb26a118f,ferramentas_jardim,garden_tools,1391,32,30,24,167.77
85846f711f514c44a3b36c50573a9a7d,informatica_acessorios,computers_accessories,2060,31,11,13,149.79
8e61055a64a64c8fb584634ae7f719c9,telefonia,telephony,1065,39,25,23,51.85
3917876d9fb84354ae8c9d2e3f850e55,brinquedos,toys,1908,19,13,17,105.84
613b253e1b6649489769b8c8e05f6f96,moveis_decoracao,furniture_decor,2436,29,16,12,187.61
5e6885cb2a714037874f4de351963ca6,perfumaria,perfumery,875,31,17,31,120.28
c35dcc62b1db4230877bb57ea5c7603f,ferramentas_jardim,garden_tools,1452,34,36,32,131.9
676f478a27314b27b6405970d57c935e,perfumaria,perfumery,1502,24,12,20,101.84
df9566f39b7044d7aab2710a70a3422e,telefonia,telephony,2022,19,30,31,75.41
536437c7f25d4e808d89642e930c73ef,informatica_acessorios,computers_accessories,1500,24,22,33,113.36
7d96e1cd091c40efacb710cb360c29ef,automotivo,auto,273,37,22,16,110.66
8faf5a63b76d4a4a8c23b01026c34046,informatica_acessorios,computers_accessories,812,22,17,22,115.71
980dfc1ab04d4655a3f6b94866c313bd,moveis_decoracao,furniture_decor,893,27,21,22,217.93
5390ae2897cd4a5db0a4813ed2a68ddf,perfumaria,perfumery,1906,14,24,29,111.96
0163656b200a426fa83d6bfff1ea911e,perfumaria,perfumery,303,30,19,16,81.46
38db56970bbc4288926f36de3f98d55f,telefonia,telephony,1429,27,16,24,52.94
2498b7b6b7704eb4a64c5e4562aab225,eletronicos,electronics,1152,35,17,11,78.18
7cd57a8a284f4648bbfd6fc5da637201,bebes,baby,643,32,22,11,156.57
663468e4cf5c440a9a717dbf60d0b289,informatica_acessorios,computers_accessories,610,45,19,15,93.61
83d1c9434c804252b32469b2b27dc443,relogios_presentes,watches_gifts,1778,26,19,37,168.05
6563a8042ec94540b164787cee6df5e7,cool_stuff,cool_stuff,1547,44,22,12,187.74
b365c616c7de4c108808fcee241b3fd7,brinquedos,toys,569,44,13,48,154.02
b1a4579e7e6048fab468faf0a0c330b6,telefonia,telephony,862,30,26,31,83.85
26fe54cba4fe45279e5d693ec0f11988,telefonia,telephony,2501,28,17,22,92.17
f8649d311ee14643841efbec463a570c,perfumaria,perfumery,1792,32,26,10,134.3
e1168184019d485daaccd9115dc3fa83,moveis_decoracao,furniture_decor,1674,46,7,37,163.77
9f71428d85f1439cae08e4c5d22fbdf8,perfumaria,perfumery,1891,46,24,28,132.27
4bf54a30cdaf4b4ea1b78d280971f8a4,utilidades_domesticas,housewares,1113,29,14,24,38.28
425be65406d440b98db03925fe8d1d79,automotivo,auto,1843,28,17,26,82.66
51908351467747b7b0dc78c47f28884a,automotivo,auto,3043,28,18,17,140.96
bce3dbaea54344478274e3dfccdedb12,utilidades_domesticas,housewares,2609,40,26,29,77.83
cafb4a1308f84255a6a2434ad1527702,esporte_lazer,sports_leisure,339,27,18,33,124.28
48ff3ae2877f4b46a95ee19e0de46322,bebes,baby,2789,41,16,10,178.5
05f837fc22bc4d3fafb5f011ce7e0cd7,informatica_acessorios,computers_accessories,2587,16,32,28,152.23
dce9d399d27342ecadace8742534cdd3,perfumaria,perfumery,2791,43,25,28,143.49
2411b64a499840a8a1bb7619f4e91e22,brinquedos,toys,1179,29,12,22,99.0
0a504a6fc7134f0db9a1043db7df4e9c,esporte_lazer,sports_leisure,991,31,17,29,66.33
63581b94987c458e98dd3da75914352f,bebes,baby,1409,31,17,23,74.52
3fe4aacd866146448fbec09819a3df11,moveis_decoracao,furniture_decor,1785,36,23,33,170.08
6ae6f82d291a4f1d9bdfebf246d604c5,beleza_saude,health_beauty,1882,31,25,12,98.72
28e672e7f5584c8195cffd93ad58db5c,cool_stuff,cool_stuff,2769,10,18,34,160.8
1410f0b106ed4a66b830c510228f47da,telefonia,telephony,1175,31,17,25,61.33
7392ebf3c259460e8ddb8679a86a7620,bebes,baby,2386,44,18,13,111.67
a4c7ebdfb54c41a3b6503d18e480dd41,relogios_presentes,watches_gifts,1352,35,11,18,240.64
b80582d5846d4e0faccd3d7289f3f3c3,automotivo,auto,2251,23,9,51,171.33
e4074123306c4e13bca71c551358df2d,eletronicos,electronics,1286,38,19,31,93.98
db72b7b5dfad4636bebd835c8fa9e34a,cama_mesa_banho,bed_bath_table,1573,28,8,40,71.46
630d7500305846c08838738ba56c75e8,ferramentas_jardim,garden_tools,411,27,12,24,159.07
980f6a169f73455b8637870e3fb726a7,bebes,baby,2296,38,17,25,144.28
a6a91ed88a5046048f097a023365fecf,automotivo,auto,100,35,8,41,123.82
e0989e33d41746f381e464fd0ad10b27,bebes,baby,1352,22,14,43,162.91
178105e494e74e2a824da40467df3773,cama_mesa_banho,bed_bath_table,260,45,29,22,102.67
514f50f249a046ab88279a27328a29b7,moveis_decoracao,furniture_decor,1488,49,13,26,138.59
16e9e1bdabe9451487f346ef04f1c929,cama_mesa_banho,bed_bath_table,353,51,10,26,51.48
76377702e8a943b5aefdfb8f113fc3bb,perfumaria,perfumery,1180,34,13,29,116.93
db3baa13d6634e3798378c225cd4ada6,esporte_lazer,sports_leisure,2428,43,15,25,120.5
6a17e480b828407b8df20c95c5190a48,moveis_decoracao,furniture_decor,1995,30,21,23,165.76
e06ec59de62442cb9d11f80491d2c62a,telefonia,telephony,2538,36,25,30,71.92
f9ac68370f1e403f85981771cd516225,eletronicos,electronics,1755,19,30,10,87.82
0640ef8c50dc4c86908fef07e552a74a,automotivo,auto,2412,16,23,19,125.25
79cdae62db9a408282f77820b49d798c,esporte_lazer,sports_leisure,2256,31,5,17,144.26
c6e1d7bb1f1d49bbabc76abddfeb775a,bebes,baby,1859,47,33,22,217.61
91fe5b80d0db4070a5c9364b92785da9,utilidades_domesticas,housewares,1519,20,14,10,117.14
3b5dc522061040789af036df20039c7a,cama_mesa_banho,bed_bath_table,2775,19,18,25,70.99
896411054845438e8470fa4be5a4ad69,eletronicos,electronics,100,27,17,21,95.57
91e68b77991841e38069e1f6e8cc20e3,informatica_acessorios,computers_accessories,2643,26,21,30,169.94
2268718493124b0a9bbf48a0f078bed1,bebes,baby,1008,30,24,15,174.22
ccbd02afc58e4e8b950c245e6301e336,telefonia,telephony,2645,22,21,30,64.09
75b29bbf9aca43b1be70c9c67ab2aa69,eletronicos,electronics,1885,31,8,28,62.5
9c969b79b76a42b28c623c3dd5250e40,relogios_presentes,watches_gifts,2251,23,18,35,239.78
a0ce6104efff4a8db735bd857c9c239d,eletronicos,electronics,636,19,15,28,98.96
b69af67663ca4d3eb2bd78b929312596,beleza_saude,health_beauty,825,18,22,23,205.5
90d3a1d2b003415fb5e556b4b40e42df,utilidades_domesticas,housewares,1529,48,10,12,62.6
b9b77576c33d48f6985d19358f077d75,beleza_saude,health_beauty,2451,47,13,21,89.09
a4d115b8162f4965b8fab4d3c3f2407e,utilidades_domesticas,housewares,100,37,21,25,57.0
3143c2131274441686196b2629be83fc,automotivo,auto,2811,24,24,13,132.38
21a5741c1f154cf287b675841d2aea78,relogios_presentes,watches_gifts,1733,33,21,28,142.17
8e8408880d18431297db6e0ce7cfd9b9,informatica_acessorios,computers_accessories,1657,31,21,25,87.71
6baff64e06b542b8b129af7be2ac0392,utilidades_domesticas,housewares,445,10,26,31,101.87
a2c02aa6daae487cbda9110237ee5a7f,cama_mesa_banho,bed_bath_table,1745,10,11,26,98.39
4df10842aeab4b738399f59d0f992ea0,relogios_presentes,watches_gifts,1321,33,20,25,171.66
9cf04d03bbe145948dbe03ecd478bf5e,informatica_acessorios,computers_accessories,2285,25,9,18,129.32
a92000e350234b679d544b2fdd9965be,beleza_saude,health_beauty,2295,29,18,15,157.49
edaa066ea3c841e9ba496adb90edef93,relogios_presentes,watches_gifts,978,28,31,29,112.3
431989447420469b8a1a7ac17cb7cae3,eletronicos,electronics,100,29,10,30,91.06
a81507fce4a648e4ab912ae76eca3a7c,cama_mesa_banho,bed_bath_table,1632,22,33,47,88.04
5f0942c709dc46c59d19535d4764dd3d,bebes,baby,1782,30,17,18,92.03
3810e45149db4a058ffdd234d2816036,ferramentas_jardim,garden_tools,591,34,15,10,150.57
803ce6b1ef714fbf99e800e98748bc92,cool_stuff,cool_stuff,1469,43,22,13,64.66
9a594ef330e64573a56f683486392cc8,relogios_presentes,watches_gifts,924,23,27,24,278.02
c8800c3915a04acf8e18c031eacd1e00,perfumaria,perfumery,440,39,25,10,164.68
9abc128c10af417cae9790122f22a96a,esporte_lazer,sports_leisure,1574,33,13,35,79.42
b0b3e15543784a39ac1a32b8b055aefa,esporte_lazer,sports_leisure,2165,38,12,40,121.95
6e04500d1eba4b13bcae1e0b7ce74e20,beleza_saude,health_beauty,2023,14,36,15,165.87
14b252fc88054f2d80950826850f5162,moveis_decoracao,furniture_decor,704,23,26,33,96.44
ab22b9fe0a52451da0c5bfe036aa7517,eletronicos,electronics,2372,40,12,37,53.58
dd2498851aac4beea9ab30b8b7fff678,bebes,baby,1000,34,13,27,138.44
6575064098314f79bc5677ad36968f1b,telefonia,telephony,1350,38,18,26,97.93
c800692cbab541bcadf6e47a1a8e1860,ferramentas_jardim,garden_tools,2132,37,10,29,104.25
c4d3ba377bb84a8bb952388f902e4cba,bebes,baby,474,29,12,31,158.51
854e87385c7042d388acfab58cf41396,esporte_lazer,sports_leisure,100,21,8,21,128.66
c837e76ffb894bad9fc62b8cd51682df,perfumaria,perfumery,1306,24,30,10,162.11
afd9fda3fcac4d49ac40e2686716b86b,ferramentas_jardim,garden_tools,1064,29,15,37,91.92
144198769727493188581bcd1bc66368,telefonia,telephony,1509,35,7,17,72.04
0df214cdaa524d77a08e7342f7f3c7e0,telefonia,telephony,790,21,17,30,68.15
4d97425a094a473f9aa6996721ef2203,brinquedos,toys,2362,20,9,40,90.26
7568190380734b38a751a53987fd76b1,beleza_saude,health_beauty,451,12,28,22,121.12
3c6017eda5a54c0baed97634ac2fab8f,eletronicos,electronics,1372,40,18,43,93.34
666ff8b96e244432b87efd5afb39d9ad,cama_mesa_banho,bed_bath_table,2349,38,19,20,103.3
8d85b3d10af44624a47ef22b1193ff56,beleza_saude,health_beauty,1908,24,21,34,202.45
74ecfb46bb3548f1b4f77315071032a2,moveis_decoracao,furniture_decor,2183,48,14,30,226.93
a180822ac680433794dba084616b4541,informatica_acessorios,computers_accessories,782,25,33,17,84.65
840c86f234cb4d24987b0c50147a6fee,bebes,baby,2722,41,23,24,114.65
727e3061db6343fd987c274e7ede65d0,esporte_lazer,sports_leisure,1725,45,21,42,88.06
e44069922b124e0fa70db4905a8363d1,automotivo,auto,1484,26,11,23,156.69
65e242da3f4a444bb832f68a3499f84f,ferramentas_jardim,garden_tools,1919,51,23,34,137.31
9a514ec775af45f29e078620aed50064,brinquedos,toys,2842,53,24,17,93.54
3e95df3629964d92959f734013ce114a,automotivo,auto,1725,34,25,28,140.28
959fdc335417471790fc287c72832024,utilidades_domesticas,housewares,991,34,34,33,95.69
ea64f6a49f4f4d0c939ae8b9a0055c57,cama_mesa_banho,bed_bath_table,2323,26,15,19,91.87
79ed3f2f9a3c493b91d0ee467d9ac91d,perfumaria,perfumery,1162,42,16,18,183.28
5600e13266f64c2ba8e1cf7a5179961f,moveis_decoracao,furniture_decor,1138,31,23,15,221.77
0b7a2f2aa38645e992bdb89454b67bae,informatica_acessorios,computers_accessories,2009,45,14,25,146.77
16a5d65711fa40eea2200edd5e2ad94e,moveis_decoracao,furniture_decor,1711,15,20,13,177.92
d12fa6b8a28b4b38b2aa956ba2ebe141,cama_mesa_banho,bed_bath_table,100,11,26,20,70.3
3746a204e64a4778bd7d4b3d03117e7e,beleza_saude,health_beauty,2516,33,26,23,223.79
93587594faff4a8a9aefe6ca3f43cccb,informatica_acessorios,computers_accessories,1016,47,19,11,166.73
3d364d8582f94742a6486247eb5504ea,utilidades_domesticas,housewares,1751,19,12,24,91.99
afd2e68456ee4d22b6d8bc2f4ee09c6a,cool_stuff,cool_stuff,100,40,16,14,207.35
b03148581a8c418084e1b642e8e5bfd4,perfumaria,perfumery,1481,42,23,24,120.42
6551554ffaba4ef3880615b6e111b78e,brinquedos,toys,1886,25,13,29,105.67
ef64238ab8f446889be2531ddea05e70,telefonia,telephony,1526,40,19,25,63.01
3162d7a8f82f43c4abeba551743028f0,cama_mesa_banho,bed_bath_table,1844,33,27,20,83.55
9ca77649807e43db8c6657d702bcf9dc,cama_mesa_banho,bed_bath_table,2133,32,12,35,52.54
6419f28c81af45818829e76067517c9d,bebes,baby,2127,17,35,12,170.33
800fff3d0e49499f83f05ad6c4902f7f,eletronicos,electronics,1434,26,21,30,67.39
41254811353d494abfc52f2eb1145f95,telefonia,telephony,847,36,6,20,135.81
3a71b8dfaae245d892dcad0a59556d49,brinquedos,toys,725,41,15,29,129.63
8e9daa0f140748db8227daabac21c6ab,automotivo,auto,2403,27,35,20,149.37
ea2e6149c3d54cfaa9934bf13d192de7,beleza_saude,health_beauty,1696,18,17,26,114.88
6cff72a4dc4244a5b678874b2d118739,cool_stuff,cool_stuff,3452,21,29,31,164.38
c7584318e1744d8e8aee5f68d49869bd,automotivo,auto,807,22,15,10,99.86
f6ebea1ebe5e419785ef3ae1eb788702,brinquedos,toys,314,43,24,31,127.66
56491aedb78844708012a5ba4fe0d992,informatica_acessorios,computers_accessories,1633,44,15,25,178.62
0d290953e401401d98ad37bd4270e357,ferramentas_jardim,garden_tools,443,60,20,26,178.99
e6cae631e5dc4a8b8fdf087857376d42,esporte_lazer,sports_leisure,2231,30,21,12,98.31
e7e78aca52b34f2b8555fb08f494bc62,moveis_decoracao,furniture_decor,1913,34,29,24,90.64
3f3113f321344101a29e4e74a5b6aeb9,utilidades_domesticas,housewares,2345,44,27,23,105.89
771338360be14b6ea34cf54abb89e8f6,beleza_saude,health_beauty,4243,31,9,20,151.89
3b408b8baf9b4bbcb5b804bae2f74b58,brinquedos,toys,216,31,23,37,149.31
02602d33419c4708842a09120205e24d,relogios_presentes,watches_gifts,2191,10,27,30,225.36
0f72e5b40756418bb28a0a140db79b75,informatica_acessorios,computers_accessories,115,22,10,10,144.87
0576ae8468b64aa18447bae0473815d2,brinquedos,toys,861,56,18,35,62.93
71b71200719044a9a28113c2d431cd78,utilidades_domesticas,housewares,1075,30,12,21,80.64
9bfc4c735a7140f89747a776d412a302,esporte_lazer,sports_leisure,1312,48,23,28,131.19
40cb6e40102e4b35b5ba6d4407520abb,cool_stuff,cool_stuff,1990,29,17,26,217.06
5e54323b325b42148c838bf4738e789b,cool_stuff,cool_stuff,2400,27,26,23,166.52
28ed3e5662834d5aa779f0ab4ad629cb,cama_mesa_banho,bed_bath_table,1121,28,30,25,98.38
ff52d5b85bcb46f78c1b3ca04b469326,automotivo,auto,342,26,18,18,140.87
b68323ce9de84be5b5cd505006b8efd7,relogios_presentes,watches_gifts,1156,30,20,17,186.08
ef11389a6852489d94a86bcbf0e2ce38,cama_mesa_banho,bed_bath_table,1561,41,22,19,104.98
0afaf141e12b4afba596e79efbcf108d,automotivo,auto,2866,39,24,30,197.6
f985ad44f0be4283a74b5024a226b4b5,automotivo,auto,2360,35,28,16,79.91
56f76a1c3f6144bd8f78755bf2ca1973,automotivo,auto,1625,30,15,31,65.49
3964016d19cf423e983ae1ffaaa0d061,perfumaria,perfumery,1072,25,6,36,84.22
40a50df6aa8e421badadd8d344b5b830,automotivo,auto,1029,39,25,16,167.3
2632a129e735456ea52ff9945f3dd908,automotivo,auto,1731,53,23,23,105.74
19b631ce5d924109b878019dacaca1ea,beleza_saude,health_beauty,904,21,30,25,149.78
216a3ebb64f84fa5aed710093882adb7,utilidades_domesticas,housewares,2711,10,30,25,93.7
d7cbcc5729c848aabd6c57d37b7e44db,bebes,baby,837,22,23,44,165.12
7b7e0485ad54407abdaa1d88b03b3ad5,telefonia,telephony,2512,28,15,18,65.23
eeeffe8380a84ee7a299fef0332a7bc5,beleza_saude,health_beauty,100,22,15,23,134.61
9ecc00a1dfff4addb52ec282139f1c70,cool_stuff,cool_stuff,1789,29,15,10,139.11
e250260bd7b54dad90d4d385046e3c50,utilidades_domesticas,housewares,722,34,27,32,100.14
0fe07e89ca6c4995abfa5146a4d3422e,relogios_presentes,watches_gifts,1393,24,14,12,269.51
8118c55973e44837a8f7bf567a46fe46,moveis_decoracao,furniture_decor,1360,17,13,18,162.15
0207c161e94a4d81b3e9689296a875d6,ferramentas_jardim,garden_tools,2353,26,5,23,129.53
ce017d90c51a42a4831e24c3a74aefc2,beleza_saude,health_beauty,1320,23,21,25,129.13
44c5d6162c614b3490ebd41af3d03f34,relogios_presentes,watches_gifts,1830,25,16,36,243.56
0e08b57319ed49e4b91b86a82bdb202a,perfumaria,perfumery,2161,42,24,32,77.62
5b532dde9a1a4b2593ce594f676d4567,cama_mesa_banho,bed_bath_table,1663,28,33,32,79.24
8a1301eb603146a49dde285fddd41706,relogios_presentes,watches_gifts,1798,31,23,16,231.6
6c5b7e00f2bb4c36b5e1dbbda22ecfe5,informatica_acessorios,computers_accessories,1317,32,14,20,197.82
8df4d9c19f56493a8bf7e9d04c4473ae,ferramentas_jardim,garden_tools,658,20,19,18,104.02
29f17c1861994e5eb9c0a95bb279ed35,cool_stuff,cool_stuff,1584,14,11,41,185.68
496c3f130ef34c1cac8c10857db7e998,cool_stuff,cool_stuff,902,34,24,32,159.28
e4ce7cdf9e4144b3b69d65a78a8a1436,cama_mesa_banho,bed_bath_table,2281,10,11,26,103.24
8e35d1224ecc4503bc6820c8b088a78b,perfumaria,perfumery,770,32,15,22,155.74
24b536d494194e0d8ada5d0e61e0f87a,brinquedos,toys,2227,20,11,21,109.2
8a024e93a80645aa9336338fa6adaafb,ferramentas_jardim,garden_tools,973,40,22,28,90.67
8c20040690bd4b2e8503cbbb80e2682f,perfumaria,perfumery,2433,10,26,32,112.03
c99ae48bf9a54c21b0ca33ce368f8a11,relogios_presentes,watches_gifts,2518,29,20,27,401.19
c1958183b788486f8909fce46c8129b3,esporte_lazer,sports_leisure,2575,37,12,26,90.61
3cab270a87574fb68b319366f037e625,beleza_saude,health_beauty,2157,31,11,25,100.27
06924ddf6edc4d089541dd56e2b75425,relogios_presentes,watches_gifts,1620,21,20,31,206.82
b008fb000298437d815c4ffd94933e1b,automotivo,auto,1187,32,25,16,150.43
f27993c9423d4c57b28e2cd7d0f289b2,relogios_presentes,watches_gifts,2554,35,20,30,237.15
9887915f8f224f6aa14a8c64054e8abc,bebes,baby,2102,10,7,33,77.32
6ef83b47db34452bbbab910013529374,cool_stuff,cool_stuff,1821,26,12,27,174.05
ce4a0ad392a040cdacf5349da3c47009,esporte_lazer,sports_leisure,3188,23,31,27,95.17
061bdcea4c6a488689dfc059832723fb,bebes,baby,2139,35,20,27,109.11
9aa6223a5d284c8bbbbe74d1e1f95404,perfumaria,perfumery,839,37,18,24,133.39
0b04dba5313c43f9a264b9f5b3081b85,cool_stuff,cool_stuff,1712,15,30,25,155.88
a4ff430206c14e4fa4e9737a4e5eea17,telefonia,telephony,1844,32,26,29,89.36
73d50d62919a4877ba35b407bdd81553,ferramentas_jardim,garden_tools,2580,38,18,16,193.37
eecbc53bb26d4a5f9c70dc7d2d2c33f1,telefonia,telephony,1309,25,6,27,77.98
3ca330c8d335481592d72f2fab577104,cool_stuff,cool_stuff,287,34,16,46,139.38
1322f58baffc4f2490b98376cc2c9640,esporte_lazer,sports_leisure,1151,21,30,22,93.25
601ff8862831414e8e59c10028f21a38,perfumaria,perfumery,2065,16,25,39,142.0
dd5f7382f1bf4e5299003890e3c4a15c,esporte_lazer,sports_leisure,2010,38,33,34,128.19
1d887489023a405b988697d35984a3bf,cama_mesa_banho,bed_bath_table,2223,21,26,16,85.82
96071afd297a46b7abc727ba35d74933,ferramentas_jardim,garden_tools,100,34,14,33,148.66
01a87688b8d7490ca833241f20937494,perfumaria,perfumery,2399,19,28,41,147.92
5c19c8df1c134639b4bae5c1fd5d474f,telefonia,telephony,2132,31,15,31,44.88
02627097cf224f59a47b585b154c1153,beleza_saude,health_beauty,1165,12,14,30,147.69
f05a2974f76145fdbb8c5daf99a6091d,moveis_decoracao,furniture_decor,1540,31,5,22,125.93
a951bfeb34504fd1b08396f26a617d4b,informatica_acessorios,computers_accessories,972,35,13,20,51.08
330ca6265cc04e4c93a4c1a371b6373c,beleza_saude,health_beauty,1264,19,20,17,133.66
44eaaeae7e3f44a7a00f7521a17ad446,perfumaria,perfumery,1384,46,23,10,87.05
040f84a4bdcc41068b5bef451e3f7e28,informatica_acessorios,computers_accessories,1544,20,5,35,177.41
1bbfb733e05d4aab98d2f7f2803367f3,eletronicos,electronics,1916,23,23,19,95.12
6851ee44f91c4e1ea3d371671d1c621d,beleza_saude,health_beauty,763,45,7,34,131.36
15756e9508e64836bbc40c6c08efc674,relogios_presentes,watches_gifts,1108,31,25,35,228.79
e7281f4719f34419b7b06f8c27e20152,eletronicos,electronics,787,30,34,35,112.72
fc2897530b1442f0970c4c9b3be8642b,moveis_decoracao,furniture_decor,2136,36,29,21,92.25
704c4d0982d94c30b5e1c0589e22609f,automotivo,auto,1555,21,11,19,239.41
46beb64d1df148e9b277c72d0a9bb953,utilidades_domesticas,housewares,1608,33,10,10,68.62
6b81865969aa4ddb91d0829eb895d091,bebes,baby,2650,33,24,30,109.3
ae6a79b43cb34feb820ff2c0ab488586,automotivo,auto,2610,23,31,28,68.44
5daacc00749545a992a76d0e5c56b634,telefonia,telephony,901,12,29,24,30.43
9c5779d9f9c040d788bde420c2d23aaf,moveis_decoracao,furniture_decor,1800,24,8,38,165.36
54c6726b18da472bb92bf3807fc3a6fa,beleza_saude,health_beauty,1265,26,7,14,174.97
d9a74a2724934678b4ac136a7e7e2050,perfumaria,perfumery,1120,30,5,14,143.29
9c8d3dc944fb47a4b6c775eb6da7bbc1,cool_stuff,cool_stuff,1802,47,30,23,186.28
d0efe5ffa678419e84099257ee0748de,informatica_acessorios,computers_accessories,1246,50,29,26,154.02
c6bc674922e44089b8f4641d7db5ae38,moveis_decoracao,furniture_decor,2655,35,32,10,183.06
f42821e549bd4c32a366be3ff9200c52,relogios_presentes,watches_gifts,1087,47,32,25,302.14
d1efe732212d432dab475e77401d2e18,bebes,baby,2926,30,39,24,122.49
2de7283f93e84666a902ee05cf04aafe,perfumaria,perfumery,2192,26,20,36,125.58
61d424e12d014515875a10624b0628f5,beleza_saude,health_beauty,143,33,14,31,154.37
60bc411deaf64297bd7bd284bb3252cc,bebes,baby,2677,39,28,19,158.14
30aa60797d5d4bd8abb0a81acf0a82ec,cool_stuff,cool_stuff,3074,23,34,20,126.66
c04520c38a63499895092dd3281bcfe4,relogios_presentes,watches_gifts,1736,37,27,17,236.07
101a6051daa245a4ae35d2f6e7e486b1,moveis_decoracao,furniture_decor,951,15,12,18,186.08
dee136e2a1c448eba401b956130d0ea8,cama_mesa_banho,bed_bath_table,2421,15,22,15,110.73
11212398d0aa4b859e6d0bfbfd21d06c,perfumaria,perfumery,1001,19,26,20,115.52
389f07ec9fa2492591364b40d67fe745,relogios_presentes,watches_gifts,100,39,26,25,118.35
476bc54f85ab495bb8e51a303c0a4412,utilidades_domesticas,housewares,2467,23,16,43,70.93
4a4cbe69980f4b268494a487ed89203f,eletronicos,electronics,2093,35,23,27,99.41
bfd9ebbd81f6443db98bf8dfca1f6628,utilidades_domesticas,housewares,1717,29,32,14,105.43
9814a172b3a348d8a78d5e7e445be984,ferramentas_jardim,garden_tools,2157,36,28,24,69.59
c1ab812bf3aa466480e73768f026585d,telefonia,telephony,1442,20,14,15,65.45
5aa5e3cdb2754e00ae44f934f7d0a946,eletronicos,electronics,1022,10,25,42,105.16
747513f19dd648e18a5db0a921a74ab8,utilidades_domesticas,housewares,1337,29,16,25,84.26
32ae2fb7f50247d0b778371436a7ecbc,relogios_presentes,watches_gifts,827,46,8,30,203.93
82b3fa82b5f6447e9aade0e6542b2e74,esporte_lazer,sports_leisure,3020,33,17,23,116.2
0208d6aca76843169cf52df623e075f5,telefonia,telephony,585,22,5,17,76.88
e4a1b3def11a4480893240ca42ee3e5f,ferramentas_jardim,garden_tools,1740,10,18,29,129.3
df95095f8c414323b1ed33de9914e101,telefonia,telephony,992,25,15,19,78.48
3c30b3ae74864ed69ba076286fd201b0,relogios_presentes,watches_gifts,3346,22,17,24,168.76
17c803bcefc8468caadc5ce9f942616d,eletronicos,electronics,2378,10,15,31,82.65
827e047a09f84ed28c7f29af7cd25b9d,perfumaria,perfumery,843,34,27,26,100.96
905aa87721974f5fbd8f470deac5ab7a,automotivo,auto,1864,25,25,36,35.78
7f4042fc3e384085a5ab0b42302c1292,moveis_decoracao,furniture_decor,1588,12,39,21,197.32
90fdbc7ae5fa4f4094de08767ea393e8,perfumaria,perfumery,1471,21,12,37,153.68
9bfea15b374c4fefb617c96b7d8e4077,cama_mesa_banho,bed_bath_table,3054,30,22,22,87.82
b05c636f72224649ae6e1d0625c09fcd,ferramentas_jardim,garden_tools,666,30,13,28,140.95
dad7375abb3f4479aaf11e546f82162c,utilidades_domesticas,housewares,1730,46,19,31,126.03
ba8a03b5608046358e133e9466ff79f9,cama_mesa_banho,bed_bath_table,2545,41,17,26,62.04
8a181bdc38c44ee29519b45ccf34c995,utilidades_domesticas,housewares,1899,32,20,33,60.84
3de54866810c47e7910ebd9af47f63eb,brinquedos,toys,2807,39,19,23,124.42
785816159c994b78b982448ac687685e,bebes,baby,2716,31,21,25,192.37
ceb3a3a7d7cb4344ada628be333aa208,esporte_lazer,sports_leisure,1204,29,31,26,149.11
41b52bd10bc24a0a805e25b19613cf11,automotivo,auto,770,27,31,19,133.95
946f685ecd344f29bf10d8e04d9b37e2,moveis_decoracao,furniture_decor,1705,20,16,25,162.33
d968a245d22848fbb1e5c7d7befeb021,relogios_presentes,watches_gifts,2524,45,13,25,250.45
6169106812a84384aa1e0354503475e5,cama_mesa_banho,bed_bath_table,2713,37,22,30,111.84
8c715842e3f14fa3bed93254e795901f,cama_mesa_banho,bed_bath_table,757,31,31,23,98.24
1bf59be5156c43ab9c9b5bd083a2c57f,relogios_presentes,watches_gifts,1305,10,20,27,179.25
8d651999c75e43af906b53825935efdf,cool_stuff,cool_stuff,576,21,26,40,227.21
267d519d5f6940f5b2147569413756b5,moveis_decoracao,furniture_decor,424,38,14,20,136.9
30ef068961934c7099dd712bb1ad17b3,moveis_decoracao,furniture_decor,2064,39,19,24,183.21
70848c55acfd42308014f3905132eab9,telefonia,telephony,1954,41,9,25,53.64
2fdb40d1b64b488f9b811fe8c0324996,brinquedos,toys,1459,27,19,18,65.38
75f0e8be17b54654a434b8a4889ca69c,ferramentas_jardim,garden_tools,100,28,16,19,181.29
054dc245656c431381e3639734c84cf6,utilidades_domesticas,housewares,812,44,32,10,86.85
518a6ce8e6b549f78fe935a70ad9900c,esporte_lazer,sports_leisure,1180,10,8,31,175.58
2225f4b68bcd4edcab301fd247c7fca6,ferramentas_jardim,garden_tools,2222,33,19,38,210.19
37f772041db14c219ccac25d0e826525,telefonia,telephony,1030,10,5,35,74.06
2073c824a2df4975846532b58a736dd6,relogios_presentes,watches_gifts,1646,12,13,22,222.47
43fe29943d5b46cbb10141974e8b8f1b,telefonia,telephony,1181,19,13,34,79.9
55892e8ce42b448fb76d687a97b6b600,beleza_saude,health_beauty,1989,21,5,20,99.67
f06ad10348ff400593543a0de2599f53,ferramentas_jardim,garden_tools,1779,62,25,46,154.91
635f8838a06f4736a59df6fe86bac82f,bebes,baby,996,33,34,39,109.86
e0ad9ce17a4b4be88be64aaafebf76f0,eletronicos,electronics,1702,15,26,37,90.99
cc26bc2713144a4a83610bfd594015ab,relogios_presentes,watches_gifts,966,33,23,25,220.72
ef89c7b8903f4df5a9c821558f35ac51,brinquedos,toys,1360,39,25,17,79.68
eeed26337aef41c1972b043429ffbf3c,utilidades_domesticas,housewares,1296,37,21,19,90.23
4d210f4bcde24285bcc07733171d8deb,moveis_decoracao,furniture_decor,1235,38,22,22,171.58
135ecb07268c43f4ad2c63b4d5a65f10,cool_stuff,cool_stuff,2552,24,23,24,184.21
9d0bf54df24d4ef1bc6940341b59672d,perfumaria,perfumery,976,31,28,17,85.12
95a812f3d06e41e69e10fade1c203bc9,beleza_saude,health_beauty,466,18,24,13,119.57
8747d62fe61a4f7ba0691e9b24557e52,cama_mesa_banho,bed_bath_table,1994,34,16,26,97.68
bc159f850bc64565abf7a7345a02fa62,cool_stuff,cool_stuff,1320,27,37,31,276.63
16acf155a2cb410787a0145dd43fc092,cool_stuff,cool_stuff,1102,29,9,18,250.59
8dc531c15d95435aaa12893db2b9d299,utilidades_domesticas,housewares,1082,49,10,16,78.18
a44d1ca058a7445e97e0229b4a276f2b,relogios_presentes,watches_gifts,1449,39,23,21,202.0
9d83f6291d144b53891e6667dee1a64b,automotivo,auto,1244,20,12,33,66.87
8d5305ab68e04e9da84a7df302d61dfe,perfumaria,perfumery,2793,26,13,30,169.56
3e0ac5163a7041b19873ee6e4c3d7217,ferramentas_jardim,garden_tools,2394,35,28,11,116.74
c8c44f5cc5ef468f95878d10057c463d,cool_stuff,cool_stuff,771,42,16,31,189.11
1107372a0a0543d9ae69cf640a6af8a6,esporte_lazer,sports_leisure,810,24,30,18,118.75
17a6f1d1d21448019e6a2f7fe731b703,beleza_saude,health_beauty,873,26,19,18,96.38
805559001762436dadbc47d821f8e386,esporte_lazer,sports_leisure,1729,21,13,17,112.66
154cbe2fdfe648e9be8d266229f81d17,bebes,baby,2254,45,14,42,94.84
0e5f0cfcedc44834bb84a5ab70891a80,brinquedos,toys,2366,22,13,19,108.43
9196c99feb1d43af9987d1739e5510c8,cool_stuff,cool_stuff,1963,36,12,17,123.75
89fbd676080f4265af8d7b0714dffccf,perfumaria,perfumery,1410,27,12,27,192.88
5e158b1926ac4361b056157a9b9cf146,telefonia,telephony,1096,25,24,20,88.38
bc0ea6c952774b6e97aa196ab351239c,beleza_saude,health_beauty,925,48,22,20,109.4
0b284d8b744e4ce28890f7fce85e334e,esporte_lazer,sports_leisure,1088,43,9,19,98.15
7a711ee160b343ce920aba8d9d3f1641,cama_mesa_banho,bed_bath_table,1487,27,8,21,92.51
f2800a441fbb4447b6708cd134611980,informatica_acessorios,computers_accessories,997,36,27,24,155.37
be3616693fdb4e92b08d4c2131eff73c,perfumaria,perfumery,100,25,28,21,102.88
0c3777605c5a48c4bba77a56afec6c2f,cool_stuff,cool_stuff,3322,48,23,34,64.83
34a8b0d12f044df38472aabab0838d01,relogios_presentes,watches_gifts,869,25,18,21,57.0
72af175f452d457cb746b5d06f70622d,relogios_presentes,watches_gifts,1808,35,32,18,157.79
e44bced8e9fa454eb4bb74ddaf9c3d33,utilidades_domesticas,housewares,100,27,27,20,127.87
c046ca92647944e8996a23cc8bdf5681,brinquedos,toys,1294,31,9,27,50.62
e14aa39632d84d59b37c032ed18d784b,beleza_saude,health_beauty,2054,37,30,16,135.62
820807938cb34371aae255b9c7d0aa9d,brinquedos,toys,1951,34,13,10,120.41
4082d97157b54a97839941407872b5d8,esporte_lazer,sports_leisure,1378,24,26,24,75.42
8cd6571e4e3c4671a5f322b10b53acbe,cool_stuff,cool_stuff,100,18,39,30,173.49
6c25992fb2064e658ea72720ab5cf857,telefonia,telephony,1354,27,29,21,86.54
e32ddc64a8984dc08b9fb43df787e3e9,relogios_presentes,watches_gifts,1221,49,25,34,174.94
fa7cb191610c4bef9d7486ea64325f1f,relogios_presentes,watches_gifts,2346,26,20,38,147.43
7503878382a8482184de50ba961e89ce,telefonia,telephony,1662,34,24,21,116.73
748313ab9ffe44a09ed602c5b73e09ac,perfumaria,perfumery,464,44,29,40,77.35
374f826792f9452d90a8bedfa60a174a,cama_mesa_banho,bed_bath_table,804,44,5,12,82.79
7343c74f534845a2a99f7f4f4f5b3186,brinquedos,toys,1653,45,18,20,119.34
c270af02d5e34285b0820f61dbbaac9f,esporte_lazer,sports_leisure,1875,34,18,10,87.47
266ef245565f4b2a9bd5481cf9503231,automotivo,auto,2636,31,17,33,94.8
e56b9caa3017447db106b63a443aba4d,relogios_presentes,watches_gifts,1319,31,16,25,198.74
a1c8c646c98d482f8d3ec187d6a17f8b,utilidades_domesticas,housewares,380,31,9,26,112.48
5dde2a83b5a4451493ea2916235b71a9,relogios_presentes,watches_gifts,1275,18,18,18,245.67
4be24d2f99b54e9fbfc190c210a2a34d,cool_stuff,cool_stuff,1381,47,29,23,197.2
713881489fe44c8d836aa37c4b0d8564,moveis_decoracao,furniture_decor,1185,30,17,31,231.65
75b7a9c91c64409db58539d7ac30ef22,informatica_acessorios,computers_accessories,2138,39,27,29,93.73
0b7eab67611f49859117ae51cd1fcc3c,cama_mesa_banho,bed_bath_table,2860,48,18,22,110.31
a263d1c8359540f29287aed4e76a1396,beleza_saude,health_beauty,1940,27,9,27,149.3
3cecc707d2a04c5a8ee0e3205d25b9f5,ferramentas_jardim,garden_tools,2080,33,17,32,137.3
09b5ef98335c4a4aac8594d5a11109b4,esporte_lazer,sports_leisure,1128,28,6,23,135.65
52a3b648b9e44abe8eb64aeabf53f0c7,telefonia,telephony,1771,45,17,28,90.85
e66d01ab8e2c463281cf809a14a61469,automotivo,auto,3374,31,11,31,214.63
ddb7a6dc2a0c4818bd5645b05f7f6b86,utilidades_domesticas,housewares,1241,38,29,33,87.51
91d952134f384f54baaf5bf6593497c4,eletronicos,electronics,941,29,23,32,98.35
f6f9384b33b94c8193fd15c3add2c2de,automotivo,auto,1196,35,26,28,106.55
a2f8b240096a4fde947f4833e8a26060,cama_mesa_banho,bed_bath_table,1354,39,8,10,132.7
3004c1c69c894a7e98866d10cdcecc18,moveis_decoracao,furniture_decor,1909,36,11,30,173.76
8714f8ab4eed4cc8957bfbb29e8daeb1,perfumaria,perfumery,232,44,21,21,113.66
53ccc39609624aa4ac779ade2924a393,moveis_decoracao,furniture_decor,100,35,22,23,223.92
5646813f111d4d669f24ae8c1e5bbd0a,ferramentas_jardim,garden_tools,392,24,13,22,137.36
69e61b90cf954a819d2ad523e5c114e7,telefonia,telephony,1844,26,12,38,123.23
b7c022786c0e4ea7a1c0c73e8d4cad81,informatica_acessorios,computers_accessories,1614,22,31,13,129.94
4b13196513dd4cd0a851c76cd330675f,brinquedos,toys,943,18,17,18,110.38
0d37429f7043406cba7074acab186dfb,moveis_decoracao,furniture_decor,1521,23,17,23,200.49
f5829ac46455473492cd4bdafa9e4476,ferramentas_jardim,garden_tools,1381,38,24,29,183.57
20eb58d014cd4801a48c2b5210ccd0f7,eletronicos,electronics,604,25,34,22,19.62
4ff940fbc2b94440a7e998580eef35db,telefonia,telephony,1337,31,5,35,60.73
16e9c82357ba4eea9a86dce3cdd8cfd5,informatica_acessorios,computers_accessories,1762,27,9,16,102.92
cba5240785ed45849ee299f75416cbfc,cama_mesa_banho,bed_bath_table,2368,28,15,17,124.9
e0a7cc1a62364a0b9d173427b09dba8f,esporte_lazer,sports_leisure,2671,41,23,27,78.52
84fd301e31454e7dbc4c57f4ff5d0d18,bebes,baby,1303,23,5,33,105.65
4d7c22cc8ce048108a81f099c23a554c,cama_mesa_banho,bed_bath_table,2456,38,24,29,79.62
202406c5d18b43658101ba4c882b4460,telefonia,telephony,2986,30,22,19,56.38
1c76755368ff4462ab008e46437e490c,esporte_lazer,sports_leisure,1881,32,13,13,76.9
e7a66d92e1ec42f79fecffb0872d1737,eletronicos,electronics,2456,23,17,36,61.95
7a604d5730684cecbe173185a9116660,ferramentas_jardim,garden_tools,918,22,32,40,161.3
9b588db6157e44b2ad95a9a79af6cbe6,telefonia,telephony,2126,24,35,27,92.06
a406a5a1789141a393ce61dcd9989416,cama_mesa_banho,bed_bath_table,1415,27,33,29,131.28
c0343201063a46318d10fbb2c8fac62e,perfumaria,perfumery,1704,21,15,25,106.2
62a908df93f04faa9e4864dd1aacd5c7,cool_stuff,cool_stuff,614,42,15,26,178.33
f54c210300914919b1bd1435a3e10471,bebes,baby,1029,44,11,27,138.61
c18bed10e3474f2b8db95aaa0c5d0591,relogios_presentes,watches_gifts,1456,17,26,30,169.47
5d7500d2bfef467da842bb2479f50ae6,cool_stuff,cool_stuff,2065,33,9,18,216.22
c4f96165b47449f286e34d3e0c1b3817,relogios_presentes,watches_gifts,1747,24,13,20,183.33
1d2436314b0644f3a60a86949ba692ad,ferramentas_jardim,garden_tools,823,12,29,32,90.44
e9e890503df44b4eb936239c3a576840,cama_mesa_banho,bed_bath_table,1609,20,17,22,84.3
f11f07c9b4a34e9a84504a26b416cb91,automotivo,auto,3102,25,13,18,181.75
f4577e7dc56d4d2fb4a80b2ddeb53991,automotivo,auto,178,22,31,26,147.68
ac73505048f244b0af5fc9d34c971860,moveis_decoracao,furniture_decor,3205,32,14,22,103.23
13a5eb31a5ec44aea567e5a7d38a6528,eletronicos,electronics,2504,35,28,34,79.64
ee4c7cd2c3354efba5dce0f8d922529b,moveis_decoracao,furniture_decor,744,29,13,26,216.6
e7b8433bdf7d441baebc021c99bb2c55,bebes,baby,1365,31,19,31,106.63
7fed46250779402dbff23d4567b076eb,esporte_lazer,sports_leisure,100,34,27,28,95.79
f90d12b863b449538a81908c595e12e9,ferramentas_jardim,garden_tools,591,34,21,23,198.79
37b039243a48417baa047b5d36dfda37,ferramentas_jardim,garden_tools,742,47,20,10,128.73
a57ccc82a8544c0187535bafca52c2be,eletronicos,electronics,2267,26,8,23,68.57
526b7a9ab1404d4e9acfb95f2e892eaa,ferramentas_jardim,garden_tools,1893,37,11,19,161.48
06f8e63199fc463fa5edcd465b494b84,cool_stuff,cool_stuff,812,19,10,27,178.91
0a8ac17b6de64986bef3d7ffda7c6b67,esporte_lazer,sports_leisure,952,30,32,17,56.45
1566c4770a9d41dc86ae0137fe18d7af,perfumaria,perfumery,1864,28,14,30,150.18
d2005bceed884c939f40ed587221e29f,relogios_presentes,watches_gifts,100,23,38,29,250.57
b734192234a1485f97f240aa8d3686e0,automotivo,auto,2438,30,26,30,161.56
8a18599e9d9b4ea1a53fe294167689d9,informatica_acessorios,computers_accessories,1242,31,15,25,92.42
655a5bd8eb364b24a01f8e21419fb65a,cama_mesa_banho,bed_bath_table,867,27,12,20,90.9
50a79cd81a02474aa3808a969c0c7a78,informatica_acessorios,computers_accessories,1821,39,16,35,187.24
db2c5a7e047942d5b1305cee37767fa4,perfumaria,perfumery,1903,31,22,34,161.71
727fb670ca384010ad54c88f28eec38b,esporte_lazer,sports_leisure,2567,30,24,35,96.29
59e472090b724f21a6aa9670875d0619,informatica_acessorios,computers_accessories,1245,30,27,32,134.61
31010dce5056475198c0f15d1b4ccb8e,perfumaria,perfumery,293,32,12,13,87.08
7f7ba38c3a36430eab4a8978d2b0ac38,telefonia,telephony,1761,43,20,26,98.66
cceb6eaa680044be8a618900502e03c1,beleza_saude,health_beauty,264,35,19,29,113.08
3b2e537e10834289ae1493377bbffd67,relogios_presentes,watches_gifts,845,31,33,31,179.54
efcc5091f15240138751d5ae1b20d708,automotivo,auto,427,13,30,17,126.98
c3c7cf1540d84d198dc18e6515b639e8,brinquedos,toys,2556,13,31,22,75.54
5b1c34cb14eb49be8338f3c355f3016b,relogios_presentes,watches_gifts,1302,22,23,19,95.3
a7b39e9071824271bb7ccfc9490e6d64,telefonia,telephony,1323,16,21,15,65.24
2a695a658f38436f88603d0531e3ea07,perfumaria,perfumery,1646,27,22,30,90.26
d2c556060cc94362b347d8026c185e4b,automotivo,auto,1448,10,21,22,100.66
4bc3597208da444f9a5a8dad330bfcec,esporte_lazer,sports_leisure,1752,41,16,17,119.95
d1bf35fd8fc2436c9426f0cdc2518b20,brinquedos,toys,431,23,29,25,53.62
41ae58805d29409f880a880352eb4d58,eletronicos,electronics,100,31,26,12,101.24
f5ae5019bd2942c8865ec45fd0bbc8d3,cama_mesa_banho,bed_bath_table,2564,48,22,29,41.67
b494e4c5dbc74b829ce01a3794cc7d4e,cama_mesa_banho,bed_bath_table,3179,24,12,22,132.79
74be87a5fb424533924c0f4a57deb291,moveis_decoracao,furniture_decor,3266,31,27,25,108.11
0839a0c47e014a298219d438a2ecdf88,utilidades_domesticas,housewares,2681,23,32,35,97.28
a2d69d185663461c84c365bd35cd861b,ferramentas_jardim,garden_tools,2963,52,18,18,69.75
447e1fbcfe1b4271b12456125d168fea,ferramentas_jardim,garden_tools,3295,25,29,19,188.84
8647f0966f774e7d996bb4d053a04c5b,telefonia,telephony,939,18,18,20,86.93
b6a71ee321224cb0b90d6ddd48e70d01,automotivo,auto,1458,36,17,19,116.66
df6aee9cca2d4e4cb54ddb5b0f61e5bf,utilidades_domesticas,housewares,3135,32,5,20,86.94
c52c7cd38db046d295ab6632f94e3ce5,perfumaria,perfumery,2976,40,12,44,124.07
23b9c0c4ee01442ea31f7d5f69f03c33,utilidades_domesticas,housewares,2497,18,5,13,19.99
b9b1be3243e74938ad6513b86a24da22,bebes,baby,3189,32,12,28,136.63
15aff01c7d0249848ba72dac3f8f09c5,brinquedos,toys,1996,42,17,17,134.83
e0870bb55f0447db9c312c1082e98778,cama_mesa_banho,bed_bath_table,2141,31,37,21,72.5
2d46d76a2006409ba2a7ec4b40c7a16b,esporte_lazer,sports_leisure,1834,23,23,18,102.99
6ac945eb953942eaad65ee025d624d47,relogios_presentes,watches_gifts,3012,25,13,34,146.94
a8a8958559fb4095b1255f24d624c864,cool_stuff,cool_stuff,945,35,27,34,131.38
6b15ec4d8b124669bf029e9a03612472,cama_mesa_banho,bed_bath_table,1976,25,15,34,81.26
9f6d07ce070f469b8f88d403a73e03ad,telefonia,telephony,1722,31,11,32,86.21
fe8732deb93347f78c999a2e16c729c6,telefonia,telephony,100,32,13,33,46.09
5b460f13e8fb49ab8ff8a93808757536,cool_stuff,cool_stuff,1214,33,20,31,96.67
358b97d352ad48d3be3963957a3da136,automotivo,auto,2821,35,30,31,139.54
93d4de52af1f4b77adb61d6b3665dd1a,relogios_presentes,watches_gifts,472,24,32,36,172.82
ba13323960df42669d7610af6333dde3,esporte_lazer,sports_leisure,100,27,17,23,130.86
dd589cc4f7b842dbbb798595012263ca,eletronicos,electronics,2200,39,23,10,81.47
97e9922e39104749833a0d623cd85dde,bebes,baby,3343,33,22,27,144.54
b8babe4def4f4b4bbaabeac3b2af1cd1,perfumaria,perfumery,100,27,19,35,126.43
0a6abf20818c45e19b4d1798210f4e9f,automotivo,auto,182,34,13,15,106.63
a8faeeadbb35430fb1afe3a310264855,cool_stuff,cool_stuff,1934,42,23,30,186.29
25b4e4d22b3047af9d3ea5a3710764f3,brinquedos,toys,1581,36,5,25,78.65
30324c77dcfe474b8887f0e0e4341fe2,esporte_lazer,sports_leisure,2430,28,20,12,145.5
3cb0ee832a4f4eb89361c49bef7708dd,perfumaria,perfumery,2001,35,13,18,131.71
7c17512115f744e4b76b118496baf317,esporte_lazer,sports_leisure,944,34,5,21,168.9
b5cfee5715c34e3bb8e6ac8a05fbf53c,utilidades_domesticas,housewares,1851,31,35,10,68.69
e1d10fc0670b44fdbd95caaf6f8597a6,automotivo,auto,1179,38,27,18,179.92
ed83f7ae98fe4694ac7fd61a888c1919,eletronicos,electronics,1177,42,11,24,77.75
dddb6b29a4d14f90b00ac109e5420bb3,bebes,baby,2344,24,19,29,149.08
1e668e88cfb040d299c71e3e3c244053,beleza_saude,health_beauty,2209,32,16,22,130.9
0663529d633f42dcaba28eb9b3f5863c,bebes,baby,1699,28,20,12,153.36
be45c22fd06540f5a052e6aca81baa3c,cama_mesa_banho,bed_bath_table,1644,40,20,11,86.04
678162ec65254670981515190476cc5e,automotivo,auto,1340,37,5,25,160.55
34c8a04566e541bc8d36b0f16c6cb9af,esporte_lazer,sports_leisure,970,30,14,19,102.75
3e0c0afb5dee4fe883921c5a234a316d,moveis_decoracao,furniture_decor,931,36,14,17,248.4
9c559fe12e0844ef9045b21cde280b4e,esporte_lazer,sports_leisure,2268,11,13,26,124.71
a5befbb836764bc3ad8417645e96de68,esporte_lazer,sports_leisure,307,41,26,28,155.7
5bb90495858342a6b7277d27aea8f544,relogios_presentes,watches_gifts,1861,34,32,33,159.51
07c5a80307b9437ab4a8bb7f392efed0,eletronicos,electronics,2006,23,24,28,55.41
35e81f5a4cf14b988fa2e84ca0239cb9,ferramentas_jardim,garden_tools,1402,32,16,27,163.21
16e38599d7d543b68d17f14275f11505,informatica_acessorios,computers_accessories,1475,32,31,28,154.04
fa54fa64f3864d478ae9ba15713bea51,relogios_presentes,watches_gifts,733,36,22,35,212.81
9d5ca6c055294bd2bfdea728410b9a62,automotivo,auto,100,12,25,20,157.47
2673e105451a4505a59c26c2084b677e,eletronicos,electronics,1591,28,19,18,89.61
8f28e738578b43c5ba165659eec5fae3,moveis_decoracao,furniture_decor,1032,26,17,23,206.11
d3add50f76d34565a2d9813927e347b9,bebes,baby,1396,40,32,31,148.71
6681129a11904459a78f685f54a8416b,cama_mesa_banho,bed_bath_table,1761,38,20,32,110.35
4fd5f1ba42bc414496eabfbe9d1ada2f,moveis_decoracao,furniture_decor,1212,38,20,24,136.19
c1b5e5e6e163467c8860c2b4d27857d9,informatica_acessorios,computers_accessories,1632,39,27,27,171.98
b0ef32a8c5ff410eb0a03cd1aa390750,cool_stuff,cool_stuff,2517,28,11,35,141.16
58794771d63b49a9a29d0158092d8c3e,automotivo,auto,947,12,24,12,109.99
522c1c74fb674a30ac1a6a62c4917ded,moveis_decoracao,furniture_decor,1970,37,14,23,116.37
32676f23dd9f4e31af910327c578fa62,esporte_lazer,sports_leisure,1061,32,15,23,71.06
5f087805055d44b9b1fa173c439ecdee,cool_stuff,cool_stuff,2406,35,26,35,127.87
956f671ba7f7453680fa387c7f180681,moveis_decoracao,furniture_decor,1213,11,45,23,211.94
619ba8e45eaf469891b143550d88de23,brinquedos,toys,509,39,34,24,79.67
230ea4fe91074e799c4c3a0c2590cd13,automotivo,auto,1388,10,19,31,138.57
bd1453ccafed4d78a26a88428b572452,cama_mesa_banho,bed_bath_table,1272,35,24,11,97.22
5fcf9259998c4013b4631ccd5bfab8be,automotivo,auto,3448,16,19,40,184.17
e9eee80e3d07490d8e94131eb50a2b57,cool_stuff,cool_stuff,1089,32,19,19,161.66
4a9f52193d5b47ce8dedba7b97ca00d2,esporte_lazer,sports_leisure,1276,31,14,14,113.76
ca1e849d76d543e99c9091e695fefe13,brinquedos,toys,2872,30,17,31,105.25
868df085cffd41539bc35034fbc675db,brinquedos,toys,2994,29,25,18,125.09
ace9d76eee43453ba3e9db8a3745cba8,esporte_lazer,sports_leisure,1720,29,15,19,123.47
9508cc96ca264b808de0ba1a25442eda,esporte_lazer,sports_leisure,2003,28,22,24,117.96
7bc1d6d072814ad9875da5b889570aed,cool_stuff,cool_stuff,1339,30,41,27,194.04
7ee52d33ca004474b2ea7e9c0125b944,brinquedos,toys,1850,27,30,22,141.65
c63815880548428cbd0bd5129a9e44df,ferramentas_jardim,garden_tools,1232,20,22,16,153.75
72e5f5dd549248e9af1e84b96f8b2d24,eletronicos,electronics,544,26,8,47,48.65
2201ced9c6a64e349427066449d53969,brinquedos,toys,1507,41,28,31,100.48
a2e07da8dd8249809fc2ad9c90c3303b,relogios_presentes,watches_gifts,2580,39,21,26,191.76
64c671dd1b384d5981060e8d653fc2f1,bebes,baby,772,42,30,17,124.62
0b9157b102754e998ecd7f38b5ba64f6,eletronicos,electronics,1385,29,20,32,71.32
6fa23dd2eaa149519031962400c71c25,brinquedos,toys,822,42,16,14,95.45
5322fdbb86c84209ad9d4637fc93f932,beleza_saude,health_beauty,1235,45,27,34,158.7
bb9a9da96f7d4b1bae60e2ab68273286,bebes,baby,2256,23,18,17,122.63
f713d38512494d658cb5cf5cf79d4a7a,bebes,baby,2047,31,30,15,147.51
6892da710844480aaaa7ec6a0531ba02,beleza_saude,health_beauty,501,30,25,23,149.29
5990387aed7a445aa51b2b4e4311c3c1,cama_mesa_banho,bed_bath_table,732,13,24,38,70.1
f4de54de6b6d4cb0badbfd06ad54f542,beleza_saude,health_beauty,2477,30,9,15,130.55
1a123d8552084f909fdbc82774d1dbc4,cool_stuff,cool_stuff,1176,16,6,18,173.72
9b99d134c6b94fc6970b7e69cadd4116,perfumaria,perfumery,1494,24,21,33,136.82
a089a9c17e2e497a827493082bdbdcf4,brinquedos,toys,1402,39,12,23,103.97
1262d2a4d3a347e2975f0128e8339b8d,moveis_decoracao,furniture_decor,510,25,5,40,113.13
a7086f0ff5354a78968ed4675ca6815f,cool_stuff,cool_stuff,2768,30,24,21,174.36
bc745f46e7eb4474b976c58495748f51,informatica_acessorios,computers_accessories,2020,36,26,22,123.38
ce5a83a2330f4016b7d4497713cfe39b,perfumaria,perfumery,224,35,28,37,134.16
65beebea7dec4433b5644ab26593e93e,brinquedos,toys,886,13,28,10,99.78
426337f415184c56a0fd7b65b6073a42,utilidades_domesticas,housewares,1320,29,20,26,36.69
ad25aa4bc0da46c8903d207ce987074d,brinquedos,toys,1511,10,25,20,45.29
f655c7c941bc43efafdee2ca0afca1bd,cool_stuff,cool_stuff,848,24,29,26,180.5
97f54d7dff3c4a10a19f3fb84b750db7,beleza_saude,health_beauty,2444,29,26,30,84.97
bc0ebd9ff1ba4f57ba286026099888b3,telefonia,telephony,2678,15,27,12,87.02
24a45a636708423fae92792277083665,eletronicos,electronics,2989,27,17,29,81.77
9314e8dfb5064c65b9a97dca5a86437b,cool_stuff,cool_stuff,2954,31,17,20,123.02
655d153faec942aaaa797891f6a091c9,automotivo,auto,997,26,16,19,223.95
8f169a83021e4a208f278dea19c63e48,moveis_decoracao,furniture_decor,675,31,24,30,157.07
0c3c85537e9148ef85e8fb8268dfe60e,cool_stuff,cool_stuff,1307,34,22,22,94.72
9a2eb35005494e4388d84ff749de1146,moveis_decoracao,furniture_decor,1125,18,14,25,177.94
23d6e9fdc6444e809eb17e175d69527d,telefonia,telephony,2924,24,26,27,100.92
2197a0b6f2824cf5b868407bbb5245e5,informatica_acessorios,computers_accessories,1960,19,6,27,121.22
5250a7e36c784412b36b912c22b62296,perfumaria,perfumery,715,17,21,37,112.74
0324dcea48ad4e209b5b18f081416b03,perfumaria,perfumery,1972,28,9,30,92.16
77748641bf3d427b8401eb927fc92714,cool_stuff,cool_stuff,1517,26,27,16,182.59
c77498c6f7474c379368a2a6c93fd8e8,utilidades_domesticas,housewares,828,24,5,41,96.01
929ce16ad6554a40b763c3f92d579244,moveis_decoracao,furniture_decor,886,18,16,30,65.4
96aa6093909c4f4c8c0755f600b57e64,telefonia,telephony,1386,47,10,25,119.07
a2ee257b279349c3a2908d17993555b0,cama_mesa_banho,bed_bath_table,2005,31,24,21,127.49
72f7733c577e4ba1b31daf5c05792239,ferramentas_jardim,garden_tools,1180,10,16,17,125.16
d8e0c98ae58e4b2780eca4b29e16b805,beleza_saude,health_beauty,1292,41,25,27,129.9
100b96e4824b441780ccf9e6e89e6989,esporte_lazer,sports_leisure,652,10,20,31,111.75
e5b39f79e3d2408283cb16bbf359a254,telefonia,telephony,1072,34,19,38,99.65
3f83974215334a299c63ff7e6ba2d0cf,utilidades_domesticas,housewares,2267,37,9,30,92.53
26ae703fb93d4ed694c9a34852951fff,telefonia,telephony,1985,34,23,46,73.48
f10aadbfb6b649bfa44fd7768e2d555e,telefonia,telephony,2249,25,26,32,82.29
4a2ac03e167946d084f6c905ad9158c7,informatica_acessorios,computers_accessories,2835,21,16,26,184.64
fbc6f4d3a882479c8ae865438d152353,relogios_presentes,watches_gifts,1643,42,14,15,228.49
9d794a87d95a420ebb00270f2c6832fd,brinquedos,toys,1438,35,19,22,107.75
eee711f30fea47afb4751d14bc6bba85,esporte_lazer,sports_leisure,1523,26,18,21,140.7
364f6d99cbab4376b4826de2415c3e51,relogios_presentes,watches_gifts,1655,52,21,20,370.24
9dde4ff5a481405282a7aeba2d4a94e4,bebes,baby,1830,39,24,29,148.75
a6a57bc9cd8042799cd2d9a9ca79fa35,ferramentas_jardim,garden_tools,618,33,9,23,109.6
37a50462dd464369ac7bc554b03a0444,relogios_presentes,watches_gifts,1785,33,23,27,173.59
18120a9b788446a58f2adbb2f0ba018b,ferramentas_jardim,garden_tools,1291,39,28,15,81.42
9a0bab84d12a429083e99cadd5515017,bebes,baby,918,40,29,17,140.76
602882b107a84b0eb6ef2d68f75f320e,relogios_presentes,watches_gifts,2967,34,31,32,155.39
6b7efbdb1c184dc8ad7ce6ff4aba6b77,utilidades_domesticas,housewares,1348,30,20,32,93.17
666681491023407f9d3f0fe74a70705e,esporte_lazer,sports_leisure,100,16,5,26,122.21
ec46a3f90db94b578d0d551d62184b85,perfumaria,perfumery,1726,20,25,30,87.35
7181364fb1104af19397429c6fe029c3,relogios_presentes,watches_gifts,327,29,34,38,243.8
3332d4693b904e54bb7dbdae8e504906,automotivo,auto,916,38,16,18,54.24
4f2d28c6fd134285b647bc24774fe5d7,automotivo,auto,1581,23,20,10,146.79
2f7768ee9d624550ba46b047071cdf14,cama_mesa_banho,bed_bath_table,100,40,24,22,109.07
ffbbccfb954844e3a11ea6e1e96b2da4,relogios_presentes,watches_gifts,717,30,26,10,183.17
e22bccfc8f5049f0b78d7739a2785c5b,informatica_acessorios,computers_accessories,1481,28,31,16,117.05
7d7e5d9c7b2543c1b0300959adf91593,telefonia,telephony,100,45,18,21,73.95
3edd1691ddaf425ca248333c3fb1f882,cama_mesa_banho,bed_bath_table,2008,33,41,28,83.37
bd3072759b4d4075a616152701b912b5,moveis_decoracao,furniture_decor,1050,26,7,25,199.17
6fa59bd0d6ed488abe8d5521fe66cbf1,telefonia,telephony,1009,21,32,13,33.64
09df9c9f2def4020934a58c292319e95,informatica_acessorios,computers_accessories,577,14,23,22,135.11
255ecc30a4de44d09838b995219e6175,esporte_lazer,sports_leisure,2422,23,26,37,101.33
93c85865cccc4e2689081d7116b64102,cama_mesa_banho,bed_bath_table,2089,27,27,12,53.86
a28c3c40210243d19711882d2c290f9a,beleza_saude,health_beauty,1186,21,15,23,155.2
a5624dddf4324200a95300788f7cd498,moveis_decoracao,furniture_decor,1173,21,17,18,113.3
5383532cb36847538b0134a6d986f197,utilidades_domesticas,housewares,209,30,15,32,56.05
15af6b33e3d3421c803ebaefa2bfe860,bebes,baby,1066,48,12,23,87.45
45ae8837f2df45da9523858b75d75c80,brinquedos,toys,421,45,21,26,59.11
0f5b266a470e4a47b73cf82fb0c83600,utilidades_domesticas,housewares,1786,41,29,30,62.41
146517b5f0c34280a168d15f26add73c,informatica_acessorios,computers_accessories,1750,36,5,16,184.97
751bf7ea186b4ebb84e9a9f336dd1c3d,bebes,baby,2200,14,26,25,157.34
9453da6ded5e4998b39c6f33ef2b61d2,eletronicos,electronics,992,36,26,22,90.44
68b3dc48d6144396acf6cc48fb836ec0,esporte_lazer,sports_leisure,981,46,19,17,93.53
f112f658ee584b2cb825d62d0d6508ef,bebes,baby,1601,37,9,39,140.8
a962746c3ef8421e8e50b8d6182cc1af,relogios_presentes,watches_gifts,1873,29,20,23,271.07
524fc1c650b44c91b8224f8a410252bc,eletronicos,electronics,1493,37,16,26,69.9
3a80e5f2b9c44ff28963146e4a10b0e6,brinquedos,toys,2473,21,17,22,99.38
0ab466d7c4ab4523992f1e5466aa6d99,ferramentas_jardim,garden_tools,2077,26,31,18,140.93
4cc6c69f03c44de0a9cb1fefcd009223,relogios_presentes,watches_gifts,879,34,19,23,281.31
fc3d65a80d4f4ae6af4bb850ca9f420e,informatica_acessorios,computers_accessories,976,35,13,25,91.2
c033082851f24c66bd7bce8e8a047cfc,perfumaria,perfumery,969,29,34,25,174.64
526a790ffd4f45bca79cdcfda3f479c5,esporte_lazer,sports_leisure,1676,26,32,28,95.72
858a79ea56024cfca8514a5414504f34,telefonia,telephony,1876,27,5,32,96.9
3582cc660982435496eb3915acfb7f6d,automotivo,auto,2970,34,18,31,173.99
afae35178c8048e5b8a24179fea174cd,telefonia,telephony,2810,29,18,19,85.75
e47e73606ff84ac599fd84ef966364eb,telefonia,telephony,261,37,24,29,77.76
74f9fff5e44740b6bc699a343c08c869,eletronicos,electronics,2726,38,15,20,68.01
7bde16d4126e49389428b39f6898b554,moveis_decoracao,furniture_decor,1941,19,28,35,116.05
0627f81e424f4b128b5cc430c77371fa,telefonia,telephony,1351,30,27,37,41.29
94ba627bcc0e43179121c15710b53367,beleza_saude,health_beauty,1245,27,8,21,144.97
dacc58fa97824189a1bcf5ab51a9009a,cama_mesa_banho,bed_bath_table,1277,14,42,27,97.79
a7f7e1eb2a5446ac80b0a373a80ea91c,utilidades_domesticas,housewares,621,32,18,10,63.59
9c159975713c4a23980da086097f4dee,automotivo,auto,2135,49,22,33,133.77
53d031036027430eab7b61c2e5ae9a94,telefonia,telephony,1430,40,33,35,53.67
3d74fd58afae4bf89fcdda064d104ab8,informatica_acessorios,computers_accessories,1446,32,17,28,181.93
bb72d58a23f540d690e6b32bc9caefab,informatica_acessorios,computers_accessories,2302,46,17,14,161.12
34e085648d8744e4bcf60df93226f365,brinquedos,toys,3007,25,25,30,115.74
a8357cce22394fc9b9c86c0b83692baf,relogios_presentes,watches_gifts,1505,20,5,16,186.58
0034982959e94d4fb37fcb5a2ffe3aae,beleza_saude,health_beauty,2377,28,15,17,152.99
268c348f4da4468fbefcfa184e1d4aee,beleza_saude,health_beauty,2586,40,24,13,117.69
b09803ec828c40ef930b042b5df67a84,moveis_decoracao,furniture_decor,3057,41,7,24,178.15
e2d53effd70b4c0e8131713cefbe6693,telefonia,telephony,890,10,20,18,59.32
170403ee444144ddb26ec16da8a78ef5,brinquedos,toys,1216,28,19,17,103.39
ef2e69529d3d4bfcac2273c9bac2a6ab,eletronicos,electronics,100,33,5,22,112.98
7edf4792d3054b3593f53111a0c583be,bebes,baby,652,37,29,10,124.7
f6c74e80cf384b4ab79da1393da46d77,cool_stuff,cool_stuff,100,28,19,10,251.62
6b82059bca5d4fd281909441afe450c6,cool_stuff,cool_stuff,1728,21,31,10,109.69
642fad5821e3496da9dea4984a870915,telefonia,telephony,100,48,22,30,81.02
a400edbe1bc34c5b998914906a4932eb,moveis_decoracao,furniture_decor,1959,30,22,25,129.57
dc8af209c0d14d29a63152f80161c2b3,automotivo,auto,1462,32,20,13,86.2
f698787e0a104817808fe2a9959d3644,beleza_saude,health_beauty,2366,26,24,16,78.44
81811e8cfb5946a184c277814b5a4a8b,bebes,baby,825,27,14,35,136.28
d793cc7d7a2d450482881b36cb652921,cama_mesa_banho,bed_bath_table,2979,34,5,33,57.26
75d82e3506e14867b71436a845be9960,utilidades_domesticas,housewares,1684,22,37,36,70.16
eb00f19a5595417587f78ea8e0f4c3b8,esporte_lazer,sports_leisure,1398,32,26,25,84.25
6190e489064a4701bd56570249b95855,eletronicos,electronics,925,29,29,28,70.66
2dbea663c66843ebaf911405f463ac90,moveis_decoracao,furniture_decor,2018,26,27,45,142.06
b175cc86de9e4a3f8b2350860fd33787,ferramentas_jardim,garden_tools,2141,22,19,25,128.22
fa116d6065984b999e907115c35d72f1,relogios_presentes,watches_gifts,3470,26,24,10,235.92
2f6bf7ce45a844c6933be5b09c48f649,perfumaria,perfumery,2413,24,5,24,125.52
cabc010cbbd44509b047f076bd90d92e,utilidades_domesticas,housewares,2079,50,16,18,61.66
5d3856a4d7584a78ab4fa4e1b243d49d,relogios_presentes,watches_gifts,1658,34,15,31,237.92
dd8cb32ac4524c1485825553cfecae30,beleza_saude,health_beauty,1534,20,16,10,138.25
29dd3aa70d49476ca46d269ff5ad97fd,utilidades_domesticas,housewares,1521,31,24,28,82.79
e62619f2395e46e098abb3fb70291c39,beleza_saude,health_beauty,1538,15,15,25,104.25
9bd303785d8b4d48b7aac7479d6be13c,brinquedos,toys,2188,23,21,25,132.39
ff9ad4d611f24bf7b5059d96b20fece0,automotivo,auto,2220,36,5,34,201.09
a681d70c44ce4d9a9caa268f1d119f44,informatica_acessorios,computers_accessories,1114,32,12,10,111.76
8a3406416cd94f74acb88248004409ba,relogios_presentes,watches_gifts,1067,26,12,19,209.34
d65525b49a7747168e8f5ff50994d13d,automotivo,auto,883,35,25,44,185.03
9cd2aeabfcc547d8934b15fe0a891d7a,moveis_decoracao,furniture_decor,1694,23,22,27,134.33
276831dd6aec4b81b8c699c3c78c9d0d,cama_mesa_banho,bed_bath_table,2126,16,18,29,87.81
aa0cf0e9b7bc4cdeaec21336542e42cc,utilidades_domesticas,housewares,1334,28,13,34,64.64
7434835011f841b8a39395114dfab70b,automotivo,auto,1754,34,12,25,103.61
e278984d7f5344cb9bed19dfb1eac7ab,telefonia,telephony,2612,18,14,15,47.85
7f0b06f2416241038038a9b3393edc4d,perfumaria,perfumery,2772,35,21,19,152.23
b4f3506d3f9d44fe9b492e915c3b6f04,automotivo,auto,840,37,13,19,170.33
2ecdd276731d465a91a84581c4823d9e,moveis_decoracao,furniture_decor,2191,35,11,21,167.84
88adb653c4d44bfcbc354b6771d9f6c8,bebes,baby,820,43,5,18,112.17
eaf032cdb8464c0aa4bd9449bb72fe3d,brinquedos,toys,100,16,25,25,157.19
aa4d3c9afa9a4d1fb31b62a24b8f63ce,cool_stuff,cool_stuff,2736,34,22,25,45.52
3cf6a21a1c074765ba05d419a36e3ca4,brinquedos,toys,384,31,24,27,83.23
75cadadba9b1411a9d80064145aaa868,cama_mesa_banho,bed_bath_table,2249,44,27,32,81.02
2fde02dc8b294836aabc6c14b3aa0c0a,esporte_lazer,sports_leisure,2360,31,24,27,111.36
8ff04314108140bf9ec3a49fbb57f466,cama_mesa_banho,bed_bath_table,811,29,27,21,117.33
d315797ac5194c77a7defef6e9442066,utilidades_domesticas,housewares,2089,27,31,22,115.19
f7d2af3be2b843f4b3d92cabb2033e41,relogios_presentes,watches_gifts,1847,29,12,24,197.77
3a52bdb0fcd44ad49074360112619f84,perfumaria,perfumery,493,27,13,29,164.19
773be12192924853971453bd6bcd46e4,relogios_presentes,watches_gifts,518,47,18,17,255.47
1ce3ad7f5ba0415091443a0755f0e8a9,automotivo,auto,1142,29,16,18,168.96
25baefe881d4484bb046acef31379262,relogios_presentes,watches_gifts,1270,15,24,15,140.8
d79d29046921496ab336e6c0ad67f1cc,perfumaria,perfumery,2454,18,5,29,115.88
9640e414b8334a3ebd573944ba2bb70f,esporte_lazer,sports_leisure,1325,26,21,18,159.28
b5674a8a6fd848458187b9d1501490ea,informatica_acessorios,computers_accessories,319,34,25,18,98.93
369a9619a12c44e9bda8be5fa9250a9c,brinquedos,toys,2313,20,15,32,111.04
2916e1b5a14f490285d348b871ba6304,automotivo,auto,100,47,15,21,150.23
38d5da9f648a4cd6ad2104add9cd7eea,utilidades_domesticas,housewares,2000,49,6,31,99.86
33b7f6492b6c4abbb008ddb853809bbc,automotivo,auto,1390,37,27,13,209.99
63ceb02e116f42e09c1dc1159f20cc78,beleza_saude,health_beauty,252,18,17,40,119.21
65b2cffc9833407d9221ac8b12a3a61e,beleza_saude,health_beauty,1474,44,17,15,115.4
16da0633fcc54d53b545b9e96f7100ca,beleza_saude,health_beauty,2596,30,35,30,107.43
f39785916c534147a45e57e97a6d8d85,esporte_lazer,sports_leisure,1540,21,14,60,145.56
18d7efa65384462fb379e4c560450969,ferramentas_jardim,garden_tools,2188,23,32,33,200.86
5dd445228a044dcaae4df6b48e6cdf3b,relogios_presentes,watches_gifts,2966,15,11,16,153.36
fc6050683bbc4fa085b2bc763aaca1c0,perfumaria,perfumery,1758,24,36,40,124.81
5e5288bb17724f88bd6a3d62564b5a40,telefonia,telephony,3064,44,16,10,70.64
1ba9d58de4244d7d938af0df3e4960f1,automotivo,auto,984,32,20,25,160.95
0b07575af87e4f20aeb316b014635472,telefonia,telephony,529,34,16,26,94.15
820ef5c7e81e44feb7e89903a72767e3,esporte_lazer,sports_leisure,520,27,19,20,141.99
c43eb85aa1474640a39c743fd165e244,brinquedos,toys,923,24,14,33,95.23
003436ee4fb24cfa9a34e311a6463b22,eletronicos,electronics,1868,49,19,33,131.78
5134a2fa92074ab4b965f05b07281f23,automotivo,auto,2321,29,25,14,108.8
3975c8cc68434098b4a6e963cc104473,esporte_lazer,sports_leisure,1016,52,13,18,83.68
9ba9bede06d44b8d866c19791af130aa,relogios_presentes,watches_gifts,1947,31,28,30,127.18
6ce978a8ef2c4e618179c2e14442f65a,eletronicos,electronics,854,43,18,34,86.26
507083254a1e4e3480449a061da73cba,brinquedos,toys,725,26,12,20,116.03
0605af91f70844df89c116cb297e19af,relogios_presentes,watches_gifts,1909,14,19,20,171.1
cabe14398ca946b397e41f8ed8af398f,esporte_lazer,sports_leisure,1606,24,31,34,150.45
c1332aa57b554da799607a1814e4aa3d,utilidades_domesticas,housewares,1104,20,20,23,72.82
d7cc20ab83ee4a8a87db7f5a1d31c6a5,brinquedos,toys,559,29,16,30,129.95
2ad8743ba66a46c08baaaaa787318fb5,ferramentas_jardim,garden_tools,2380,17,23,19,92.29
c57580df772440f0bd52012c3d82ddaa,bebes,baby,1157,40,17,37,149.21
7f756fd629674eca81b0dbe0b52b11bc,moveis_decoracao,furniture_decor,1184,41,23,17,252.94
647b7e85495d496c9a35468ace650316,brinquedos,toys,1707,30,13,34,125.52
c2ab62b119fe460e8c3dbbdb43521e90,relogios_presentes,watches_gifts,2003,24,26,32,169.87
0d08e32145d74ba4aeea5f45906432d0,automotivo,auto,366,35,7,26,122.11
616ec5ec2cf24564b30cb8d3744b9222,bebes,baby,2474,26,28,20,165.0
76a7cc5b184a411dbe00252a7b89f317,automotivo,auto,3148,19,22,46,142.66
a30e381499dd43429dc163757a9b91ed,automotivo,auto,1549,37,20,11,185.29
c507dc17e334463f97a08822801fdb3f,telefonia,telephony,100,25,29,22,61.13
51ec8eeb531c40c895533c8d8ab97dc7,ferramentas_jardim,garden_tools,2203,21,10,27,128.6
4b13f72428b144059553c047f62ad5c2,brinquedos,toys,505,36,23,22,101.26
5ce3240e44564e8989d3cd5b48345b9c,moveis_decoracao,furniture_decor,1876,41,17,30,188.26
dc93d97cecbe4c65a68045986447ae31,telefonia,telephony,2203,30,12,21,81.86
22a477c18583479abd9e5b796b7a5b81,bebes,baby,2954,25,26,22,133.87
d978d456c257435eae17195bcf61661d,beleza_saude,health_beauty,2712,37,10,20,173.97
7e0be017230044d486a04bb81ef4df55,relogios_presentes,watches_gifts,1613,18,13,30,269.66
3ba8a01404ad437f9931cf68277d7e8b,relogios_presentes,watches_gifts,1514,54,26,23,161.06
dfd2c9edcbb6488d84a56ce7b663b1d6,cool_stuff,cool_stuff,720,33,16,38,230.98
b69f9b1622e1462da24dafd1bab24f0d,cama_mesa_banho,bed_bath_table,2006,18,14,35,80.92
86a11236580b42c1b5212e3de1640ce6,utilidades_domesticas,housewares,2397,34,20,19,83.12
f8a24f72afc94e9b8c4d9eae80ec724c,brinquedos,toys,1651,40,12,22,111.34
ffccdc936efb481daad6e5a4897687d0,moveis_decoracao,furniture_decor,2030,20,9,30,84.1
bb7e053eb69d4471887bce6fa850a716,perfumaria,perfumery,2527,28,7,21,136.37
09ec3ca688cc4ffdb88ad8e77eb369f9,eletronicos,electronics,1073,30,25,23,66.57
9442e420d00c4458bcbe14825e281a0e,ferramentas_jardim,garden_tools,1260,44,33,10,173.19
32f44b410610416998ce806b8a53b966,bebes,baby,1700,39,15,10,150.46
02780bcc075a4ff7af2689f7184b9cc6,ferramentas_jardim,garden_tools,747,16,9,29,139.88
6ea03ba4d83944ce8b0b8e4747583412,cool_stuff,cool_stuff,2125,36,16,24,141.99
5f4a9ff9d7844fdda9e78ce42025f569,beleza_saude,health_beauty,1331,20,23,33,101.42
14258a1bfe394509b4e71bb7f55ba467,brinquedos,toys,2525,31,21,11,55.78
52ef435f50734b85825cf0873a0253d8,telefonia,telephony,1615,37,14,38,89.7
ef023121ec274166a1d3faaa04afe9af,moveis_decoracao,furniture_decor,773,30,39,15,186.41
e039b6ff03a443f0836522740d469146,cool_stuff,cool_stuff,1241,37,30,21,215.35
f8775dadc2cf486c8060c0b53da058d3,perfumaria,perfumery,3276,30,26,20,125.58
cd324db1192d4a74b07aabd6cf806729,perfumaria,perfumery,1358,37,29,24,171.01
ed9a3457f83448eaac4ab8fbd4f37cf4,brinquedos,toys,2724,38,15,20,85.63
1115a6619aee488ea5cb8dd83eb0c095,brinquedos,toys,2259,17,25,16,134.71
b6c339da9131414e9b4f337789433611,informatica_acessorios,computers_accessories,1513,43,29,36,210.74
017b2c7d56574beaa2c65f2590dd282f,ferramentas_jardim,garden_tools,1614,18,11,10,97.07
aa779d12c37444dea4888dfa77ea8011,beleza_saude,health_beauty,1555,24,18,28,119.36
a2806f0079534d87bd63120b0588250f,brinquedos,toys,602,29,12,22,150.28
4722a8b26d6d4d5ea0aefbc59743704c,telefonia,telephony,1283,47,31,20,52.78
9401f516f12d439684427a1dc879cd2d,esporte_lazer,sports_leisure,1457,41,16,32,151.25
7c734817a5fa4cd6a32fc845bce5e049,automotivo,auto,880,23,25,26,112.56
2ffb70a91c384b81a7e2aaedfb48d29f,cool_stuff,cool_stuff,1218,29,7,31,143.46
1c4fbca9b94147dcaf29694401d50d35,ferramentas_jardim,garden_tools,100,29,14,38,114.51
1b9c1dbec2b0429695617aa9b39b9b5e,brinquedos,toys,621,35,14,18,125.29
a4a7c068e0bc47a09c008d15dda9fda0,perfumaria,perfumery,667,15,33,29,117.07
76c6861facd8449db458a98ae694d5bb,bebes,baby,1497,35,27,18,142.82
23c6df84fc5b4064ac0474bdf5e043fd,utilidades_domesticas,housewares,1094,28,21,24,99.71
3a2da1d578454e788bb6409bdfb130f7,esporte_lazer,sports_leisure,1889,14,9,22,169.86
3e1439e081d04932b5dfae9eed649d42,bebes,baby,818,27,15,20,136.24
a2843e203de740e2a1e1dd0d3b0373e6,cool_stuff,cool_stuff,2620,34,13,47,168.54
f9de021bb9ed488e817a4ba34db35f58,informatica_acessorios,computers_accessories,1038,44,16,38,105.82
749877834730465cadab42a142188125,beleza_saude,health_beauty,2644,32,30,40,90.36
fb1f27229a50435ca84207defd26cc18,brinquedos,toys,2520,15,11,18,125.11
2b317f77c4de47c1a5f1cf913205b890,ferramentas_jardim,garden_tools,1526,28,21,29,158.39
e279ce9331e04921982ad27f14be9171,cama_mesa_banho,bed_bath_table,2375,48,19,20,110.34
5e1d1fc95ed4493094f18dad16f19589,informatica_acessorios,computers_accessories,584,23,27,24,90.63
9e974a23a82d4a21a0d9b6288bc48390,beleza_saude,health_beauty,308,30,29,34,133.88
8f55418ccdd842f7a54731db9b65600c,telefonia,telephony,3107,28,18,10,66.05
39aff8dfda684aa69149e408e8dbd887,relogios_presentes,watches_gifts,2181,45,13,28,272.81
3cb3b14114e9469eb6dc135b23b2fdb6,utilidades_domesticas,housewares,1508,10,21,31,66.05
fbce9674761b4a649a1eb5af4d0394f6,esporte_lazer,sports_leisure,1296,18,5,33,114.89
93bf9a3010da4eb49be20845cc3e525d,utilidades_domesticas,housewares,2778,38,17,24,96.32
911d550879274884a8df872f9dda0fa2,ferramentas_jardim,garden_tools,2273,33,28,22,100.1
11b5d01d970c41ee878a548ecc6aa120,informatica_acessorios,computers_accessories,1448,32,10,14,165.13
618a39bcfc9e42a5896ef098bfe37028,utilidades_domesticas,housewares,1174,28,17,37,110.24
f1082b036d8f473ebaf314796f88a825,automotivo,auto,510,24,26,29,138.34
892092b9585c43f59d7079d78150c50b,perfumaria,perfumery,589,23,15,27,176.11
6fa666e155cb4af09cbe561e659e8947,brinquedos,toys,950,19,19,33,66.59
8cea80a766e347308cd241b73bbabc49,eletronicos,electronics,2662,28,14,12,107.66
d5101eb08e69446a94081cd814c89e7f,telefonia,telephony,1363,31,12,22,65.27
9665f13923bd4b3eb63295769775a25b,bebes,baby,1419,23,7,46,82.28
451ac9f4ef3844d68df3d46e49446f1d,bebes,baby,1645,12,5,25,136.1
ce323ec1a0d941ae9d638317bb947d69,ferramentas_jardim,garden_tools,2509,33,18,17,187.47
3e54bf67891048bdb07adba9aa4acbf5,ferramentas_jardim,garden_tools,2243,17,20,26,122.9
12c4cef44136438e985b43840dfba691,beleza_saude,health_beauty,2117,38,18,22,182.46
cfff96b7c7274ec4a8952c98443ffaa5,ferramentas_jardim,garden_tools,2246,30,6,27,159.43
1d4484abe6a345afaee6e4ebe4a22e08,esporte_lazer,sports_leisure,100,32,16,23,87.78
b5d325d0481042fe90bde136470e163a,automotivo,auto,1381,43,16,32,107.75
bfda04c6bdf347fda1b08a2556b50b4a,informatica_acessorios,computers_accessories,2107,30,22,25,173.87
62f76c11a7d54c1d81b3828b91139976,automotivo,auto,100,15,23,10,118.78
21bc0838f74f48f1b44a360f60b14285,relogios_presentes,watches_gifts,1456,21,14,27,270.56
ce3723ff42114a558f390fe3bf3d3356,cool_stuff,cool_stuff,733,24,14,10,171.38
bf2ca4573ee14a4fa7e7a0fb13d17302,telefonia,telephony,2247,40,13,14,75.43
511ea6fa38ed4791848e3621b3b1d3a2,automotivo,auto,2163,31,22,34,110.43
1abdf40a6ac94042aab424bc4ced0237,utilidades_domesticas,housewares,1324,46,18,14,71.61
8ede97b949d34c2bb786d83990b43783,relogios_presentes,watches_gifts,749,33,12,27,165.84
39e7b4f03ef94d9dabfa36a9da1602e6,esporte_lazer,sports_leisure,100,33,21,29,94.81
3485bdf2f1264c718e894c6c52acb58c,telefonia,telephony,876,34,32,25,83.49
21a6ef714f1248aab9063e70084dbb4e,eletronicos,electronics,1242,14,27,32,107.77
e779b05ff48f4815a835deba2e305651,automotivo,auto,1354,35,27,37,179.54
9b36a24146dd4004902ea7531b72ae73,relogios_presentes,watches_gifts,1551,16,21,27,252.54
72df53ad6297433eb4a99d0099e186ac,automotivo,auto,2583,29,36,10,156.77
5d6028978e054fb1b2dddbe31e979648,relogios_presentes,watches_gifts,861,10,18,13,200.31
b0889ee77c3c44148ffd4e82570ba800,cool_stuff,cool_stuff,1527,41,7,32,169.41
ade58dacca9948538d8a09747d8bcd85,perfumaria,perfumery,2323,25,9,15,86.25
7230ced6a8584ff8a244e80938b24652,bebes,baby,1882,44,15,30,76.68
9a75a4946b6f481e8e95c38e11019f61,ferramentas_jardim,garden_tools,1644,36,8,23,160.06
62694d62b4ba455cad66fa6194ea87e8,cool_stuff,cool_stuff,100,43,22,30,146.43
be980e8977e748898ce977e354efa6c5,cool_stuff,cool_stuff,121,35,19,25,213.94
1f51a074c656473b92f0158b2e6b6dd5,perfumaria,perfumery,2109,49,21,19,119.35
89698f4956c84dddaedab7f04ac4814b,ferramentas_jardim,garden_tools,1832,40,8,25,191.33
883fd0ab560648dea3e5f44f229a70db,moveis_decoracao,furniture_decor,1307,39,23,32,119.51
5f3c06c4ceda42bd84279c8355021dd9,brinquedos,toys,855,30,7,22,117.59
31a17e2cf29e47c6a4d00dcc794ae446,telefonia,telephony,2927,34,25,34,55.71
33bf6949797f4526bc3d0c05b5372257,informatica_acessorios,computers_accessories,1367,54,19,33,188.37
4462615d1968433ca56e301ef41d2bbc,informatica_acessorios,computers_accessories,317,33,21,27,111.06
bf35abe7cd1945f69e7ddb924a613491,moveis_decoracao,furniture_decor,606,25,19,34,250.87
e1ac9981e9d149c1b9e95b70ed2a9782,automotivo,auto,2617,38,11,21,148.4
f838552ae0d3456c9d33704086eca350,moveis_decoracao,furniture_decor,994,35,25,29,211.26
9239c7d431dd4130864742de8c4d7dbb,informatica_acessorios,computers_accessories,776,39,14,17,168.95
63d0e8e3f82843a4ae34f9ded3ded4c5,moveis_decoracao,furniture_decor,2472,34,20,27,166.82
38098be4561c4f1e84debe8773a24487,perfumaria,perfumery,599,17,19,25,125.34
5a66c56c065648acbda00f327042ad60,moveis_decoracao,furniture_decor,2040,27,24,23,251.17
a4175b38feea49128fa6f4441b199b76,ferramentas_jardim,garden_tools,1564,53,22,23,103.52
922a5b85596f43da9cfb4401eba3f9a7,informatica_acessorios,computers_accessories,345,20,12,28,121.32
39b4ccba7ebe44f1b8490bcbb70ce7a7,ferramentas_jardim,garden_tools,1649,42,19,41,93.85
eb284852c8c54db48b4bfad47168bc20,ferramentas_jardim,garden_tools,1379,24,27,10,84.49
dae280ab52d54977a2da8966dec9886a,telefonia,telephony,1414,45,21,14,51.06
4ab89576cb3444ebbc01dacaf0779015,relogios_presentes,watches_gifts,2838,23,12,36,270.67
e39f27d7b50343048debf18712d0f4e5,telefonia,telephony,2519,20,7,26,81.7
e6ffdd772aa64cb4b03b011b9e804668,relogios_presentes,watches_gifts,1791,44,6,31,144.2
b5010b5ad87c4362b769ca8e62a63a00,automotivo,auto,2184,25,13,20,82.18
ce48f0e14a614533a4980d4741cbdc28,eletronicos,electronics,1532,22,26,30,132.2
866e7bb897b04344a7b6744037b3a2a8,eletronicos,electronics,1793,35,31,19,52.79
2f72cfb5b7a944f7b55731c9dbb181fa,perfumaria,perfumery,1660,15,39,36,189.92
8cb10bfbbd1845bcba10cfb5259997d3,ferramentas_jardim,garden_tools,1549,35,16,32,92.46
30f4bfa09f83495caff67a4ed5934c07,moveis_decoracao,furniture_decor,100,22,8,36,250.78
a43b41c4d5c846b5b8a48be202ffdf6c,moveis_decoracao,furniture_decor,377,42,27,12,140.49
e82ef1afc299415f872eda5b9a18f104,cama_mesa_banho,bed_bath_table,1035,37,10,24,77.85
12087acfacff4acb80ca60a51bd5ffdf,brinquedos,toys,1878,27,15,23,171.08
477c0610dde2435da6afd3275946072b,cool_stuff,cool_stuff,1166,19,24,23,101.31
dd6f6fe1c35a4ee19463fe7cbbc72e27,automotivo,auto,3285,26,16,26,209.2
517e8b07f9a34264a0e47bcbaed0e0f8,utilidades_domesticas,housewares,156,32,36,26,60.29
7abbb7b10b7240acb512c2f9e2533c87,eletronicos,electronics,1005,32,30,22,110.67
411cb6472fec412690affd039da8a31c,utilidades_domesticas,housewares,351,15,16,36,86.38
8d703d3a606142518e7da25c11c9a430,bebes,baby,1731,32,28,20,154.09
c6f62af89a624fa69157cc4be276bb0e,relogios_presentes,watches_gifts,835,49,13,17,242.98
1def4bd662f74d93b2cd04c9713e6038,perfumaria,perfumery,1563,33,21,16,173.4
0ea6914702e949f88a355ac8e323dafb,perfumaria,perfumery,2214,43,15,28,130.92
3f96194f7db244d08cbeefd77981925e,esporte_lazer,sports_leisure,2402,41,21,12,168.39
325b09adc2cc42ebb05123fa1673249c,moveis_decoracao,furniture_decor,1944,23,23,12,212.77
a34c7fcd4b6a4bfd915ecdb51cdc7750,beleza_saude,health_beauty,323,27,21,33,133.73
5c32aa6cd89e422b8be302ed20f65683,moveis_decoracao,furniture_decor,2007,29,19,25,150.55
fc4c800601f34b46aeecba10406ab304,ferramentas_jardim,garden_tools,150,22,21,23,129.55
5a8ca01ea0cd4de188e7134a95e7bfc3,cama_mesa_banho,bed_bath_table,1241,21,16,22,95.13
30406ef0f93241aa9c2587ab5e882cb8,relogios_presentes,watches_gifts,1814,28,11,13,365.85
d15fb9c65b0247c2a72bcdfdef84a346,eletronicos,electronics,596,24,24,27,103.02
543a1ed8d90640b09f00ef7dd612cdd4,telefonia,telephony,1145,32,20,22,79.91
a2048f70c8fa47df9ec510dd079fe195,cool_stuff,cool_stuff,2344,29,19,33,208.26
0ccc916cce044794b5fe660ea52c6fd2,moveis_decoracao,furniture_decor,2767,12,27,29,115.72
f4037de376b04ea5a4013b7d5ed1f3ba,ferramentas_jardim,garden_tools,1701,40,13,28,165.5
774021b8b8fc47348f1a0b0a8c0e1d33,telefonia,telephony,643,28,22,18,57.42
cf9de0d7daea4862a1508b1d452e5e48,informatica_acessorios,computers_accessories,1391,38,25,18,174.35
d7dc4940a0204f6ab0d46c86397362e9,informatica_acessorios,computers_accessories,831,13,17,33,174.52
dadee4b82f584650afe626e3c4afe632,bebes,baby,1498,25,16,25,92.6
53f18c7d6dcd4a81a7baa8041a3a406a,automotivo,auto,1221,27,9,18,156.42
2b673815e380454cb253cd4bdd4a0d16,moveis_decoracao,furniture_decor,1507,26,12,37,118.1
d6ab95b243bf4138ae64758f5af7b75b,eletronicos,electronics,1701,25,20,28,55.74
e115b2241e00418da17ec13384a9cff9,automotivo,auto,1494,41,34,23,141.67
fcadc2dbd76042f195cdf3dea221a318,ferramentas_jardim,garden_tools,3269,41,15,20,168.48
f0d95a1ba2f341e9a181ffa7057e9a5a,moveis_decoracao,furniture_decor,691,40,22,29,147.16
67e9b701353247afbba32fbc818b53c6,esporte_lazer,sports_leisure,996,44,18,21,112.6
c96f2392ee5e48dea2a6c9aedce47ae6,cama_mesa_banho,bed_bath_table,1654,19,15,20,116.13
f6e8970dddf74356be1ca8edc3cc92bd,brinquedos,toys,791,12,5,13,150.85
d596f0238c6e4340a6bdbfa2fe0f1f1d,ferramentas_jardim,garden_tools,1512,35,24,25,132.38
724ab2c33b644265a111f1860f256691,brinquedos,toys,2335,31,31,29,91.47
9b76fb97b23d440385067cdd987ce474,informatica_acessorios,computers_accessories,1102,22,29,21,109.07
8e06a314dc6e4054afcd0c97f620d4be,informatica_acessorios,computers_accessories,1755,29,22,40,186.09
993d75f932c5420fb7ba310fcd35a6df,beleza_saude,health_beauty,1521,15,16,30,89.01
0f22f43db7b64188a7701a7de85ffde0,cool_stuff,cool_stuff,3212,30,20,19,187.35
4032bf79deec416db0c2a1186a1026b0,eletronicos,electronics,573,51,30,32,55.24
da08d69a23c24572985a31ab7ef8a813,automotivo,auto,1664,42,24,16,114.0
a25ad91c95fa4856aeec96c8022cc59f,informatica_acessorios,computers_accessories,1138,23,32,10,174.52
71cc70f1d0554475bda02423a77f8a7f,cool_stuff,cool_stuff,466,20,5,20,232.98
f08563d2cc64448d8ab492837db35cdd,informatica_acessorios,computers_accessories,1711,18,28,34,149.68
662a314b7c6b4ce28c5bcc6610a69ffa,beleza_saude,health_beauty,3127,38,25,18,151.96
5d612f60db884510a350cd869f1e8f3c,cama_mesa_banho,bed_bath_table,1673,35,14,26,74.58
c75213a858314dd388f963968bbedd38,utilidades_domesticas,housewares,100,39,7,25,91.66
72dfc78f2c91426b850fc0c74c4c0d9d,relogios_presentes,watches_gifts,1761,27,22,28,254.1
f50e3a1867064f20b4ba2185b46f31ee,ferramentas_jardim,garden_tools,2886,32,20,17,150.26
c788e6a7d5e84af28f373ecf91dc0261,telefonia,telephony,2033,28,24,22,88.42
f85d08d79fbb439cb39f4fe715425a7c,cama_mesa_banho,bed_bath_table,2230,38,20,16,79.7
5401097d299a40979ef0b5026d9883e2,cool_stuff,cool_stuff,1976,54,17,28,139.98
5c6446cf36c94e88a296f28ddde20538,perfumaria,perfumery,720,23,5,35,58.1
cbf06c3ea963445881a03fe174b628be,esporte_lazer,sports_leisure,1288,18,12,36,121.03
db5f4d3c8b6e401985b0eac2c667d378,beleza_saude,health_beauty,727,24,13,24,136.05
a324ff8652d9466a90a8a37bf12f5515,automotivo,auto,3016,10,19,22,177.86
351eda034f2d4bd1bb12f66ff2b7243f,eletronicos,electronics,1783,35,22,17,120.28
637c6dd6027f4e71aad37a1353c263cf,esporte_lazer,sports_leisure,2138,39,30,28,159.43
f814edb6345e44f2a384a0f5c05761b4,utilidades_domesticas,housewares,1802,27,19,24,74.61
792bfd22afcc4adb87aeeb94a6eba36d,cool_stuff,cool_stuff,2805,32,20,28,299.09
0cb212272ef544f29f2169292dc62c97,eletronicos,electronics,594,21,8,23,96.14
6556248de9da49958afe64554961e609,eletronicos,electronics,1127,24,21,20,97.75
08a11ff52d1d4d6c8898352b6393c0f6,eletronicos,electronics,2391,36,27,33,97.07
7fd8b29ccc4f47579dccc047c439e5f8,telefonia,telephony,1373,22,16,20,89.63
266a52209723416d8e563a36c0ea58fb,telefonia,telephony,1777,36,10,36,66.46
93b0c2623a5444f8b74478b59fd33c16,cool_stuff,cool_stuff,619,25,39,21,150.37
3c952d0bfb5f44e69901c0b4d4d63830,informatica_acessorios,computers_accessories,1346,28,13,26,193.4
ee2cf47af9394722be1836fc7b03ebb2,perfumaria,perfumery,1751,18,17,20,126.59
f09d9f9bf52941bba9d2793da7cafece,moveis_decoracao,furniture_decor,2564,28,19,39,203.81
ad4d66713c2d4aacb66cd1f43b143671,relogios_presentes,watches_gifts,1959,49,23,10,259.96
40231fc06cd443a6b5707639bd909d3b,moveis_decoracao,furniture_decor,226,34,6,21,141.81
447445e7390d4644a1ef31fa158d533f,cool_stuff,cool_stuff,883,26,28,19,189.53
028c3ed8ecef48079eb166015f1901f4,beleza_saude,health_beauty,727,28,22,17,84.09
ef13117d595346debdc18bc800137a20,eletronicos,electronics,1893,41,19,21,93.89
31bc1a75e45b43a6907bbdcd8d21c09b,perfumaria,perfumery,1544,32,5,16,99.64
35d1b428ba0f4411b67539c1f9eed50c,cama_mesa_banho,bed_bath_table,1620,31,25,27,62.48
ed93c1a5f7ec421bb66ad5665e4cc668,cool_stuff,cool_stuff,2657,42,9,27,138.21
1b0c9bdf167a44c9944983a48538e0d6,brinquedos,toys,1611,40,37,31,118.85
ce31db6ed5664f349d63998614eb5e45,informatica_acessorios,computers_accessories,1228,31,30,24,105.12
294954645e494a689b016a8e53ee12f4,automotivo,auto,204,35,21,19,181.04
cbfab4fae2524f54869cf4c456c599d9,ferramentas_jardim,garden_tools,1162,28,19,22,143.26
7e125f7668864933824211e1ca99eb2c,ferramentas_jardim,garden_tools,2421,18,23,26,140.38
b954e700bc23489a9a213879842de022,bebes,baby,2197,30,23,30,112.35
0738b204b3e44c8da72fe97ab8de2c4b,eletronicos,electronics,1739,27,18,22,101.78
13d610aad6ba451bae4c2cf246c82866,beleza_saude,health_beauty,1565,33,19,12,131.1
bf38e851f6b749d9a0952733613b345f,eletronicos,electronics,1550,32,15,15,105.62
926e429045d44aa5a6e545d463fd5bac,eletronicos,electronics,1281,31,17,24,78.77
f0c3c199778e4b19abca1520535ed4ca,esporte_lazer,sports_leisure,725,34,15,26,127.31
54b1ec5a1fca415c8d8d7cfe11219d0a,utilidades_domesticas,housewares,1030,17,39,20,97.47
70c28991c46a45eeafd0be86a3234d7a,eletronicos,electronics,3051,37,17,24,69.18
9e65f28b498441b0b83145ac4293f817,bebes,baby,2205,35,15,16,83.76
e39e1325693a427fb9f3ad4b11cf38d4,esporte_lazer,sports_leisure,2289,31,21,18,71.09
cf3f23c44d924272861e6f70a5a03645,eletronicos,electronics,2270,30,27,21,84.08
118b5df839594ebc9d55bd596a69cd62,eletronicos,electronics,2070,37,26,22,105.36
7dd0287095a541d49d3bf1c25acfddfc,beleza_saude,health_beauty,2387,28,15,35,107.09
9099f507f1714285b47b4da81fac6a44,bebes,baby,2003,29,5,34,33.48
db7dbf7bd9914bb1a5277221480c0bc9,utilidades_domesticas,housewares,100,35,24,19,87.96
6ec820a1f91440ea90bca4b93adacbf8,perfumaria,perfumery,100,37,21,24,125.63
0742ae323ada4659995d7f1710694284,telefonia,telephony,1894,29,5,42,99.02
c40533f489004f68a3ae4021082d8f35,esporte_lazer,sports_leisure,472,26,18,33,50.22
ec35dff1e8e94e1b8c90685a7d4814d7,eletronicos,electronics,1100,12,17,21,91.99
705e41e6c87f44dca3090ccb5e9bd604,ferramentas_jardim,garden_tools,1016,22,24,28,154.3
7ab1a04dc0594aa18434649da99016bb,bebes,baby,1358,24,19,29,53.81
50acdd78a8fd4ba984225a67654ad11c,eletronicos,electronics,1815,33,20,23,25.85
d6b4221fbc794b2da0497e3a67f28294,moveis_decoracao,furniture_decor,1148,47,20,22,160.85
2ea79f310beb443da6fec141f027999d,eletronicos,electronics,1783,36,18,28,131.92
ff618d36015540fc8d004f4ffd279ca6,beleza_saude,health_beauty,2305,53,14,38,102.33
4218615b38a04349a7a433ae119adb3b,beleza_saude,health_beauty,1782,37,15,25,161.87
fe26f7f801be4369ace5217949b84127,moveis_decoracao,furniture_decor,931,46,8,40,210.07
f9f90d5ed9c441828364f99dc57e392b,brinquedos,toys,1428,25,15,23,108.55
90ca924827a142a2b0a1f5f050327a48,brinquedos,toys,2504,49,21,18,93.63
1b253e4ec5cf45e9a250174356f65f0b,cama_mesa_banho,bed_bath_table,1353,19,10,41,102.57
875a09b40b0f43588989125ba04720e4,eletronicos,electronics,833,38,10,16,69.92
1a9c432bf17445dfb33d29445544d8d5,relogios_presentes,watches_gifts,2823,27,5,34,191.62
3014051c438c4b73b46d0025e4f034a4,moveis_decoracao,furniture_decor,100,26,24,28,249.92
43e1ffd14faa401484d44d2b689ea1d3,telefonia,telephony,817,30,14,12,92.71
f0df52ab6fd644e49095dc9077e70f65,cool_stuff,cool_stuff,1870,32,23,19,119.74
965683d34b3e4175816fcb67246a2c38,automotivo,auto,1530,41,32,31,141.17
599dc6d51abf46d1ad28fcd4169bad13,automotivo,auto,1715,30,11,25,86.61
403c84a895d0445b9a31ae10f2ded3a5,telefonia,telephony,1400,46,26,17,73.55
1c81b2622cdd4947bc3fa51a835b5ee8,eletronicos,electronics,832,29,28,30,152.1
ce3aa9be8d7148099c5a6ae39fdc6341,esporte_lazer,sports_leisure,2453,32,25,23,81.17
82b846eae0bb4cfaa75408d0075b72ba,bebes,baby,2544,40,18,27,173.43
91430858cb124326bbf4080cf93c01af,automotivo,auto,2177,15,21,23,184.52
7cdf700361054c5097b2e4f01b0d634f,telefonia,telephony,2324,43,11,18,97.28
f73dcb21d7724f3b94838a93d1aef011,moveis_decoracao,furniture_decor,1026,14,24,20,249.49
2911931dd93d4d1187e78a6d2225ec91,informatica_acessorios,computers_accessories,1736,31,17,37,161.13
0571837a015b4c95a91e4996c1f96142,perfumaria,perfumery,1173,22,19,17,155.87
2560432ff46742059bf20d8e987dfc1d,cama_mesa_banho,bed_bath_table,100,28,24,27,77.07
782afb322b8e4624a2fd6d39754d1203,relogios_presentes,watches_gifts,2028,21,19,30,237.77
09b95f9e5d384d49bb5a15472fd09658,esporte_lazer,sports_leisure,959,41,20,30,160.87
34ee79a44d864eb49ca3504a5bd10a24,ferramentas_jardim,garden_tools,2394,41,21,31,142.48
b671bdcffa0c45eaa9fff296226d992a,telefonia,telephony,532,33,22,29,72.44
72bbf5ecfc2b494485650d02ebae14ff,cool_stuff,cool_stuff,890,36,9,36,154.59
37b728114904464f80d5470680f6c660,moveis_decoracao,furniture_decor,1696,35,24,13,201.2
3f61e30538b24338bb03a7e2a5f0ced2,ferramentas_jardim,garden_tools,1742,23,14,22,89.54
0b69a927fb7b45e3986fbda3f1196fc2,esporte_lazer,sports_leisure,2877,44,23,23,109.09
3508f698a96c4959b9a8f36f0377ef3a,beleza_saude,health_beauty,2106,47,15,16,184.17
e1fcec9391e1427f92f8b1e8d7627b7e,ferramentas_jardim,garden_tools,100,19,18,12,173.93
782871aeb7d641d4acb0f1c90cf122e1,relogios_presentes,watches_gifts,2185,24,30,36,203.21
72ab9d0aa4464aa1bb1498c4e2304e43,perfumaria,perfumery,1139,52,25,27,165.91
40ab44b10ec2464ba370627d5064edc5,moveis_decoracao,furniture_decor,1741,24,20,33,60.39
3081e10694134dc89bc4b0cf797ab9ad,brinquedos,toys,1269,43,15,37,152.44
a45f33b8f9a0430d9d0617f2984efa7a,cool_stuff,cool_stuff,1447,24,17,46,249.35
ccecdcb74ae444ce9c39e2f2e74015cd,perfumaria,perfumery,1600,23,20,26,87.7
721b859791d34a688c0ab50aebfbd86d,informatica_acessorios,computers_accessories,1564,43,5,31,206.87
2fb26041e00e45c9b5c4ac12401acf8d,esporte_lazer,sports_leisure,1051,46,14,28,105.8
62ea0160b4f4416fac2290670b82209d,brinquedos,toys,1254,23,25,31,108.07
746a15eb3a4346b3af2cfcf9eec989a1,bebes,baby,412,34,23,23,195.35
938e91bc77624b498999b060a916b0b5,cool_stuff,cool_stuff,248,10,14,30,117.49
c6d54948adca42fc8bc4fda1797cab19,eletronicos,electronics,715,39,23,28,109.54
45bfb3cddb8448f4b24f70273296cafe,utilidades_domesticas,housewares,1159,26,26,14,42.15
c1fe2465f57e4223ae88fcf66ba94284,bebes,baby,1153,39,22,31,59.43
c505ff28eac04d0796712a46a02b30f2,utilidades_domesticas,housewares,1752,36,9,31,82.77
e89cda8a9c9e413e9a344a4885a168d4,automotivo,auto,3957,10,30,21,75.31
af46e6431eb9479a9dd2253962131ca3,relogios_presentes,watches_gifts,1078,32,28,38,295.31
d20b8959d3e0446d9806d963029cd5fe,cama_mesa_banho,bed_bath_table,727,41,23,19,89.7
27b1d997ad1a40969fce4f2122cca7ff,utilidades_domesticas,housewares,932,30,14,16,94.58
70e7edd876dc4c9cac609af18d3abd1d,cool_stuff,cool_stuff,2002,28,30,22,151.38
722550f74f83461d8454ec14f6243bbc,cama_mesa_banho,bed_bath_table,2028,28,20,10,95.42
e91bf954ec3d4e818c7c5d45e4d47ea5,esporte_lazer,sports_leisure,100,17,9,16,98.53
c77745fd404c4d228efeb8c50c7da468,esporte_lazer,sports_leisure,1110,36,21,10,117.5
e6fd4f525bad4dba9c9aac493ccee3f0,telefonia,telephony,1754,26,19,26,90.29
9e0ae194cb654f35ba6f47b2467f1117,relogios_presentes,watches_gifts,240,27,32,36,261.06
8f4327c0fdf841c6873b1b695edcf4cb,eletronicos,electronics,1929,46,35,23,65.76
6a52146b53a04501a0a5c8f90ea1c778,informatica_acessorios,computers_accessories,1283,60,7,21,81.43
ff1ad6dd582945b48533fe484555b79c,beleza_saude,health_beauty,1599,17,19,10,151.62
d1294b2106be49f1841df2d1f7d2c68a,moveis_decoracao,furniture_decor,2477,26,18,23,169.05
6a73f29449974730b1fea2bd3ba47d24,utilidades_domesticas,housewares,1469,37,29,18,78.81
ba1e9770681d40ae93f849c19e506985,informatica_acessorios,computers_accessories,2221,15,5,26,167.34
608b997cb0be401f8be90108bd526e6c,telefonia,telephony,922,24,13,18,88.87
d5be80ecb69b45c19e2e658d4a43556f,perfumaria,perfumery,555,27,12,13,151.11
d2b2169dec374c1ea173a71126d8c01f,moveis_decoracao,furniture_decor,1084,31,7,19,197.8
f8fb74e46121494eb7383fe87fcbac99,relogios_presentes,watches_gifts,3569,10,18,28,173.03
3f5b6d2d6116433d9a758416a5d3a88f,moveis_decoracao,furniture_decor,2179,21,21,20,220.97
ba743ddcfd234098b094c9d26c07a31c,brinquedos,toys,958,26,27,16,112.06
d56ea2189fa045bc9659ad74168c87fb,ferramentas_jardim,garden_tools,100,19,23,17,115.94
dec85eb22fee4ff49acd98596c612a23,brinquedos,toys,1894,24,26,26,123.07
d922a515e6174224816a5ca556a994b9,beleza_saude,health_beauty,2492,33,32,32,111.68
121c099b815c46c7ac80fb485e340e40,moveis_decoracao,furniture_decor,2534,32,16,27,215.62
f39323a22d3a48499efb874032fb9a8f,cool_stuff,cool_stuff,1864,48,28,29,118.83
707673f5cebe4250869fc5a35b0fd562,relogios_presentes,watches_gifts,1356,30,25,30,220.17
bc56df32cc3948898f180f3ade05aba6,ferramentas_jardim,garden_tools,1596,37,13,38,63.35
12b2c3f6c0174919bebcf1c945fe4f18,informatica_acessorios,computers_accessories,2664,29,28,27,160.57
3805571ad0684f8880382f22cf44137c,beleza_saude,health_beauty,1943,38,17,33,92.04
447abe996bed4e9bb56b43e810afd320,cool_stuff,cool_stuff,1495,38,27,28,147.3
bcdad92bc78b4fbdba5692b6959f845c,cama_mesa_banho,bed_bath_table,2217,23,34,24,56.51
d6c8dba2bd9749bda31fafd0527b3f94,telefonia,telephony,544,30,21,40,54.23
aaf92b73bc514baf9e8e00c0e4e1619b,moveis_decoracao,furniture_decor,1531,19,16,38,103.18
5f453957c4764e249f8b68efbab2f31e,esporte_lazer,sports_leisure,1969,33,19,29,80.2
33235a4cb4bf4b36a85970270017a72e,utilidades_domesticas,housewares,2825,49,20,44,77.02
017a576e87cb48dbb1dee72624b0304d,cool_stuff,cool_stuff,1820,44,16,13,92.47
c1eb6267dcc34227b50c867509ff23bf,automotivo,auto,3148,24,18,16,177.93
f83685585e6845c9a5b5e978c20ca545,eletronicos,electronics,874,25,22,16,85.54
f38298214b3f447899633dd8e95b5e31,eletronicos,electronics,2621,34,21,26,80.27
4ec932b0026d44d49a34562c744f3090,eletronicos,electronics,3096,21,21,25,115.22
29c9fae7abcf44d9baf0276ae8f3d570,ferramentas_jardim,garden_tools,2382,29,22,27,55.48
d7bb825351cc4956b0c28c77618c05fc,perfumaria,perfumery,228,23,15,15,147.49
c4f2ecf2c02540778191cd8c6c6ac938,moveis_decoracao,furniture_decor,1501,27,9,24,28.67
e65c4302990b42a6bcdd5e7b52fdeef4,ferramentas_jardim,garden_tools,1369,30,21,12,142.87
3ee7cae9bd484d80917e761f873c3122,cama_mesa_banho,bed_bath_table,666,21,25,41,96.28
0e35df67bfb14498ae43e984851e118d,cool_stuff,cool_stuff,846,31,27,29,288.44
df9078f1d372481790a8ad1e636afd9c,eletronicos,electronics,927,32,32,36,41.25
d1572b34a59b47c5979bad230a14c10b,moveis_decoracao,furniture_decor,1497,44,43,30,141.61
2e6c46d75fc243a0a06fd8af687801f1,relogios_presentes,watches_gifts,692,52,25,18,197.81
eae0af3211f84316a72dbe71635b5ccb,brinquedos,toys,1748,35,12,20,60.41
6c7453ae472d44179383fd6171572966,informatica_acessorios,computers_accessories,2331,26,23,36,154.89
e040cb76f61f497a930df1e6fbccd311,informatica_acessorios,computers_accessories,1409,31,20,34,158.99
42388f25674b4aefbf203dc1fc75e643,esporte_lazer,sports_leisure,1064,40,29,14,160.98
e20aaffae105444484fc315de64536d4,telefonia,telephony,1791,32,28,20,94.08
7acda020911b4f14b0fbdcadc47f725e,esporte_lazer,sports_leisure,1198,15,12,29,86.64
0fad8a9ee2554932aaac65f0ea2a7978,telefonia,telephony,2788,41,30,25,80.16
99f648a4b80e4f4ba0862bcc7fa228ff,ferramentas_jardim,garden_tools,545,39,23,29,194.09
0bc9a359e7be4344a542129a06ee0577,brinquedos,toys,1015,28,22,17,104.37
ec1401b73cb34f1592cae286117c98f3,relogios_presentes,watches_gifts,1894,26,30,12,277.37
0a667107463d40ada6f12b594eed1090,utilidades_domesticas,housewares,2028,24,12,10,69.1
1ff95d01b0a14bb19d97f837066292c9,ferramentas_jardim,garden_tools,2337,29,29,20,159.75
c875777e31264050b9a83c3480f56d36,automotivo,auto,926,20,19,19,78.29
f6aba929dc664ce0b6a06645c7b873f7,eletronicos,electronics,1354,31,30,32,120.5
8c751f4a3bd947a6945adceb169f0467,telefonia,telephony,2076,33,10,26,86.94
44fd4babbbcd45f2bf87ea3d8c876418,perfumaria,perfumery,2665,36,29,16,115.21
7654db78750c401f8d1edb747def1fce,automotivo,auto,1843,41,18,24,167.49
6205620f02744ffea55b0097fb9b0eb7,perfumaria,perfumery,599,46,12,10,125.3
90a00c0e1e854b2c8bdeb65edc9cd755,cool_stuff,cool_stuff,2858,35,26,25,158.14
db1a42598cdf476eb1c94d3cb6cdd83a,bebes,baby,264,10,21,35,142.04
2223384711764105b0e399d4e4de8304,informatica_acessorios,computers_accessories,1998,45,22,24,108.17
4790c0764df643ff812ec8dfa6a21627,perfumaria,perfumery,3117,35,12,15,162.59
3fbb6d3bc20d46da8f462ad5f9525f79,informatica_acessorios,computers_accessories,670,48,5,36,166.91
86ea4e2d04ab404089e5150f797b69c9,cool_stuff,cool_stuff,1594,28,35,30,124.36
8653a325a44f45e5883a08b79b3a02f7,perfumaria,perfumery,124,31,19,12,123.34
53efa7b792094890ae0d6fece9881451,brinquedos,toys,1040,30,25,36,137.27
63612b81857f4a7cb3e2539f64e9554c,bebes,baby,922,33,20,14,143.94
4e4d1b6f87fd43258e95f7db2378cb3a,perfumaria,perfumery,2985,30,7,25,88.59
ba63087a38fb42f3904063c7e635c872,cama_mesa_banho,bed_bath_table,2190,35,18,22,89.69
2647590adeb143d9a84481cd8405fbe3,automotivo,auto,1506,22,8,34,124.58
b1e83f90cfc146a08ea01d7895ee3ae7,telefonia,telephony,1633,32,22,15,41.48
4d92f15f074148e9a9f2914c3a5a4692,automotivo,auto,1029,33,14,22,225.09
8a14e89663664a1cbc4d284768cbf931,ferramentas_jardim,garden_tools,100,22,35,24,110.29
f9c73ce8bae24f9b9532bd0f9a2635c1,relogios_presentes,watches_gifts,2435,30,17,26,170.51
614b7e2f3ae74fc5b2bb371007d6602c,cama_mesa_banho,bed_bath_table,686,28,11,25,103.86
2fdfaca720a744308ae5002bae3ef9c3,eletronicos,electronics,2182,41,16,28,102.31
87fa694737f94c198bb4a8dc229c9e29,brinquedos,toys,1762,25,11,29,58.79
228fa59dcc2741e4a7f35ce22eb7cb09,cama_mesa_banho,bed_bath_table,1285,10,9,17,122.42
b2e9f6185a3f4ea182800f494a81b00e,beleza_saude,health_beauty,2050,24,25,32,124.38
25c6d5a2f4b347a2983a446d7a54574b,bebes,baby,392,27,19,15,142.85
88343b8827cd4700a598e95b5e4efd1a,automotivo,auto,1723,34,22,30,132.83
6ba0167877db4b1f90cc3730dd4b1f38,eletronicos,electronics,1661,26,15,35,38.91
0f2b57124cde45adaa1fc1a255248fbd,automotivo,auto,2201,23,13,27,80.42
80c98da6e841425a80ae8ae9992fadff,informatica_acessorios,computers_accessories,847,21,18,18,217.05
57551a24eba14579a2bc8255f42c7e7d,brinquedos,toys,2937,10,24,31,126.29
07c92816e6b844aba4fb7482fb18e039,automotivo,auto,973,27,14,21,91.6
0b4cc864f57d4e499653c81c6445b6d8,esporte_lazer,sports_leisure,1408,14,18,15,121.2
6a4a6b30797748f5ab93065872043a38,esporte_lazer,sports_leisure,956,32,28,37,39.16
eced9223467a4ad083ca3d0a0b4b75c8,relogios_presentes,watches_gifts,832,26,23,11,151.07
bf76454accda40d0ae949c5ff92c2957,bebes,baby,1604,30,23,28,141.85
123bfc22f3e54155b2ab759716bd254f,automotivo,auto,1654,30,25,10,201.77
df0b3e086f0c4c81867ee4e19fc1f6d3,telefonia,telephony,100,19,18,30,15.09
3d02760f304d469c8b39dce44978388d,cama_mesa_banho,bed_bath_table,1477,37,27,19,87.48
7fc6c8a5d358432aa0733fdb4a36fdf7,cool_stuff,cool_stuff,1007,26,11,17,184.55
4a060cb4429c429aa5f106791bae370c,informatica_acessorios,computers_accessories,1605,34,21,30,184.52
a12b2d1147ea484f84aae7dff50bf384,ferramentas_jardim,garden_tools,106,21,18,24,111.55
b08e98edca6846eca095761088e06604,brinquedos,toys,2229,49,21,25,135.48
4d89893052da40afbd467ef4f58e4115,telefonia,telephony,100,30,27,19,50.47
817d7a72355c4f6baf4d59f9a73e5f9f,cama_mesa_banho,bed_bath_table,1351,29,12,41,83.03
25b126668da247b59a3ecb26ac32c50f,eletronicos,electronics,577,29,27,25,102.14
b9f98e3e35184dc7b3eb5242e6944bbe,automotivo,auto,802,44,24,33,154.61
2d3b384d47e44eb1b683745cd586f43d,telefonia,telephony,2159,21,16,35,106.19
aca51fc19f0346b7a19a26261ef975b8,perfumaria,perfumery,582,32,16,19,133.55
93aa2a09615b4a7aa4328609f32a0ec9,beleza_saude,health_beauty,2412,34,17,29,117.4
863361ad6f9c4decace20b6dbece4389,telefonia,telephony,1829,43,5,31,44.22
99f800d764d245d2a508e2d6d01a41fb,esporte_lazer,sports_leisure,2482,23,10,30,125.93
4b0215224da64a2187b2f08d3dcc36e3,automotivo,auto,700,17,18,15,97.54
7d5c38a9884a45b4a5801252f66ebf19,utilidades_domesticas,housewares,1592,20,23,36,82.03
252f5abbe63847b4b01a95a7dec0c1c1,telefonia,telephony,1604,50,10,34,96.42
d350a4996e24445c96707aa76c21a609,brinquedos,toys,2183,42,22,20,142.84
bfcfadad065345c7b5632ac20787b82f,beleza_saude,health_beauty,2406,41,20,19,136.7
84abd4b996834157a1845a982e8825a9,automotivo,auto,2253,40,16,27,87.65
cbcf6ab6a86844b3b74390cf8101f2b3,telefonia,telephony,2287,22,26,15,95.63
50394d94253b4e0b933c81f6c5f9894d,cool_stuff,cool_stuff,1757,22,25,20,198.73
5ad47b5430d84259b9af0b6090ecd539,perfumaria,perfumery,1280,12,12,21,166.05
5d1d177c230442c9b6e0c413ed223086,moveis_decoracao,furniture_decor,2220,46,33,20,150.58
ed6aa450d846440c927cd89b37fe4cef,ferramentas_jardim,garden_tools,1170,23,5,24,90.01
1f87acc5f95b4e7c8b4e787fcfb7f331,beleza_saude,health_beauty,1472,51,15,26,161.73
95ef9348bacf4aafa50da3d0fdd05866,utilidades_domesticas,housewares,1724,32,17,23,65.8
9129d04f0eee4891a2168412f4f076f5,moveis_decoracao,furniture_decor,2176,12,27,13,208.13
bd27296bd30b45f6b22731689f2c1079,bebes,baby,1216,17,24,32,114.67
766c92ddf8b144d4bc47f4699a3cbcc8,beleza_saude,health_beauty,2076,10,9,35,122.17
6368f58de79f43f2969fb5dae45e941f,ferramentas_jardim,garden_tools,100,23,12,23,122.02
69b76408c665446986f57852337316d9,informatica_acessorios,computers_accessories,1643,29,30,28,165.6
322c06631f614982ab549de2840c75c5,brinquedos,toys,2432,26,9,34,114.08
8e24a2f7fb5a4301a71ea8ca219d4d66,cama_mesa_banho,bed_bath_table,1611,23,15,31,119.62
057efc89c3dc49e880cbd367c0135023,beleza_saude,health_beauty,2127,37,24,26,123.86
1632820d66e54bbca1648d0a80bf7ad0,utilidades_domesticas,housewares,2468,26,22,18,71.81
a48773bb2d2e4d2998351ee0a5a950c7,relogios_presentes,watches_gifts,1311,21,26,14,215.95
7af3070f7d704b88a98c994137745feb,ferramentas_jardim,garden_tools,1606,11,16,27,150.01
ec07e53575904deab04ff7d4596138cf,cama_mesa_banho,bed_bath_table,1336,36,19,25,101.29
161c8c2c13774f6ab3597a4bf0a0934f,automotivo,auto,2241,23,16,19,126.71
e5b2ebeb7bff41f6b644c3a7c5d13cf8,beleza_saude,health_beauty,2640,35,10,20,143.05
b86cd4dea01240b2a10d69def9783dda,eletronicos,electronics,774,22,30,20,113.87
49496497a8a945c2b6fee5f2530561e9,eletronicos,electronics,2504,22,12,22,62.78
b7ff8e54b6294cd98598aa3c503da9c4,cama_mesa_banho,bed_bath_table,1596,27,22,36,115.44
8f02c03f4ad3413a9a7db4d4e93a980a,eletronicos,electronics,1891,10,23,38,15.0
442a5f40c8dc41909fc544f63664d454,telefonia,telephony,2051,28,13,31,109.19
ecd26fe5dbe7457083cc66b7acc51f5f,beleza_saude,health_beauty,2120,26,12,26,160.56
a0c85be5c6854f0085aa6ac6c81a06c5,moveis_decoracao,furniture_decor,1190,27,42,33,217.51
ed2e64d18bf743c39cf45089947beee7,utilidades_domesticas,housewares,331,22,20,16,117.01
5fbaa474c62b4a3b8b8ac8bcb84f6e55,esporte_lazer,sports_leisure,2628,24,34,24,192.68
123e47574ab44353a48f49cecbd53040,perfumaria,perfumery,1615,35,31,35,140.32
9226627a81384447a96f7261f53c9e2f,esporte_lazer,sports_leisure,1387,35,13,26,81.72
e191cda5b35e42bc9f88ac3332fc3bdf,perfumaria,perfumery,100,30,30,32,122.54
ccd17c4d20414462995f51868cb64c29,cool_stuff,cool_stuff,2897,24,5,10,111.85
313b58e876a44f79b334254c22a809d0,ferramentas_jardim,garden_tools,2153,23,23,38,96.5
5aed04137d7243ec9b7e1353a30948fb,cool_stuff,cool_stuff,1882,35,13,35,152.05
9cf340a8eb2a46b6a7f7480a3145b4e1,utilidades_domesticas,housewares,1192,51,24,32,112.1
e4a6be554bc64ea1988f3dd2c1a9c88d,relogios_presentes,watches_gifts,979,42,15,20,193.68
131ba01fe08f4227a4a246add169d209,eletronicos,electronics,1002,38,22,21,106.86
030722b679d441d198cdb7bcd18b4a1c,utilidades_domesticas,housewares,1279,26,20,28,92.8
6445d2a119444894aae02f1fadd5bde0,telefonia,telephony,1209,38,18,19,45.64
33c43c133ce74da4bb858ba7b11fe90d,bebes,baby,2286,30,21,33,113.29
8340bbae03b74fe3b11ff76aca5f2db0,eletronicos,electronics,400,30,22,22,126.84
7d03a8cd79024bc68565bbf6639a2297,eletronicos,electronics,100,41,26,28,15.0
8c2424def60d4d2ca8745a1e37f67fbd,utilidades_domesticas,housewares,2527,19,15,23,93.15
a1b412d56cf448bb9d6798bbef6e24b5,utilidades_domesticas,housewares,2011,38,26,27,93.32
965fbbcc8104440980f2eeaadf8dea30,cama_mesa_banho,bed_bath_table,627,22,27,31,113.09
a5f3a417cfe24a3eb33460afe7e9103a,cool_stuff,cool_stuff,1088,39,10,33,153.26
6b3d9b90d84f49f996c819de1d07064e,cool_stuff,cool_stuff,2847,14,34,22,147.92
0bf6a2837d98464b83fc89135eaf311a,bebes,baby,1655,23,19,19,105.46
291229a8236c4592a71b18058d85c606,automotivo,auto,1889,20,13,14,119.84
4196570f64fe4c728ef19979a2de8570,esporte_lazer,sports_leisure,2549,21,14,26,103.88
0bf1db0c412b414bb9aa9158857a02ae,cool_stuff,cool_stuff,3282,28,22,32,206.61
fe673f8c6b6c4e319ef98e1c4fd70284,bebes,baby,1686,28,36,24,114.54
afbb3149fb95436bbe3063e1cbdb1d4f,relogios_presentes,watches_gifts,983,12,26,10,209.66
7e174e6194614b898265ad175ec45ff4,cama_mesa_banho,bed_bath_table,1336,52,5,17,91.6
b16a9e8645aa44959565093a9dfb2483,esporte_lazer,sports_leisure,1341,24,19,14,125.72
c40bfcf4e633411994eb09e19e98dbf2,automotivo,auto,100,29,15,33,210.21
b436de168ca64cf8a0f7f450470a2ef5,utilidades_domesticas,housewares,1235,43,17,17,119.92
ca107ffc11d54deda1c8819cacd1ae3a,automotivo,auto,1916,30,25,27,137.23
6d544185ac5e4506a763e38a06c08dc7,esporte_lazer,sports_leisure,438,27,24,24,142.07
c657f8373ffe47a79252ef44e4ddd92d,ferramentas_jardim,garden_tools,1806,21,9,23,116.65
8c52f9668f1e477885f9555b870b9e52,informatica_acessorios,computers_accessories,1769,22,15,33,151.67
b6d3b55242404cd08f380642530c0e0d,bebes,baby,937,30,31,27,150.75
3c6a7d12026c41e49698dee101c2f9aa,beleza_saude,health_beauty,898,40,38,18,88.63
71441d7b79ba4ceaaab97e25f182690a,perfumaria,perfumery,1640,38,19,16,121.74
c1d11c2080fa4ee98e9a5d134ce27609,beleza_saude,health_beauty,1978,25,24,34,138.41
82ae0c04aa6f44189fd6686bc43e74f6,moveis_decoracao,furniture_decor,1477,38,13,17,146.67
53e8250cdd7e4a8dba264ce2659b1371,telefonia,telephony,1106,21,34,42,67.93
d7315b73ff6248eea2ecd2df219d7a84,cool_stuff,cool_stuff,1573,28,28,35,85.02
ab2ae261260c4abda6dcad8c148c3896,ferramentas_jardim,garden_tools,1880,16,34,28,106.18
fba25e6037574d199b11393f52cc3eed,automotivo,auto,1306,27,24,33,94.07
413e0e541ae24665bb0adedffa8f3dd7,utilidades_domesticas,housewares,2971,46,12,25,119.22
2410d896cdf24e1c95f591a62fa624f2,automotivo,auto,2486,26,26,48,144.21
d263976b9b964af1a6bb51d19247563f,utilidades_domesticas,housewares,993,31,21,20,93.83
91deec93719646e084ccea22a11904a4,bebes,baby,496,23,26,10,161.61
38224f4d6318458abf7a1ee8a57b7076,informatica_acessorios,computers_accessories,100,12,16,27,204.64
717e8216971841c58b61a4270e3571aa,informatica_acessorios,computers_accessories,1546,27,24,18,151.27
4984fd879ba44f1ab892a4ad04dc5aee,telefonia,telephony,540,30,18,18,78.3
efcc517d5c824fb9aca45f724c742fe9,relogios_presentes,watches_gifts,1626,41,7,24,164.38
f1bf938dc1f54130b4815c84c884c7c3,esporte_lazer,sports_leisure,2195,37,24,19,141.56
0c3ff53dad6741c8b9bc7e2f7ae77bed,moveis_decoracao,furniture_decor,275,12,9,24,193.76
7d82f1c9aba1453b9b1860075089cc88,informatica_acessorios,computers_accessories,100,43,21,12,149.54
9cb6d0757f3044949fc9360fcb28f5ed,eletronicos,electronics,2374,35,28,14,79.65
fe456961e07c4de18e757428acfa32d6,eletronicos,electronics,760,47,25,47,78.31
1c9500f411244a88969644da2073d602,ferramentas_jardim,garden_tools,920,28,31,22,139.36
74939a28381c4e2fbc2d6ac9eab14450,perfumaria,perfumery,1577,30,14,23,119.6
d2acf0200c7c4bc6b567bfcb79d3617a,cama_mesa_banho,bed_bath_table,1493,39,34,18,85.2
4f59333ee02a493181a117bbb0fcab84,beleza_saude,health_beauty,839,31,15,26,168.63
a8293a0bcfe94605a084b85823106420,perfumaria,perfumery,100,34,16,28,98.11
a6f9a993a30e48afb02a22383584b613,cool_stuff,cool_stuff,2457,39,24,31,131.45
20bb2055bdfc4092bdf5295ea39e3374,utilidades_domesticas,housewares,1004,37,13,36,78.53
0b1c45781cc44a07832279bb9e2e29fd,brinquedos,toys,1901,50,14,25,141.63
af67db88cd26494e8e89e9d9d044a125,perfumaria,perfumery,2261,26,15,23,168.44
277d556e9cdb41c9b75099183f476aae,eletronicos,electronics,1276,30,16,30,93.89
a4484f82e9f24c96a6378a8b17e87e16,eletronicos,electronics,697,20,5,18,109.85
e32cf00b242b49ed8a4970e446e89bde,eletronicos,electronics,2559,36,24,23,109.37
828f22421df54ea89bfe15bd6ec38ca6,beleza_saude,health_beauty,1729,48,19,35,160.59
af83254b8da14cb58aeffe0de4a2a3c5,informatica_acessorios,computers_accessories,2088,10,27,23,125.02
cb5e5001ae6e4627adcfdc5cf3816bf2,informatica_acessorios,computers_accessories,313,29,20,14,78.7
abc1b460c7fd4044a6a5f01f9e5d4c4d,cama_mesa_banho,bed_bath_table,1889,38,21,34,92.84
9efc3e122295470da0c3917d06249f53,cama_mesa_banho,bed_bath_table,1456,20,7,39,123.28
fc83464fb21d4ed6b5351f6c3762cc87,brinquedos,toys,385,31,19,22,97.73
6d5d7a2996fb41faa48ad487b31c6632,beleza_saude,health_beauty,1805,38,23,24,124.5
2998f5052284433b8bd181e2845b25e5,telefonia,telephony,2249,34,20,24,81.91
caedc5a3fc264a04b4caefdfdfaec9a0,brinquedos,toys,1125,38,11,21,128.33
cebdf327d0324f64b5b27fb7860736dc,cool_stuff,cool_stuff,593,14,20,11,106.55
f7578c901d3a4d28aae0be1401e11516,ferramentas_jardim,garden_tools,2105,27,30,15,131.71
d81b5248f7224f0487590b6129c4cd7d,bebes,baby,1819,18,28,29,73.67
f32915c5d4204db988a0862affc56401,beleza_saude,health_beauty,1469,33,15,13,139.75
df8ea1ea458148548c8a8e69d9ee32e0,informatica_acessorios,computers_accessories,3268,26,32,18,154.7
d7909bde8b0649329a68f60e668ca9ec,ferramentas_jardim,garden_tools,2117,29,17,30,201.2
c47092efd0be4f39aa9f286e9d3c43ab,beleza_saude,health_beauty,1740,24,18,45,134.72
89b7a006e10f414d801ce753b8837ad4,utilidades_domesticas,housewares,1024,18,5,27,98.09
6442529e743d41a6849e6db0acb7b6fe,telefonia,telephony,1182,29,10,26,84.63
c654aa90f5b143d9a87df0778e60b82e,informatica_acessorios,computers_accessories,1071,46,13,27,183.17
11a363886ef745b7bc80fd12ebcb0f7c,automotivo,auto,1438,28,8,35,133.2
3080bff3523f42a990896f56eb19b1f6,informatica_acessorios,computers_accessories,1929,36,14,23,205.05
2abd9723994a453f8bbd9f7cf10344f5,perfumaria,perfumery,606,51,14,15,128.97
beb6067feb4e4699a910c41a0f6e82ae,bebes,baby,3266,10,18,28,131.18
4fa87c5e43ff4970a5de7471c75e9e89,perfumaria,perfumery,1805,22,15,23,91.1
5e0d5d5b67164def89f2b87c7163bea3,beleza_saude,health_beauty,1464,26,16,27,66.28
67a17a36e7a3490eac1d6b10f4ffabdc,esporte_lazer,sports_leisure,1316,53,11,35,116.64
de94f93edff74a5386ad98f3ae4b2160,automotivo,auto,1017,16,21,36,124.43
8cc084ce263944bc8e5ef685a24d115d,moveis_decoracao,furniture_decor,1435,40,22,12,164.94
68f3c9979d1b49e9bb160501f3058e29,informatica_acessorios,computers_accessories,2709,29,5,28,136.07
84fab860df5948509e89d78a8917ec52,bebes,baby,100,13,27,19,98.24
260b32d0a5094e2db371e4862c0fc25c,eletronicos,electronics,1471,23,20,23,60.0
531a570b3e9c418d9ed56a8c2a5e5ee8,ferramentas_jardim,garden_tools,1091,34,20,24,202.81
a39a97ffaeef4c44a4650965f317f3d8,brinquedos,toys,2084,38,18,26,97.07
0c91dfe06a654dfeb7205fc8912780c4,relogios_presentes,watches_gifts,2122,28,21,26,208.91
09bdf98a94764537be2c3ebf38f55042,brinquedos,toys,3850,23,14,30,92.14
3dfb21fc186c43c4922c9e625f4d343f,brinquedos,toys,1266,19,23,29,100.54
32ef9c5cd1bf459783cbd64c3e9f5a45,perfumaria,perfumery,2071,11,14,23,89.83
df1a1ca90a874686aab5e9f517fad16e,cool_stuff,cool_stuff,101,26,25,35,140.37
dcd624c74da4491c87099260c3190f74,bebes,baby,2086,36,29,22,67.05
1006a91b27f94da5950627df96a32a27,relogios_presentes,watches_gifts,1556,19,14,22,189.66
951001d8c0e646528b028f129a0be8ff,informatica_acessorios,computers_accessories,1613,37,17,28,145.67
08343138c8154026b2a6a7b6db940d8b,moveis_decoracao,furniture_decor,2248,28,19,22,151.89
010d7e8f87ae4c90909e321cb1b0ecdb,eletronicos,electronics,873,21,26,16,82.02
29ecb67c4a95463e8d7a5f62624589f2,esporte_lazer,sports_leisure,2312,26,26,20,83.47
e13ce21c39f9462ca3558db99816a2df,cool_stuff,cool_stuff,224,43,10,30,120.0
c19a558444404f7e86e194b7cd22617f,automotivo,auto,2553,52,6,16,170.93
dfcd7032ee2c49e388675022fad7990f,informatica_acessorios,computers_accessories,1910,37,15,40,150.31
bf09d79f11b348ba972dbe54ff5b6fc2,utilidades_domesticas,housewares,526,27,10,37,71.79
1b091c5b5989425d92ce63e53c41d0a5,moveis_decoracao,furniture_decor,1893,25,15,10,189.91
9f1f6b5697e04742ba9c335943e3a588,moveis_decoracao,furniture_decor,2539,20,7,31,77.69
43e26c8721614e15b950b25fd273c6f1,beleza_saude,health_beauty,2475,20,11,26,93.67
39f06469e9fd4952b55cf32cba97ab92,automotivo,auto,934,33,5,38,141.75
41dadc4dc782470684e267322ae20b33,brinquedos,toys,465,19,27,29,151.6
b2ce285c505d4e4e9fc1df52e5bed9e7,eletronicos,electronics,953,32,23,30,118.18
2d231c55f02d490b85b0c3cffc83c575,ferramentas_jardim,garden_tools,926,28,15,24,159.45
0a4373748be748d6a70033836552f13c,eletronicos,electronics,176,41,10,22,121.1
b009d959dad64fb287fff64da2de95d8,esporte_lazer,sports_leisure,1762,33,10,16,143.24
ce31ec54c0e4409c81835ac4f3ee43ff,cool_stuff,cool_stuff,1028,25,27,16,177.12
6b6a5991e42048a9b798871857c90ecc,cool_stuff,cool_stuff,1534,29,15,20,116.47
6eb1705eef2f4e6b81f091970d65ae61,utilidades_domesticas,housewares,1886,23,27,23,63.83
b4f6600c6ef34d7aa3a51b4e4bbe1c51,automotivo,auto,1309,25,28,22,128.95
08a5aef48ce644b3bd432ab29cc312d3,telefonia,telephony,2629,35,33,35,57.26
eaee24bf707a4e629b9dc89917a73874,beleza_saude,health_beauty,2291,45,32,32,163.86
086a8b89d5834b16bf5b7b089ebd9b81,relogios_presentes,watches_gifts,1257,21,17,11,290.57
5b0fe7a87c434fb487269d7f45ce6a7f,cool_stuff,cool_stuff,1273,42,10,33,142.73
dd6b8d1fd2ad4491ac23769f244fb776,cool_stuff,cool_stuff,472,46,28,26,166.53
2daccc7582594d8c8815aeab1b1072ac,utilidades_domesticas,housewares,1851,31,13,21,124.21
46d72db512804a6a86d91a5a6ea640ce,perfumaria,perfumery,3637,45,23,22,101.05
3a48b19dab9942bf8849b50a42dc767c,automotivo,auto,914,24,37,39,169.85
dffa8b7c35ee490f8c014b462a7d7ac2,relogios_presentes,watches_gifts,731,38,18,10,227.23
bf95674d88eb41eb99c0c76e397226c5,ferramentas_jardim,garden_tools,826,21,17,21,133.8
f24c2431298546e3a7c8d158428ea22a,utilidades_domesticas,housewares,1434,11,32,17,65.95
3c408a6fbd114028b5c59b104468b2fb,utilidades_domesticas,housewares,1237,28,31,27,96.33
6fe11b6c17f8454886068c5b34f99ebe,esporte_lazer,sports_leisure,1719,32,22,10,107.5
a96b173052b6439887a92be674705eba,moveis_decoracao,furniture_decor,2429,69,10,28,131.45
42700b8f1db7482baf1041f7b3fb765f,utilidades_domesticas,housewares,3138,16,24,13,78.63
69cede951d534d0aa1b24c3e58fc7367,esporte_lazer,sports_leisure,1472,40,11,30,115.56
62c6814c720240fe8b037101e6714955,perfumaria,perfumery,1718,39,9,31,107.93
97000458ffc24d50993d3ebbce539217,automotivo,auto,2376,33,18,20,172.93
22a957160d5241d7804e3e26ed199ba0,telefonia,telephony,2508,24,10,30,46.03
375031ef7d674e15862e09b531d3e3df,informatica_acessorios,computers_accessories,455,19,16,14,57.75
6f9e5f590398447ab03702f00e7b0cdc,bebes,baby,591,36,9,22,198.13
8fe8ee4dae1c4a109d65a4548029aee7,informatica_acessorios,computers_accessories,1460,33,12,42,120.64
5600c44deb3f4f1c9a351b5a2a48d0ef,moveis_decoracao,furniture_decor,1317,43,18,25,145.92
03b3c0e5820e424f8a1568c9ee742c8b,bebes,baby,1280,33,24,19,103.19
e14230824bf44df49871d998e5a11d36,ferramentas_jardim,garden_tools,1012,15,7,27,167.85
a5b2e3c2c9e24339b7351941b54e1ff8,esporte_lazer,sports_leisure,2196,10,18,16,119.31
d7bd767b34b54100964b6710f582b69a,perfumaria,perfumery,1165,35,19,10,95.99
e313250e6e174f0f9bdec3a31fefbd40,telefonia,telephony,1504,30,8,12,76.12
c5c06377b7d14fc0a60c56397d7583b7,eletronicos,electronics,377,13,16,21,68.04
48ca16abe1934d5dbe43447de6dd7f17,beleza_saude,health_beauty,937,30,14,25,116.68
df0bc679b232455e97ee28b7b326b683,automotivo,auto,1634,38,26,35,173.53
0c1005bd0cee43edb96edc5470ed81a1,utilidades_domesticas,housewares,1690,25,16,17,85.09
173845729c1542a6a717efc6a674b619,utilidades_domesticas,housewares,2057,22,19,19,89.19
b68e8f4694e74f66a3943385b2c3c090,automotivo,auto,1060,22,14,29,136.13
4ea405e9a6724b0c875f81ef2bd5e7e5,automotivo,auto,1157,32,16,34,101.05
eb4f6afbc4394918bc884b80d10e9661,esporte_lazer,sports_leisure,1350,15,17,11,137.39
106e54ce3b4148029e1462b13366e2ec,utilidades_domesticas,housewares,2113,37,20,17,68.99
4eddd25508a44ea4aec775dc5e32177e,informatica_acessorios,computers_accessories,2724,44,20,20,206.59
79cfc0d428144dceb2739326ae4dbc8c,moveis_decoracao,furniture_decor,944,32,30,18,201.46
e36cdf9172ed4adbb388fde7b5adf098,informatica_acessorios,computers_accessories,1916,29,12,19,158.03
1928e9c1df0b47188a27db00f3837ab0,relogios_presentes,watches_gifts,361,31,24,32,126.1
91bb940ec970416797ba3f8b4abac5bb,cool_stuff,cool_stuff,2552,46,23,16,150.24
7ee3d4374d014c27862e3d3456b93330,cama_mesa_banho,bed_bath_table,1461,32,20,27,92.73
d6974180f0f74d9ea25e97bb39eefc00,eletronicos,electronics,1712,25,17,20,137.93
36ef121038dc44138c9d812dc9adc907,telefonia,telephony,2671,35,30,31,78.63
14576306bc724affb5658d5072e97b1b,bebes,baby,295,27,17,15,77.98
7eba981a1fec435bb2cf76e60e2877a2,relogios_presentes,watches_gifts,1894,33,10,19,279.67
0cfc3c72bb324a83aad8e8759e752b38,cama_mesa_banho,bed_bath_table,797,31,18,29,73.6
193657ebb1474933a8c48264caef888a,automotivo,auto,1572,31,21,25,153.78
b7c3b29863774edf9d2aa99d39c69457,ferramentas_jardim,garden_tools,3253,55,14,10,155.84
2b115a05d11a4ba5885a025bb0978218,bebes,baby,1649,40,22,25,169.51
0b9c8385dfee432082c04ff430234846,informatica_acessorios,computers_accessories,2515,16,13,24,149.43
8a01a668349341cc8d642872e013172a,beleza_saude,health_beauty,1319,34,27,38,150.26
e5570d7d60ec49bbb559156cf5a988de,moveis_decoracao,furniture_decor,818,28,19,29,179.41
74eb22dbfe4947019ef328c13b9e71cc,utilidades_domesticas,housewares,3140,25,23,43,73.3
15555c36b7984e739295d2d628de2760,cool_stuff,cool_stuff,1616,20,20,18,212.11
3bbc7eb801ee40b4a3c57741ad2b0cf4,brinquedos,toys,1617,20,26,26,138.58
1f7d85020b4c4f20beef6b7383e859e9,brinquedos,toys,581,33,26,21,72.23
703972a80e6449d4b36b798102d9c176,beleza_saude,health_beauty,1466,42,29,21,85.09
7ee1f1061c9e4340b05e672af51157ad,bebes,baby,1155,25,23,24,103.64
57198ee30220477a9aba42e4507518b3,cama_mesa_banho,bed_bath_table,2383,31,23,11,34.39
f11e29b8c6734bdba93d02741c6d24a1,informatica_acessorios,computers_accessories,349,25,24,10,216.68
6b39a443c3e84b3f90919add79779559,perfumaria,perfumery,1636,43,12,29,127.56
7ca9c45d7c0e4e98b6e257072d5ff37e,perfumaria,perfumery,2154,27,23,33,105.46
ba6ef57fbe1e4461948230cc3ca200d1,brinquedos,toys,1693,11,25,40,72.67
ffc702582c8c4827bb6a30b9eb52eaec,ferramentas_jardim,garden_tools,1426,38,20,26,121.32
fa68a8c262fa46dd8af026fd4fddcbaf,cool_stuff,cool_stuff,1157,29,20,15,162.03
da3df20bffe74267ae26a7f201ba4634,automotivo,auto,2754,25,10,23,111.42
96bbf7c660804c25892141295424aaf8,informatica_acessorios,computers_accessories,429,31,14,20,151.9
3df4c71148ec464fbabe07c61f73bbf9,telefonia,telephony,273,12,25,10,55.47
84e4ae93cdf44c198f5e96af4899b521,informatica_acessorios,computers_accessories,100,25,23,25,252.63
f51055c4724f43e3a4d3d149ec33597b,bebes,baby,2369,20,10,46,167.19
a3b9a0b8715142e5861fe743591e9d13,eletronicos,electronics,1971,30,22,13,93.93
a1e48bae37d9404482d9e446c7374c5a,relogios_presentes,watches_gifts,1556,20,15,37,202.49
9bc1cc461c494632955b7140b78e3e39,moveis_decoracao,furniture_decor,3156,12,15,12,99.53
89b61882ec3344af84e63b1f064a23a4,eletronicos,electronics,837,33,22,19,34.31
ee8ca7085a0e4dc2a120661dbe841868,beleza_saude,health_beauty,2682,27,11,27,137.16
a196de98176542538420c71238338a90,informatica_acessorios,computers_accessories,1241,31,10,31,100.14
22c4449732d449d1a1cbe5266fb2b46e,eletronicos,electronics,1015,36,29,37,116.39
4b85a11e12884c569c6dbfd134a8f14a,informatica_acessorios,computers_accessories,1240,14,31,35,114.76
a22a0a9f20144f2791d4c43f5b48f78d,ferramentas_jardim,garden_tools,2236,26,32,20,204.25
871df8815cc1443fab07dd041d5648ff,cama_mesa_banho,bed_bath_table,2128,47,16,28,70.77
7a72cf8a3b3745cd8bdca2814dca9aca,ferramentas_jardim,garden_tools,2175,38,39,28,160.34
cd4926223f4a4c9d81720e2ddabf2d59,perfumaria,perfumery,1123,35,16,25,130.24
2904c648f3e1467c97287cb391da6faf,telefonia,telephony,1218,30,16,21,96.53
41db19cee20a471eb46d44e34e9d0bfb,eletronicos,electronics,1640,33,8,28,103.26
34cce7eedc7643a18e6cc1574e3f827a,informatica_acessorios,computers_accessories,1181,50,5,31,177.08
4b03c7400ee24a63b49c566702460f3e,ferramentas_jardim,garden_tools,1933,31,24,31,109.59
6a275ed3b9584d77ae09582ef9668e91,brinquedos,toys,1739,28,11,30,93.07
c74282383f4c41fb926619bb6efa4635,ferramentas_jardim,garden_tools,301,24,13,33,140.36
5aeeda69351f4fec99c8f3cb779d5db7,informatica_acessorios,computers_accessories,2605,23,26,47,161.02
2a91292670344943820babc81ea6cb37,utilidades_domesticas,housewares,2189,36,8,29,91.13
fb2434b70e204767992b569991d60886,eletronicos,electronics,1292,21,25,17,143.34
be753d19cede4a729c01b666ceb5ef82,informatica_acessorios,computers_accessories,1591,17,15,22,253.56
4391e24d18c64b9ba13d188428a0803b,automotivo,auto,792,28,15,28,119.12
acbebb2b85a34ec291d45aa07aeac656,relogios_presentes,watches_gifts,588,28,17,20,177.67
eb65abe1887543d4b12bb38e07ebe694,perfumaria,perfumery,2447,26,10,21,126.63
36e9ee4f604648b6b9253a88f84eabe4,moveis_decoracao,furniture_decor,430,46,26,36,179.61
5a20ee4e51aa47849b8c52dffac19aae,utilidades_domesticas,housewares,100,45,13,18,88.13
9c01cd3d515749798ffc6a5d33dcb729,telefonia,telephony,2602,40,27,22,68.45
6edacc6431a74cafae0265c276953664,automotivo,auto,1776,28,27,31,163.65
8002f765f82440f5b0dc46b1001e721d,cool_stuff,cool_stuff,100,31,19,26,131.06
c5e1053dd8f34006963a3f9d92a74f13,relogios_presentes,watches_gifts,440,34,17,29,169.75
607fb5b17de441bea5d003cdef48a601,moveis_decoracao,furniture_decor,2632,40,22,23,202.62
27734177b98145adae6ec3d6848ce0b7,moveis_decoracao,furniture_decor,1814,32,28,36,97.38
0d201505ae2940dca0c0962c336d011b,relogios_presentes,watches_gifts,659,22,7,24,246.01
5f0b7871ad2947e8994b5165b6db7ecd,automotivo,auto,1482,24,29,26,153.72
74a502247818420d99880f385bbe4fda,eletronicos,electronics,2423,28,36,21,139.95
134e96504bcf44e58dcfb0918b0965a9,telefonia,telephony,720,35,14,33,65.44
46dee33e4a974b71a61d667ce5c90b79,telefonia,telephony,1732,23,27,19,108.67
38c51f2f9b1b4254b506ba62fd5c7edb,cama_mesa_banho,bed_bath_table,703,16,27,20,94.82
5c293cc95f874eeeb255faa71d972c76,perfumaria,perfumery,1242,16,19,35,155.09
ed3db7c039de4461a0792b6e4fb2b9e4,ferramentas_jardim,garden_tools,1685,41,11,22,148.85
aca14e8ee6df44cd98c274649da554b8,telefonia,telephony,1395,27,10,10,91.36
8c22362ddcdc4aa0b84ebdae08ec8157,perfumaria,perfumery,1694,39,16,19,125.2
c4058229fd6e45688204c413aad7fb6f,bebes,baby,2183,27,26,16,124.35
14583f8689a444e598c6a644282a1596,relogios_presentes,watches_gifts,1443,42,21,38,129.14
47eb072c17554ce1bb276342e1f82224,eletronicos,electronics,1603,31,24,18,132.11
c2d405ac59c3491bb4d3b3255df01a6f,informatica_acessorios,computers_accessories,1510,19,19,22,270.25
1ca4f980781742ef9c0968305f85ddbc,relogios_presentes,watches_gifts,2339,30,19,32,269.93
98dc400b64f940a99e86b82e6e1c4b1a,relogios_presentes,watches_gifts,100,36,20,14,262.81
96e8c82a64ff4679943d8ad0d29cdc84,utilidades_domesticas,housewares,3296,35,28,39,68.39
79c65e8ee7a043cd8d6c2b98505ef8eb,beleza_saude,health_beauty,100,36,18,14,127.26
ed63b3624cd34988adf847d90ff20968,brinquedos,toys,2082,28,13,23,109.42
c44f02049aac4867b5516e8b36eb7b22,bebes,baby,100,28,9,30,75.36
64aa38c1560d422897a6b69944d2611f,informatica_acessorios,computers_accessories,2310,25,15,27,106.03
219124ad77e64103879fcc89e168909a,ferramentas_jardim,garden_tools,1722,22,15,28,95.15
f8b1c6eac76e4fde8278d82c80bb6fb2,esporte_lazer,sports_leisure,488,32,19,26,124.83
2c841fcfb50f4af0a1800b81aa2fb0f3,beleza_saude,health_beauty,1545,36,20,10,68.82
ddd1b221a3574d508c7991e6e95181b1,moveis_decoracao,furniture_decor,3042,30,27,22,157.1
e421e62f4d87485a87a3008f0117be27,automotivo,auto,1137,54,22,20,73.94
a05ea6c4e2cc4e089bd922c1bda3eeb1,eletronicos,electronics,3078,28,25,31,78.43
91445fe9794f4ec2a1330008c6c85577,brinquedos,toys,2037,23,12,34,105.25
21fe1cd3d2a0406dbdebc4bc9f4e79bf,brinquedos,toys,1914,34,25,12,92.44
9963802e87414a65844b3fd1319e4234,ferramentas_jardim,garden_tools,1240,21,23,34,182.08
2c159fd729de4c41a34cf7955a4ae547,utilidades_domesticas,housewares,1228,32,23,29,67.44
b55f0218a50044bca830af8b2392f4b7,moveis_decoracao,furniture_decor,2956,39,27,34,186.71
a33134dfe2544971ae789da370c6968a,esporte_lazer,sports_leisure,678,28,6,28,109.92
042d4d6c7ff74599a9fe6fb6e0a5e4e9,informatica_acessorios,computers_accessories,1467,42,16,22,145.99
8e783adbf256472a850b9ca05dc9e37f,relogios_presentes,watches_gifts,100,27,5,20,261.31
f98e5d369df3485bb9110c53c689b085,informatica_acessorios,computers_accessories,1857,24,20,16,144.89
c9bffd668a5349128030757fc0cceb55,utilidades_domesticas,housewares,3844,48,20,26,65.41
3e0605cee787493885357e7b43d86c9c,brinquedos,toys,858,33,15,32,157.09
c7b7b01d28e145ce8bd3ed3d391b9c27,bebes,baby,1766,31,6,30,89.97
85724b6f03a947de8b70d4fadd6573a7,informatica_acessorios,computers_accessories,1165,39,28,21,126.6
0879a003e4ff451494d03b39fc3f8503,telefonia,telephony,940,18,14,12,88.66
b859330f60224a3783131e86ad12951e,automotivo,auto,1815,35,12,15,142.14
795a36fe31a7420189f1010fca15c03f,cool_stuff,cool_stuff,1551,28,17,38,184.17
1c763fd6f64f4dff8222cdb200392d05,cool_stuff,cool_stuff,3076,42,33,16,191.69
cb5248ee29dc4c4bbc1281177afcf418,relogios_presentes,watches_gifts,1154,13,31,22,146.69
20ac3123b6e14aa28a1f842bb4c161c8,moveis_decoracao,furniture_decor,1168,22,14,23,246.54
51c08e2447044552b19437d90c91ef42,perfumaria,perfumery,966,46,26,28,147.44
aafe41f06acd42d18ef5f6d8971f7ef5,bebes,baby,1510,42,24,11,140.37
ab11e13ab06c4936a770511d45db95c1,telefonia,telephony,2127,27,21,20,47.45
e92a63eef57c4885a29e4b5078ee4134,ferramentas_jardim,garden_tools,259,14,25,10,111.67
7a0cf97be53a486b9bd7198f07a12e18,cool_stuff,cool_stuff,887,27,5,28,107.71
476084613c294761a8ebadb818db78f1,ferramentas_jardim,garden_tools,2405,23,19,25,143.55
afdad633f6e140a785d976e9136ceb5a,telefonia,telephony,1529,25,22,28,59.7
fb5c1cae92844872bc152395981482e6,telefonia,telephony,1841,41,25,32,78.44
ed21033ec88d41eaaba124bf61317eb8,esporte_lazer,sports_leisure,751,21,22,32,198.58
92c499bd41fc47b9ad3779e53148431c,ferramentas_jardim,garden_tools,2285,18,13,43,127.5
d8bf1fd4a9a04b86b4ad79265a067628,perfumaria,perfumery,1538,20,32,29,101.76
840d3dcdbdc045b58ee958f8ee4a559c,relogios_presentes,watches_gifts,704,33,20,31,242.82
5ba5affdc1e24849b1b4f4aff0f7a86a,esporte_lazer,sports_leisure,1288,24,18,20,111.09
975f1876e625479b99840b0689ca1e26,esporte_lazer,sports_leisure,1513,21,25,22,89.74
4e97fb9dcad34b44ba906fc542c786ad,ferramentas_jardim,garden_tools,1218,32,20,28,166.44
b17f73e798274fe6aab068a0bf77757a,automotivo,auto,2543,32,11,22,99.83
9775f969c24348e78fd4aa497788b245,telefonia,telephony,2857,49,25,31,80.02
f94e237f11474e888cc6ab094ff5620e,esporte_lazer,sports_leisure,1792,14,19,17,123.44
084715f5474749a7b501444f4fe7288e,eletronicos,electronics,1452,49,27,27,83.33
aef955c02e0b4d59bd5bda14556bcc6f,eletronicos,electronics,2840,29,22,25,79.9
2ac433a8d3cb4638af9389e48f3a8c72,automotivo,auto,1529,10,7,27,202.73
d080a73a91d14be2b2f8f9a06a677191,cool_stuff,cool_stuff,1778,22,8,31,139.48
8792dc39b45d4c44a8f769098ae12100,beleza_saude,health_beauty,2014,33,23,25,143.43
923eac7a5ccb49b4a2a799715902066c,automotivo,auto,1404,23,12,10,132.76
11cfe0d8e4774f1ebc447290aa23ceee,beleza_saude,health_beauty,2715,37,21,19,164.91
0fe28795f8c048fca84b11f4f389c414,bebes,baby,1404,45,12,19,100.35
5a48f7e6a0c0494bbf189dbc964e69df,bebes,baby,314,20,20,19,15.0
94477e657fa146908cc447c5b586d98f,cama_mesa_banho,bed_bath_table,2359,13,24,25,147.93
69dca0f3f83f4297bdbd2030cae44102,bebes,baby,2297,24,14,37,78.34
eb437938006b4e6aadb330996b434423,cool_stuff,cool_stuff,1652,28,17,27,173.53
f7e044924f0c4f8187a30ac2c18466b8,beleza_saude,health_beauty,1865,31,23,25,106.92
d33883201cfa45cc8238fc1f825bb65f,perfumaria,perfumery,1503,22,13,22,121.42
0184d9aae40946a3a877a926626a5493,beleza_saude,health_beauty,1528,39,16,26,134.13
01dacb9b2ea1405db2e623796cbdb7f5,utilidades_domesticas,housewares,1013,30,28,26,89.53
ec8fbf2f06594f0f8dddb25ddf28532a,esporte_lazer,sports_leisure,935,49,14,11,140.81
a0fdd91df4ae4b9492940c292d3b4322,bebes,baby,1408,26,15,39,142.41
3b59e2766ed74b4dbf51340465d9806c,cool_stuff,cool_stuff,1939,31,22,36,153.71
c2778a89864545439fc8a1da823cc01d,informatica_acessorios,computers_accessories,334,38,23,25,166.18
6d519afed6484b23820a2a0c52cc3cf7,cama_mesa_banho,bed_bath_table,1203,30,18,20,124.73
c6df3623a58e40ffb192c10081c445b3,ferramentas_jardim,garden_tools,370,53,27,10,127.15
76df949e9235487fbf3b5a79bef47771,esporte_lazer,sports_leisure,1365,33,12,25,111.37
f9b383f49f7140808f8d52167d49516a,beleza_saude,health_beauty,909,21,27,11,146.73
c21442edfea14100bc0bffaee5b4b292,informatica_acessorios,computers_accessories,2138,27,20,34,113.28
652dcc34c1774cf3af49a3db41864bde,automotivo,auto,1018,25,29,35,84.16
9cfc627d27564ea78f0f1481a0c63368,telefonia,telephony,2304,38,32,28,74.11
ef306d6dbc264946a878a898e8d3f135,relogios_presentes,watches_gifts,2416,36,37,32,219.21
ad3b5b85078141e6b7686e655efa0a12,beleza_saude,health_beauty,560,24,8,23,162.41
6c094b9427224918bc19297642a8f767,brinquedos,toys,1497,40,22,21,112.63
06687f5c2ffc42dd8f5d1ff46769dce5,cool_stuff,cool_stuff,1877,31,21,18,145.52
37203e2159104a398a7b03cf598541be,cool_stuff,cool_stuff,3306,42,8,10,168.43
2a6ffdc0810d4edeb11b0730547f12b2,eletronicos,electronics,2214,24,28,25,85.92
52c305f1d14f4abc96d2d59a4748f7ee,brinquedos,toys,2104,24,17,30,109.06
284711d6cc9844f99d0ec81dfd26da3c,eletronicos,electronics,3027,36,25,24,111.87
f620e5bfe0574f04acedb979b7a2097b,telefonia,telephony,1241,32,12,33,80.81
58c8908fe3f1494e9b0f82520da7dabe,cool_stuff,cool_stuff,3086,53,26,25,122.43
ab9366c7ec314176ba79228934e6d1a9,telefonia,telephony,2223,32,24,38,58.51
ff8a61f4e350402ab2fc4f54763c5f47,beleza_saude,health_beauty,760,27,26,29,98.65
9817b17548354307996c885aafd331e4,beleza_saude,health_beauty,2105,17,13,24,110.63
629073a5c05c47dfb174ad12ec0b006b,automotivo,auto,2211,32,34,23,135.11
ee42325eb7ef4c559f98e1d97b21f582,automotivo,auto,2468,29,31,29,45.89
ccd79ee59d7e49e8a22046bcfb163d2c,utilidades_domesticas,housewares,2442,39,27,10,71.74
dddc49b8c61540d2819cbe1513db654e,beleza_saude,health_beauty,1029,21,33,24,128.72
06ed7fbbac1f4e1b90a3ee05ae0e6533,beleza_saude,health_beauty,1941,35,5,19,80.55
8d0739743df6426f9f1e500f2cec8df6,automotivo,auto,1820,27,20,10,127.61
757044226bf9449299da4b3cfde10492,ferramentas_jardim,garden_tools,2392,44,25,14,179.08
d0d6761daa21439086d527f4eb92f9bd,moveis_decoracao,furniture_decor,2079,28,5,32,130.39
6910f931c04c42a8b9d49486c954202c,automotivo,auto,1776,30,32,23,139.4
25eab96b4dfe413b86c8331f55a8ba5e,moveis_decoracao,furniture_decor,2762,23,26,23,109.87
5c0ec5cd3326490d864c1a55b20aa567,beleza_saude,health_beauty,1500,36,30,36,119.68
54a3cd417ffe480f8051789c1af450a4,automotivo,auto,710,26,10,23,126.33
e329fa8ff8a04c9cb606555291036bf9,bebes,baby,2081,10,14,19,171.55
2ad2ab4c48344ef98fc9337a6257b90b,ferramentas_jardim,garden_tools,608,32,18,33,155.85
fa4c7d70af3a489bb6bdee273452b40c,cool_stuff,cool_stuff,1596,24,5,26,188.87
92c02e9370c5430f9cec34b35767330e,utilidades_domesticas,housewares,240,17,22,27,65.19
2ab2b3c66590475ba3e6a4f2d9bfb58f,perfumaria,perfumery,1040,11,31,14,141.27
54988369efd948789e5c9d77b9168bb8,eletronicos,electronics,1472,42,13,25,47.54
70bf4774cd21447982769299a4307f4e,esporte_lazer,sports_leisure,100,35,5,23,145.34
53927d138d3b4eb1a77dfe7f0343adf7,cama_mesa_banho,bed_bath_table,2097,23,7,29,128.56
7c50d8e7e73741d3883c2e4bb440df9c,eletronicos,electronics,970,21,15,29,120.71
7ea0147cec9349059a9e64c63af2165e,cama_mesa_banho,bed_bath_table,508,15,38,23,101.32
9462bbe4cb3a4aa89c83dbbc29905455,automotivo,auto,946,34,27,27,209.63
0f85eeb4f15b40049d7f6afa4fda9789,esporte_lazer,sports_leisure,1238,27,21,28,121.84
e4afee0cd89d464c80f807ce618a3091,informatica_acessorios,computers_accessories,472,33,17,20,146.46
57f06d61e1af439dab396980d90b49fb,informatica_acessorios,computers_accessories,730,18,5,38,170.01
f66d3419cbf7404c8858e76b96126f4d,brinquedos,toys,1406,23,5,19,131.48
d2b6da4075574c7ca6273c85fe0ba0ce,automotivo,auto,2253,36,21,35,126.86
a3e643752b6d4db582ce5bea962d334b,moveis_decoracao,furniture_decor,2368,26,12,16,106.78
8e7f2bf174ab4aaf85da16b4ae95d686,bebes,baby,2027,22,11,30,141.48
c12b5a8b866a4613a9628cef4858a4f8,relogios_presentes,watches_gifts,2270,35,13,25,217.51
825412a0a4dd4c9c90a3ecfc22bb27a8,moveis_decoracao,furniture_decor,764,18,14,41,139.36
debbac77e2a64ea89158b88c7b66371f,perfumaria,perfumery,2486,25,27,32,153.58
5ceeb73d4fd54ed2a3fbc4a3c7abcb13,utilidades_domesticas,housewares,1810,43,23,38,52.6
